bbl,zip,bldg_no,street_name,street_suffix,boro,block,lot,multiple_dwelling_class,is_condo_coop,abatement_type,raw_flags,second_frontage
3001467501,11201,436,ALBEE,SQ,3,146,7501,A,0,,,
3002910045,11201,131,AMITY,ST,3,291,45,A,0,,,
3002960019,11201,138,AMITY,ST,3,296,19,A,0,,,
3002910040,11201,141,AMITY,ST,3,291,40,A,0,,,
3002910038,11201,145,AMITY,ST,3,291,38,A,0,,,
3002910037,11201,147,AMITY,ST,3,291,37,A,0,,,
3002910034,11201,153,AMITY,ST,3,291,34,B,0,,ROOMING HOUSE,
3002910033,11201,155,AMITY,ST,3,291,33,A,0,,,
3002970015,11201,174,AMITY,ST,3,297,15,A,0,,,
3002970016,11201,176,AMITY,ST,3,297,16,A,0,,,
3002920049,11201,177,AMITY,ST,3,292,49,A,1,,NON-EVICT COOP/CONDO,
3002920047,11201,181,AMITY,ST,3,292,47,A,0,,,
3002970019,11201,184,AMITY,ST,3,297,19,A,0,,,
3020610040,11201,122,ASHLAND,PL,3,2061,40,A,1,,NON-EVICT COOP/CONDO,
3002740016,11201,85,ATLANTIC,AVE,3,274,16,A,0,,,
3002840013,11201,88,ATLANTIC,AVE,3,284,13,A,0,,,
3002840015,11201,90,ATLANTIC,AVE,3,284,15,A,0,,,
3002740013,11201,93,ATLANTIC,AVE,3,274,13,A,0,,,
3002740011,11201,99,ATLANTIC,AVE,3,274,11,A,0,,,
3002850010,11201,120 TO 122,ATLANTIC,AVE,3,285,10,A,0,,,
3002850023,11201,148,ATLANTIC,AVE,3,285,23,A,0,,,
3002860008,11201,164 TO 168,ATLANTIC,AVE,3,286,8,A,0,J-51,J-51,
3002867505,11201,182 TO 200,ATLANTIC,AVE,3,286,7505,A,0,421-A (1-15),421-A (1-15),
3002760007,11201,189 TO 191,ATLANTIC,AVE,3,276,7,A,0,,,
3002780026,11201,224,ATLANTIC,AVE,3,278,26,A,0,,,
3001810022,11201,284,ATLANTIC,AVE,3,181,22,A,0,,,
3001810024,11201,288,ATLANTIC,AVE,3,181,24,A,0,,,
3001820006,11201,302,ATLANTIC,AVE,3,182,6,A,0,,,
3001820007,11201,304 TO 306,ATLANTIC,AVE,3,182,7,A,0,,,
3001760049,11201,307,ATLANTIC,AVE,3,176,49,A,0,421-A (1-15),421-A (1-15),
3001760041,11201,325 TO 327,ATLANTIC,AVE,3,176,41,A,0,,,
3003090013,11201,96,BALTIC,ST,3,309,13,A,0,,,
3003090014,11201,98,BALTIC,ST,3,309,14,A,0,,,
3003090019,11201,108,BALTIC,ST,3,309,19,A,0,,,
3003090020,11201,110,BALTIC,ST,3,309,20,A,0,,,
3003057501,11201,129 TO 135,BALTIC,ST,3,305,7501,A,1,,NON-EVICT COOP/CONDO,
3003107502,11201,134 TO 138,BALTIC,ST,3,310,7502,A,1,,NON-EVICT COOP/CONDO,
3003050034,11201,151,BALTIC,ST,3,305,34,A,0,,,
3003060029,11201,203,BALTIC,ST,3,306,29,A,0,,,
3003960053,11201,311,BALTIC,ST,3,396,53,A,0,,,
3003960051,11201,319,BALTIC,ST,3,396,51,A,0,,,
3004030023,11201,362,BALTIC,ST,3,403,23,A,0,,,
3004030026,11201,366,BALTIC,ST,3,403,26,B,0,,GARDEN COMPLEX,
3004030028,11201,368,BALTIC,ST,3,403,28,B,0,,,
3004030029,11201,370,BALTIC,ST,3,403,29,A,0,,,
3003977505,11201,375,BALTIC,ST,3,397,7505,A,0,,GARDEN COMPLEX,
3003977504,11201,377,BALTIC,ST,3,397,7504,A,0,,GARDEN COMPLEX,
3001930035,11201,57 TO 59,BERGEN,ST,3,193,35,A,0,,,
3001930031,11201,65 TO 67,BERGEN,ST,3,193,31,A,0,,,
3001940061,11201,95,BERGEN,ST,3,194,61,A,0,,,
3001940060,11201,97,BERGEN,ST,3,194,60,A,0,,,
3001940058,11201,101,BERGEN,ST,3,194,58,A,0,,,
3001940056,11201,105,BERGEN,ST,3,194,56,A,0,,,
3003850029,11201,122,BERGEN,ST,3,385,29,A,0,,,
3001530003,11201,1 TO 17,BOERUM,PL,3,153,3,A,0,421-A (16),421-A (16),342 FULTON ST
3001870005,11201,105,BOERUM,PL,3,187,5,B,0,,,
3001870004,11201,107,BOERUM,PL,3,187,4,B,0,,,
3001667502,11201,33,BOND,ST,3,166,7502,A,0,421-A (1-15),421-A (1-15),
3001527501,11201,388,BRIDGE,ST,3,152,7501,A,0,,,
3002450025,11201,15,BRIDGE PARK,DR,3,245,25,A,0,,PILOT,
3001197501,11201,22,CHAPEL,ST,3,119,7501,A,0,421-A (16),421-A (16),
3002340043,11201,12 TO 14,CLARK,ST,3,234,43,A,0,,,
3002350042,11201,32 TO 40,CLARK,ST,3,235,42,A,0,,,
3002300017,11201,35,CLARK,ST,3,230,17,A,1,,EVICT COOP/CONDO,116122 HICKS ST
3002360101,11201,50,CLARK,ST,3,236,101,A,0,,,
3002360103,11201,52 TO 58,CLARK,ST,3,236,103,A,0,,GARDEN COMPLEX,
3002360107,11201,60,CLARK,ST,3,236,107,A,0,,,
3002360108,11201,62,CLARK,ST,3,236,108,A,0,,,
3002360109,11201,64,CLARK,ST,3,236,109,A,0,,,
3002360110,11201,66,CLARK,ST,3,236,110,A,0,,,
3002360112,11201,70,CLARK,ST,3,236,112,A,1,,NON-EVICT COOP/CONDO,
3002380065,11201,40,CLINTON,ST,3,238,65,A,1,,NON-EVICT COOP/CONDO,
3002507501,11201,67 TO 85,CLINTON,ST,3,250,7501,A,0,J-51,J-51,
3002670027,11201,146 TO 148,CLINTON,ST,3,267,27,A,0,,GARDEN COMPLEX,1624 AITKEN PL
3002670028,11201,150,CLINTON,ST,3,267,28,A,0,,GARDEN COMPLEX,
3002670031,11201,156,CLINTON,ST,3,267,31,B,0,,,
3002760023,11201,169,CLINTON,ST,3,276,23,A,0,,,
3002670038,11201,170,CLINTON,ST,3,267,38,A,0,,,
3002670039,11201,172,CLINTON,ST,3,267,39,A,0,,,
3002760021,11201,173,CLINTON,ST,3,276,21,A,0,,,
3002750001,11201,186 TO 202,CLINTON,ST,3,275,1,A,0,,,
3002920007,11201,203,CLINTON,ST,3,292,7,A,0,,,
3002920002,11201,211,CLINTON,ST,3,292,2,A,0,,,
3002850029,11201,212,CLINTON,ST,3,285,29,A,0,,,
3002970003,11201,231,CLINTON,ST,3,297,3,A,0,,,
3003070006,11201,265,CLINTON,ST,3,307,6,A,0,,,
3003060024,11201,286,CLINTON,ST,3,306,24,A,0,,,
3003060025,11201,288,CLINTON,ST,3,306,25,A,0,,,
3003060026,11201,290,CLINTON,ST,3,306,26,A,0,,,
3003110027,11201,302,CLINTON,ST,3,311,27,A,0,,,
3002580017,11201,8 TO 12,COLUMBIA,PL,3,258,17,A,0,,,
3002590019,11201,19,COLUMBIA,PL,3,259,19,A,0,,,
3002580046,11201,38,COLUMBIA,PL,3,258,46,A,0,,,
3002580047,11201,40,COLUMBIA,PL,3,258,47,A,0,,,
3002580048,11201,42,COLUMBIA,PL,3,258,48,A,0,,,
3002590008,11201,43,COLUMBIA,PL,3,259,8,A,0,J-51,GARDEN COMPLEX J-51,
3003090001,11201,115,COLUMBIA,ST,3,309,1,A,0,,GARDEN COMPLEX,
3002340037,11201,141,COLUMBIA HTS,,3,234,37,A,0,,,
3002080216,11201,146,COLUMBIA HTS,,3,208,216,A,1,,NON-EVICT COOP/CONDO,
3002340035,11201,147,COLUMBIA HTS,,3,234,35,A,0,,,
3002080203,11201,150,COLUMBIA HTS,,3,208,203,A,0,,,
3002340033,11201,151,COLUMBIA HTS,,3,234,33,A,0,,,
3002347503,11201,167 TO 171,COLUMBIA HTS,,3,234,7503,B,1,,COOP/CONDO PLAN FILE,
3002340023,11201,173,COLUMBIA HTS,,3,234,23,A,0,,,
3002340015,11201,187,COLUMBIA HTS,,3,234,15,A,0,,,
3002080312,11201,200,COLUMBIA HTS,,3,208,312,A,0,,,
3002080308,11201,210,COLUMBIA HTS,,3,208,308,A,0,,,
3001070048,11201,127 TO 131,CONCORD,ST,3,107,48,A,0,421-A (16),GARDEN COMPLEX 421-A (16),
3001070047,11201,133,CONCORD,ST,3,107,47,A,0,,,
3002950040,11201,109,CONGRESS,ST,3,295,40,A,0,,,
3002960037,11201,167,CONGRESS,ST,3,296,37,A,0,,,
3002960033,11201,175,CONGRESS,ST,3,296,33,A,0,,,
3002960032,11201,177,CONGRESS,ST,3,296,32,A,0,,,
3002960029,11201,183,CONGRESS,ST,3,296,29,A,0,,,
3003020009,11201,198 TO 228,CONGRESS,ST,3,302,9,A,1,,NON-EVICT COOP/CONDO,
3002970033,11201,223,CONGRESS,ST,3,297,33,A,0,,,
3002657502,11201,54 TO 56,COURT,ST,3,265,7502,A,1,,COOP/CONDO PLAN FILE,
3002710018,11201,119,COURT,ST,3,271,18,A,0,421-A (1-15),421-A (1-15),183 STATE ST
3002777501,11201,125,COURT,ST,3,277,7501,A,0,421-A (1-15),421-A (1-15),211235 ATLANTIC AVE
3002780015,11201,145 TO 147,COURT,ST,3,278,15,A,0,,,
3002790021,11201,155,COURT,ST,3,279,21,A,0,,,
3002920032,11201,156,COURT,ST,3,292,32,A,0,,,
3002790020,11201,157,COURT,ST,3,279,20,A,0,,,
3002800022,11201,171,COURT,ST,3,280,22,A,0,,,
3003840007,11201,191,COURT,ST,3,384,7,A,0,,,
3003020037,11201,194,COURT,ST,3,302,37,A,0,,,
3003020039,11201,196,COURT,ST,3,302,39,A,0,,,
3003020040,11201,198,COURT,ST,3,302,40,A,0,,,
3003020041,11201,200,COURT,ST,3,302,41,A,0,,,
3003900005,11201,213,COURT,ST,3,390,5,A,0,,,
3003960002,11201,239,COURT,ST,3,396,2,B,0,,,
3003120032,11201,240,COURT,ST,3,312,32,A,0,,,
3002140023,11201,15,CRANBERRY,ST,3,214,23,A,1,,COOP/CONDO PLAN FILE,
3002210017,11201,66,CRANBERRY,ST,3,221,17,A,0,,,
3002210020,11201,80,CRANBERRY,ST,3,221,20,A,0,,,
3002800023,11201,2 TO 4,DEAN,ST,3,280,23,A,0,,,
3002800027,11201,16,DEAN,ST,3,280,27,A,0,,,
3001940033,11201,128,DEAN,ST,3,194,33,A,0,,,
3001497501,11201,7,DEKALB,AVE,3,149,7501,A,0,,,
3001497503,11201,9 TO 31,DEKALB,AVE,3,149,7503,A,0,421-A (16),421-A (16),4785 FLEET ST
3020940010,11201,74 TO 82,DEKALB,AVE,3,2094,10,A,0,421-A (1-15),421-A (1-15),
3001080019,11201,14,DUFFIELD,ST,3,108,19,A,0,421-A (16),GARDEN COMPLEX 421-A (16),
3001210015,11201,43,DUFFIELD,ST,3,121,15,A,0,,GARDEN COMPLEX,
3001210012,11201,49,DUFFIELD,ST,3,121,12,A,0,421-A (1-15),GARDEN COMPLEX 421-A (1-15),
3001460007,11201,237 TO 243,DUFFIELD,ST,3,146,7,A,0,,,
3001207503,11201,81 TO 95,FLATBUSH AVENUE EXT,,3,120,7503,A,0,,,
3020610110,11201,81,FLEET,PL,3,2061,110,A,0,421-A (1-15),ROOMING HOUSE 421-A (1-15),
3020617501,11201,86,FLEET,PL,3,2061,7501,A,0,421-A (1-15),421-A (1-15),
3000530009,11201,126,FRONT,ST,3,53,9,A,0,,,
3000410042,11201,177 TO 183,FRONT,ST,3,41,42,A,0,421-A (1-15),421-A (1-15),
3000410017,11201,195 TO 215,FRONT,ST,3,41,17,A,0,J-51,J-51,206220 WATER ST
3001617502,11201,540,FULTON,ST,3,161,7502,A,0,421-A (16),421-A (16),
3002610030,11201,8,GARDEN,PL,3,261,30,A,0,,,
3002620008,11201,49,GARDEN,PL,3,262,8,A,0,,,
3000420024,11201,68 TO 86,GOLD,ST,3,42,24,A,0,421-A (16),421-A (16),276 WATER ST
3000560003,11201,89 TO 107,GOLD,ST,3,56,3,A,0,,,
3000560002,11201,109,GOLD,ST,3,56,2,A,0,,,
3001220013,11201,235 TO 263,GOLD,ST,3,122,13,A,0,421-A (1-15),421-A (1-15),
3001210003,11201,248 TO 268,GOLD,ST,3,121,3,A,0,421-A (16),421-A (16),155 TILLARY ST
3001220005,11201,277,GOLD,ST,3,122,5,A,0,421-A (1-15),421-A (1-15),
3001340001,11201,309,GOLD,ST,3,134,1,A,0,421-A (1-15),421-A (1-15),
3020490002,11201,329 TO 345,GOLD,ST,3,2049,2,A,0,421-A (1-15),421-A (1-15),
3002520008,11201,2 TO 30,GRACE,CT,3,252,8,A,0,,,
3002510055,11201,19 TO 21,GRACE,CT,3,251,55,A,0,,,
3002160031,11201,46,HENRY,ST,3,216,31,B,0,,,
3002210027,11201,62,HENRY,ST,3,221,27,B,0,,,
3002260028,11201,84,HENRY,ST,3,226,28,A,0,,,
3002310001,11201,92 TO 106,HENRY,ST,3,231,1,B,0,,,51 CLARK ST
3002360116,11201,114 TO 116,HENRY,ST,3,236,116,A,0,,,
3002370037,11201,115,HENRY,ST,3,237,37,A,0,,GARDEN COMPLEX,
3002370036,11201,117,HENRY,ST,3,237,36,A,0,,,
3002370034,11201,121,HENRY,ST,3,237,34,A,0,,,
3002370029,11201,133,HENRY,ST,3,237,29,A,0,,,
3002360129,11201,140,HENRY,ST,3,236,129,A,0,,,
3002360130,11201,142,HENRY,ST,3,236,130,A,0,,,
3002360131,11201,144,HENRY,ST,3,236,131,A,0,,,
3002370020,11201,145,HENRY,ST,3,237,20,A,0,,,
3002360135,11201,152,HENRY,ST,3,236,135,A,0,,ROOMING HOUSE,
3002620038,11201,248,HENRY,ST,3,262,38,A,0,,,
3002620040,11201,252,HENRY,ST,3,262,40,A,0,,,
3002620042,11201,256,HENRY,ST,3,262,42,A,0,,,
3002620048,11201,268,HENRY,ST,3,262,48,A,0,,,
3002620050,11201,272,HENRY,ST,3,262,50,B,0,,,
3002630019,11201,277,HENRY,ST,3,263,19,A,0,,,
3002630018,11201,279,HENRY,ST,3,263,18,A,0,,GARDEN COMPLEX,
3002740042,11201,296,HENRY,ST,3,274,42,A,0,,,
3002840025,11201,316,HENRY,ST,3,284,25,A,0,,,
3002850004,11201,327,HENRY,ST,3,285,4,A,0,,,
3002100016,11201,42,HICKS,ST,3,210,16,A,0,,,
3002160009,11201,43,HICKS,ST,3,216,9,A,0,,,
3002100017,11201,44,HICKS,ST,3,210,17,A,0,,,
3002160006,11201,47,HICKS,ST,3,216,6,A,0,,,
3002260007,11201,85,HICKS,ST,3,226,7,A,0,,,
3002260004,11201,89,HICKS,ST,3,226,4,A,0,,GARDEN COMPLEX,
3002260003,11201,93,HICKS,ST,3,226,3,A,0,,,
3002300011,11201,104,HICKS,ST,3,230,11,A,0,,,
3002300012,11201,106,HICKS,ST,3,230,12,A,0,,,
3002310019,11201,111,HICKS,ST,3,231,19,A,1,,NON-EVICT COOP/CONDO,
3002350046,11201,136,HICKS,ST,3,235,46,A,0,,,
3002350056,11201,150,HICKS,ST,3,235,56,A,0,,,
3002350061,11201,158,HICKS,ST,3,235,61,A,0,,,
3002360083,11201,165,HICKS,ST,3,236,83,A,0,,,
3002360082,11201,167,HICKS,ST,3,236,82,A,0,,,
3002350066,11201,168,HICKS,ST,3,235,66,A,0,,,
3002420018,11201,195,HICKS,ST,3,242,18,A,0,,,
3002427501,11201,205,HICKS,ST,3,242,7501,A,1,,NON-EVICT COOP/CONDO,
3002470001,11201,222,HICKS,ST,3,247,1,A,0,,GARDEN COMPLEX,
3002610001,11201,315,HICKS,ST,3,261,1,A,0,,GARDEN COMPLEX,
3002740025,11201,317,HICKS,ST,3,274,25,A,0,,GARDEN COMPLEX,
3003047501,11201,414,HICKS,ST,3,304,7501,A,0,,SECTION 610 OF PHFL,
3003090022,11201,428,HICKS,ST,3,309,22,A,0,421-A (16),421-A (16),
3001657504,11201,35 TO 51,HOYT,ST,3,165,7504,A,0,421-A (16),421-A (16),210 LIVINGSTON ST
3000410007,11201,57,JAY,ST,3,41,7,A,0,,,178 WATER ST
3001470002,11201,365,JAY,ST,3,147,2,A,0,,GARDEN COMPLEX ARTICLES 14 & 15,
3002520047,11201,57,JORALEMON,ST,3,252,47,A,0,,,
3002610023,11201,80,JORALEMON,ST,3,261,23,A,0,,,
3002530014,11201,87,JORALEMON,ST,3,253,14,A,0,,,
3002530007,11201,99,JORALEMON,ST,3,253,7,A,0,,,
3002530006,11201,103,JORALEMON,ST,3,253,6,A,0,,,
3002530003,11201,109,JORALEMON,ST,3,253,3,A,0,,,
3002540015,11201,129,JORALEMON,ST,3,254,15,A,0,,,
3002540013,11201,131,JORALEMON,ST,3,254,13,A,0,,,
3002640013,11201,138,JORALEMON,ST,3,264,13,A,0,,,
3002540010,11201,139,JORALEMON,ST,3,254,10,A,0,,,
3002540006,11201,141,JORALEMON,ST,3,254,6,A,0,,,
3001480001,11201,107 TO 117,LAWRENCE,ST,3,148,1,A,0,421-A (1-15),421-A (1-15),
3001510034,11201,144,LAWRENCE,ST,3,151,34,A,0,,,
3001510035,11201,146 TO 148,LAWRENCE,ST,3,151,35,A,0,,,
3002680029,11201,34,LIVINGSTON,ST,3,268,29,A,0,,,
3002680036,11201,48,LIVINGSTON,ST,3,268,36,A,0,,,
3002680039,11201,54,LIVINGSTON,ST,3,268,39,A,0,,,
3002650006,11201,59,LIVINGSTON,ST,3,265,6,A,0,,,
3002680043,11201,64,LIVINGSTON,ST,3,268,43,A,0,,,
3002680044,11201,66,LIVINGSTON,ST,3,268,44,A,0,,,
3002660012,11201,85,LIVINGSTON,ST,3,266,12,A,1,,NON-EVICT COOP/CONDO,
3002690033,11201,86 TO 88,LIVINGSTON,ST,3,269,33,A,0,,,
3001640034,11201,204,LIVINGSTON,ST,3,164,34,A,0,,,
3001657501,11201,234 TO 238,LIVINGSTON,ST,3,165,7501,A,0,421-A (1-15),421-A (1-15),225 SCHERMERHORN ST
3002150008,11201,32,MIDDAGH,ST,3,215,8,A,0,,,
3002160019,11201,68,MIDDAGH,ST,3,216,19,A,0,,,
3002370051,11201,17,MONROE,PL,3,237,51,A,0,,,
3002380029,11201,20,MONROE,PL,3,238,29,A,0,,,
3002370054,11201,23 TO 25,MONROE,PL,3,237,54,A,0,,,
3002370058,11201,29,MONROE,PL,3,237,58,A,0,,,
3002380024,11201,30,MONROE,PL,3,238,24,A,0,,,
3002370060,11201,33,MONROE,PL,3,237,60,A,0,,,
3002380021,11201,34,MONROE,PL,3,238,21,A,0,,,
3002380020,11201,36,MONROE,PL,3,238,20,A,0,,,
3002080506,11201,6,MONTAGUE,TER,3,208,506,A,0,,,
3002470019,11201,7,MONTAGUE,TER,3,247,19,A,0,,,
3002470018,11201,9,MONTAGUE,TER,3,247,18,A,0,,,
3002410011,11201,63,MONTAGUE,ST,3,241,11,A,0,,,
3002410008,11201,65 TO 69,MONTAGUE,ST,3,241,8,A,0,,,
3002470027,11201,66,MONTAGUE,ST,3,247,27,A,1,,NON-EVICT COOP/CONDO,
3002470028,11201,68 TO 74,MONTAGUE,ST,3,247,28,A,0,,GARDEN COMPLEX,
3002420011,11201,107,MONTAGUE,ST,3,242,11,A,0,,,
3002480029,11201,110,MONTAGUE,ST,3,248,29,A,0,,,
3002420008,11201,111 TO 113,MONTAGUE,ST,3,242,8,A,0,,,
3002420006,11201,115 TO 117,MONTAGUE,ST,3,242,6,A,0,,,
3002480033,11201,118,MONTAGUE,ST,3,248,33,A,0,,,
3002420005,11201,119,MONTAGUE,ST,3,242,5,A,0,,,
3002480034,11201,120,MONTAGUE,ST,3,248,34,A,0,,,
3002490025,11201,128,MONTAGUE,ST,3,249,25,A,0,,,
3002490026,11201,130,MONTAGUE,ST,3,249,26,A,0,,,
3002430019,11201,137,MONTAGUE,ST,3,243,19,B,0,,,
3002430018,11201,139,MONTAGUE,ST,3,243,18,B,0,,,
3002430017,11201,141,MONTAGUE,ST,3,243,17,A,0,,,
3002430016,11201,143,MONTAGUE,ST,3,243,16,A,0,,,
3002490034,11201,146,MONTAGUE,ST,3,249,34,A,0,,,
3002430013,11201,147 TO 149,MONTAGUE,ST,3,243,13,A,0,,,
3002490038,11201,154,MONTAGUE,ST,3,249,38,A,0,J-51,J-51,
3002500039,11201,192 TO 200,MONTAGUE,ST,3,250,39,A,0,421-A (16),421-A (16),
3020617502,11201,180 TO 202,MYRTLE,AVE,3,2061,7502,A,0,421-A (1-15),421-A (1-15),
3020610101,11201,202 TO 218,MYRTLE,AVE,3,2061,101,A,0,421-A (1-15),421-A (1-15),
3001077501,11201,116 TO 132,NASSAU,ST,3,107,7501,A,0,421-A (1-15),421-A (1-15),111 CONCORD ST
3001080012,11201,172 TO 180,NASSAU,ST,3,108,12,A,0,421-A (1-15),421-A (1-15),
3000350012,11201,1 TO 5,OLD FULTON,ST,3,35,12,A,0,,ROOMING HOUSE,
3002200016,11201,35,ORANGE,ST,3,220,16,A,0,,,
3002790031,11201,222,PACIFIC,ST,3,279,31,A,0,,,
3002790032,11201,224,PACIFIC,ST,3,279,32,A,0,,,
3001870009,11201,246,PACIFIC,ST,3,187,9,A,0,,,
3001870012,11201,250,PACIFIC,ST,3,187,12,A,0,,,
3001810039,11201,251,PACIFIC,ST,3,181,39,A,1,,COOP/CONDO PLAN FILE,
3001810037,11201,255,PACIFIC,ST,3,181,37,A,0,,,
3001870014,11201,256,PACIFIC,ST,3,187,14,A,0,,,
3001870016,11201,260,PACIFIC,ST,3,187,16,A,0,,,
3001810031,11201,267,PACIFIC,ST,3,181,31,A,0,,,
3001820039,11201,317,PACIFIC,ST,3,182,39,A,0,,,
3002410020,11201,2,PIERREPONT,ST,3,241,20,A,0,,,
3002410022,11201,6,PIERREPONT,ST,3,241,22,A,0,,,
3002410025,11201,14,PIERREPONT,ST,3,241,25,A,0,,,
3002340005,11201,15,PIERREPONT,ST,3,234,5,A,0,,,
3002410028,11201,20,PIERREPONT,ST,3,241,28,A,1,,COOP/CONDO PLAN FILE,
3002340001,11201,25,PIERREPONT,ST,3,234,1,A,0,,,
3002350008,11201,27,PIERREPONT,ST,3,235,8,A,0,,,
3002410034,11201,32,PIERREPONT,ST,3,241,34,A,0,,,
3002420031,11201,70,PIERREPONT,ST,3,242,31,A,0,,,
3002360007,11201,75,PIERREPONT,ST,3,236,7,A,0,J-51,J-51,
3002420037,11201,82 TO 84,PIERREPONT,ST,3,242,37,A,0,,,
3002430027,11201,86,PIERREPONT,ST,3,243,27,A,0,,,
3002430029,11201,90,PIERREPONT,ST,3,243,29,A,0,,,
3002430032,11201,98,PIERREPONT,ST,3,243,32,A,0,,,
3002430043,11201,120,PIERREPONT,ST,3,243,43,A,0,,,
3002440026,11201,146 TO 150,PIERREPONT,ST,3,244,26,A,0,421-A (1-15),421-A (1-15),
3002260001,11201,43 TO 53,PINEAPPLE,ST,3,226,1,A,0,,,
3002260035,11201,59,PINEAPPLE,ST,3,226,35,A,1,,NON-EVICT COOP/CONDO,
3002260031,11201,71,PINEAPPLE,ST,3,226,31,A,0,,,
3002260030,11201,73,PINEAPPLE,ST,3,226,30,A,0,,,
3002260029,11201,75,PINEAPPLE,ST,3,226,29,A,0,,,
3001547501,11201,415 TO 433,RED HOOK,LN,3,154,7501,A,0,,,117 LIVINGSTON ST
3002510011,11201,12,REMSEN,ST,3,251,11,A,0,,,
3002510023,11201,32,REMSEN,ST,3,251,23,A,0,,,
3002470013,11201,33,REMSEN,ST,3,247,13,A,0,,GARDEN COMPLEX,
3002510024,11201,34,REMSEN,ST,3,251,24,A,0,,,
3002510029,11201,46,REMSEN,ST,3,251,29,A,0,,,
3002470005,11201,49,REMSEN,ST,3,247,5,A,0,,,
3002470004,11201,51,REMSEN,ST,3,247,4,A,0,,,
3002530068,11201,90,REMSEN,ST,3,253,68,A,0,,,
3002480001,11201,93,REMSEN,ST,3,248,1,A,0,,,
3002540062,11201,100,REMSEN,ST,3,254,62,A,1,,NON-EVICT COOP/CONDO,
3002540066,11201,110,REMSEN,ST,3,254,66,A,0,,,
3002540073,11201,124,REMSEN,ST,3,254,73,A,0,,,
3002540075,11201,128,REMSEN,ST,3,254,75,A,0,,,
3002540081,11201,142 TO 150,REMSEN,ST,3,254,81,A,0,,,
3002500019,11201,151,REMSEN,ST,3,250,19,A,0,,,
3002500016,11201,153,REMSEN,ST,3,250,16,A,0,,,
3000870009,11201,84 TO 92,SANDS,ST,3,87,9,A,0,,,160 JAY ST
3002680015,11201,11,SCHERMERHORN,ST,3,268,15,A,1,,NON-EVICT COOP/CONDO,
3002700034,11201,14,SCHERMERHORN,ST,3,270,34,A,0,,,
3002680010,11201,23,SCHERMERHORN,ST,3,268,10,A,0,,,
3002680004,11201,35,SCHERMERHORN,ST,3,268,4,A,0,,,
3002690016,11201,61 TO 65,SCHERMERHORN,ST,3,269,16,A,0,421-A (1-15),421-A (1-15),
3002710041,11201,82,SCHERMERHORN,ST,3,271,41,A,0,,,
3001700015,11201,160,SCHERMERHORN,ST,3,170,15,A,0,,ARTICLE 11,
3001640041,11201,193,SCHERMERHORN,ST,3,164,41,A,0,,,
3001710001,11201,194 TO 230,SCHERMERHORN,ST,3,171,1,A,0,421-A (1-15),421-A (1-15),
3002630044,11201,18,SIDNEY,PL,3,263,44,A,0,,GARDEN COMPLEX,
3002630045,11201,20,SIDNEY,PL,3,263,45,A,0,,,
3002630056,11201,40,SIDNEY,PL,3,263,56,A,0,,,
3002630057,11201,42,SIDNEY,PL,3,263,57,A,0,,,
3001820057,11201,103 TO 105,SMITH,ST,3,182,57,A,0,,,
3001870020,11201,110,SMITH,ST,3,187,20,A,0,,,
3001870024,11201,116,SMITH,ST,3,187,24,B,0,,,
3003840042,11201,150,SMITH,ST,3,384,42,A,0,,,
3003840043,11201,152,SMITH,ST,3,384,43,A,0,,,
3003840047,11201,160,SMITH,ST,3,384,47,A,0,,,
3004030002,11201,221,SMITH,ST,3,403,2,A,0,,,
3002740034,11201,84,STATE,ST,3,274,34,A,0,,,
3002740035,11201,90,STATE,ST,3,274,35,A,0,,,
3002740040,11201,98,STATE,ST,3,274,40,A,0,,,
3002630004,11201,101,STATE,ST,3,263,4,A,0,,,
3002750038,11201,134,STATE,ST,3,275,38,A,0,,,
3002760029,11201,168,STATE,ST,3,276,29,A,0,,,
3002760030,11201,170,STATE,ST,3,276,30,A,0,,,
3002760035,11201,182,STATE,ST,3,276,35,A,0,,,
3002760037,11201,186,STATE,ST,3,276,37,A,0,,,
3002760038,11201,188,STATE,ST,3,276,38,A,0,,,
3002710015,11201,193,STATE,ST,3,271,15,A,0,,,
3003020001,11201,189,WARREN,ST,3,302,1,A,0,,,
3003070017,11201,238,WARREN,ST,3,307,17,A,0,,,
3003900001,11201,245,WARREN,ST,3,390,1,A,0,,,
3003960010,11201,276,WARREN,ST,3,396,10,A,0,,,
3003960013,11201,280,WARREN,ST,3,396,13,B,0,,,
3003960016,11201,286,WARREN,ST,3,396,16,A,0,,,
3003910065,11201,325,WARREN,ST,3,391,65,A,0,,,
3003910064,11201,327,WARREN,ST,3,391,64,A,0,,,
3003910063,11201,329,WARREN,ST,3,391,63,A,0,,,
3000280005,11201,21 TO 29,WASHINGTON,ST,3,28,5,A,0,421-A (1-15),421-A (1-15),
3000510001,11201,81,WASHINGTON,ST,3,51,1,A,0,J-51,J-51,
3000367504,11201,60,WATER,ST,3,36,7504,A,0,421-A (1-15),421-A (1-15),
3000430024,11201,312,WATER,ST,3,43,24,A,0,,,
3001457502,11201,100 TO 106,WILLOUGHBY,ST,3,145,7502,A,0,421-A (1-15),421-A (1-15),206214 DUFFIELD ST
3020610080,11201,175,WILLOUGHBY,ST,3,2061,80,A,1,,NON-EVICT COOP/CONDO,
3020610060,11201,191,WILLOUGHBY,ST,3,2061,60,A,1,,NON-EVICT COOP/CONDO,
3020857502,11201,196,WILLOUGHBY,ST,3,2085,7502,A,0,421-A (1-15),421-A (1-15),
3002150003,11201,29,WILLOW,ST,3,215,3,A,0,,,
3002590051,11201,36,WILLOW,PL,3,259,51,A,0,,,
3002200003,11201,49,WILLOW,ST,3,220,3,A,0,,,
3002190015,11201,50,WILLOW,ST,3,219,15,A,0,,,
3002350036,11201,107,WILLOW,ST,3,235,36,A,0,,,
3002340050,11201,112,WILLOW,ST,3,234,50,A,0,,,
3002350028,11201,115,WILLOW,ST,3,235,28,A,1,,COOP/CONDO PLAN FILE,
3002340065,11201,140,WILLOW,ST,3,234,65,A,0,,,
3002350015,11201,149,WILLOW,ST,3,235,15,A,1,,NON-EVICT COOP/CONDO,
3003840072,11201,15 TO 19,WYCKOFF,ST,3,384,72,A,0,,,
3003900026,11201,40 TO 42,WYCKOFF,ST,3,390,26,A,0,,,
3003850064,11201,89,WYCKOFF,ST,3,385,64,A,0,,,
3003910019,11201,96,WYCKOFF,ST,3,391,19,A,0,,,
3003850057,11201,103,WYCKOFF,ST,3,385,57,A,0,,,
3003850054,11201,109,WYCKOFF,ST,3,385,54,A,0,,,
3000550045,11201,181,YORK,ST,3,55,45,A,0,,,
3047950001,11203,543,ALBANY,AVE,3,4795,1,A,0,421-A (16),GARDEN COMPLEX 421-A (16),
3047990038,11203,550,ALBANY,AVE,3,4799,38,B,0,,GARDEN COMPLEX,
3047990039,11203,552,ALBANY,AVE,3,4799,39,A,0,,,
3047990040,11203,556,ALBANY,AVE,3,4799,40,A,0,,,
3047990041,11203,558,ALBANY,AVE,3,4799,41,B,0,,,
3048040035,11203,570,ALBANY,AVE,3,4804,35,A,0,,,
3048130001,11203,593 TO 615,ALBANY,AVE,3,4813,1,A,0,,,701 FENIMORE ST
3048120001,11203,600,ALBANY,AVE,3,4812,1,A,0,,SECTION 610 OF PHFL,
3048180001,11203,639,ALBANY,AVE,3,4818,1,A,0,,,
3048230001,11203,647,ALBANY,AVE,3,4823,1,A,0,,,
3048290004,11203,690,ALBANY,AVE,3,4829,4,A,0,,,
3048290003,11203,738,ALBANY,AVE,3,4829,3,A,0,,GARDEN COMPLEX,
3048610020,11203,824,ALBANY,AVE,3,4861,20,A,0,,,
3048780042,11203,903,ALBANY,AVE,3,4878,42,A,0,,,
3048770031,11203,904,ALBANY,AVE,3,4877,31,A,0,,,
3049530039,11203,3613,AVENUE D,,3,4953,39,B,0,,GARDEN COMPLEX,
3079300001,11203,5532 TO 5544,AVENUE D,,3,7930,1,A,0,,GARDEN COMPLEX,
3047390033,11203,5421,BEVERLEY,RD,3,4739,33,A,0,,,
3048110201,11203,651 TO 667,BROOKLYN,AVE,3,4811,201,A,0,,,
3048200017,11203,652 TO 668,BROOKLYN,AVE,3,4820,17,A,0,,,
3048570011,11203,823,BROOKLYN,AVE,3,4857,11,A,0,,GARDEN COMPLEX,
3048720032,11203,916,BROOKLYN,AVE,3,4872,32,A,0,,,
3049700067,11203,1349 TO 1353,BROOKLYN,AVE,3,4970,67,A,0,421-A (16),GARDEN COMPLEX 421-A (16),
3048700037,11203,3311 TO 3323,CHURCH,AVE,3,4870,37,A,0,,,
3048720040,11203,3507,CHURCH,AVE,3,4872,40,A,0,,,
3048720039,11203,3511,CHURCH,AVE,3,4872,39,A,0,,,
3048890010,11203,3524,CHURCH,AVE,3,4889,10,A,0,,,936 BROOKLYN AVE
3048810034,11203,4411,CHURCH,AVE,3,4881,34,A,0,,,
3046730035,11203,4721,CHURCH,AVE,3,4673,35,A,0,421-A (16),421-A (16),
3049510006,11203,3420,CLARENDON,RD,3,4951,6,A,0,,GARDEN COMPLEX,
3047630039,11203,5201,CLARENDON,RD,3,4763,39,A,0,,,
3048510001,11203,740,CLARKSON,AVE,3,4851,1,A,0,,,
3046200035,11203,829 TO 839,CLARKSON,AVE,3,4620,35,A,0,,,
3049340021,11203,3424,CORTELYOU,RD,3,4934,21,A,0,,,
3048710052,11203,189 TO 209,E 34TH,ST,3,4871,52,A,0,,,
3048700022,11203,212,E 34TH,ST,3,4870,22,A,0,,,
3048880001,11203,245,E 34TH,ST,3,4888,1,A,0,,,
3048880038,11203,305,E 34TH,ST,3,4888,38,A,0,,,
3049050072,11203,333,E 34TH,ST,3,4905,72,A,0,,,
3049050071,11203,335,E 34TH,ST,3,4905,71,A,0,,GARDEN COMPLEX,
3049050062,11203,357,E 34TH,ST,3,4905,62,B,0,,,
3049180012,11203,414,E 34TH,ST,3,4918,12,B,0,,GARDEN COMPLEX,
3049180014,11203,422,E 34TH,ST,3,4918,14,A,0,,,
3049180021,11203,436,E 34TH,ST,3,4918,21,A,0,,,
3049180023,11203,442,E 34TH,ST,3,4918,23,A,0,,GARDEN COMPLEX,
3049180025,11203,450,E 34TH,ST,3,4918,25,A,0,,,
3049680038,11203,667 TO 691,E 34TH,ST,3,4968,38,A,0,,,
3048880025,11203,220,E 35TH,ST,3,4888,25,A,0,,,
3049050017,11203,282,E 35TH,ST,3,4905,17,A,1,,NON-EVICT COOP/CONDO,
3049060065,11203,285,E 35TH,ST,3,4906,65,A,1,,NON-EVICT COOP/CONDO,
3049680050,11203,626,E 35TH,ST,3,4968,50,A,0,,,
3048910001,11203,249,E 37TH,ST,3,4891,1,A,0,J-51,J-51,
3048900007,11203,256,E 37TH,ST,3,4890,7,B,0,,GARDEN COMPLEX,
3048740032,11203,228,E 38TH,ST,3,4874,32,A,0,,,
3048910006,11203,250,E 38TH,ST,3,4891,6,A,0,,,
3048600038,11203,159,E 39TH,ST,3,4860,38,A,0,,,
3048750025,11203,216,E 39TH,ST,3,4875,25,A,0,,,
3048760043,11203,233,E 39TH,ST,3,4876,43,A,0,,,
3048930012,11203,192,E 40TH,ST,3,4893,12,A,0,,,
3048960003,11203,191,E 42ND,ST,3,4896,3,A,0,,,4202 CHURCH AVE
3048640038,11203,85,E 43RD,ST,3,4864,38,A,0,,,
3048500035,11203,259,E 45TH,ST,3,4850,35,A,0,,,
3048810012,11203,352,E 45TH,ST,3,4881,12,A,0,,,
3048820059,11203,367,E 45TH,ST,3,4882,59,A,0,J-51,J-51,
3048820050,11203,389,E 45TH,ST,3,4882,50,A,0,,GARDEN COMPLEX,
3048990053,11203,447,E 45TH,ST,3,4899,53,A,0,,,
3048990047,11203,459,E 45TH,ST,3,4899,47,A,0,,,
3048990046,11203,463,E 45TH,ST,3,4899,46,A,0,,,
3048990041,11203,471,E 45TH,ST,3,4899,41,A,0,,,
3048260077,11203,91,E 46TH,ST,3,4826,77,A,0,,,
3048260076,11203,93,E 46TH,ST,3,4826,76,A,0,,,
3048510036,11203,257,E 46TH,ST,3,4851,36,A,0,,,
3048510035,11203,259,E 46TH,ST,3,4851,35,A,0,,,
3048660015,11203,302,E 46TH,ST,3,4866,15,B,0,,,
3048670039,11203,319,E 46TH,ST,3,4867,39,A,0,,,
3048670038,11203,323,E 46TH,ST,3,4867,38,A,0,,,
3048830056,11203,377,E 46TH,ST,3,4883,56,A,0,,,
3048830054,11203,381,E 46TH,ST,3,4883,54,A,0,,GARDEN COMPLEX,
3048830053,11203,385,E 46TH,ST,3,4883,53,A,0,421-A (1-15),421-A (1-15),
3048990008,11203,428,E 46TH,ST,3,4899,8,A,0,,,
3049630044,11203,787,E 46TH,ST,3,4963,44,A,0,,,
3046740060,11203,367,E 48TH,ST,3,4674,60,A,0,,,
3046740052,11203,387,E 48TH,ST,3,4674,52,A,0,,,
3046740051,11203,389,E 48TH,ST,3,4674,51,B,0,,,
3046740045,11203,401 TO 403,E 48TH,ST,3,4674,45,A,0,,,
3046730033,11203,402 TO 404,E 48TH,ST,3,4673,33,A,0,,,
3046950019,11203,448,E 48TH,ST,3,4695,19,B,0,,,
3046950021,11203,450,E 48TH,ST,3,4695,21,A,0,,,
3046950022,11203,454,E 48TH,ST,3,4695,22,A,0,,,
3046950031,11203,472,E 48TH,ST,3,4695,31,A,0,,,
3047190020,11203,516,E 48TH,ST,3,4719,20,A,0,,,
3046740017,11203,364,E 49TH,ST,3,4674,17,B,0,,,
3046740021,11203,374 TO 384,E 49TH,ST,3,4674,21,A,0,,,
3046750045,11203,397 TO 405,E 49TH,ST,3,4675,45,A,0,,,
3047200015,11203,504,E 49TH,ST,3,4720,15,A,0,,,
3047200016,11203,508,E 49TH,ST,3,4720,16,A,0,,,
3047800001,11203,793 TO 803,E 49TH,ST,3,4780,1,B,0,,,
3045920044,11203,17,E 51ST,ST,3,4592,44,A,0,421-G,421-G,
3045920042,11203,21,E 51ST,ST,3,4592,42,A,0,,GARDEN COMPLEX,
3045920041,11203,23,E 51ST,ST,3,4592,41,A,0,,GARDEN COMPLEX,
3045920040,11203,25,E 51ST,ST,3,4592,40,A,0,421-G,421-G,
3045920039,11203,27,E 51ST,ST,3,4592,39,A,0,,,
3045920129,11203,51,E 51ST,ST,3,4592,129,A,0,421-A (1-15),421-A (1-15),
3045920029,11203,53,E 51ST,ST,3,4592,29,A,0,421-A (1-15),421-A (1-15),
3046210001,11203,155 TO 167,E 51ST,ST,3,4621,1,A,0,,,
3046200013,11203,170,E 51ST,ST,3,4620,13,A,0,,,
3046200030,11203,210,E 51ST,ST,3,4620,30,A,0,,,
3046380040,11203,239,E 51ST,ST,3,4638,40,A,0,,,
3046370014,11203,240,E 51ST,ST,3,4637,14,A,0,,,
3046370015,11203,242,E 51ST,ST,3,4637,15,A,0,,GARDEN COMPLEX,
3046380039,11203,243,E 51ST,ST,3,4638,39,A,0,,,
3046370016,11203,246,E 51ST,ST,3,4637,16,A,0,,,
3046380037,11203,247,E 51ST,ST,3,4638,37,A,0,,,
3046370017,11203,248,E 51ST,ST,3,4637,17,A,0,,,
3046380036,11203,249,E 51ST,ST,3,4638,36,A,0,,GARDEN COMPLEX,
3046560012,11203,282,E 51ST,ST,3,4656,12,A,0,,,
3046760009,11203,344,E 51ST,ST,3,4676,9,A,0,,,
3046760010,11203,348,E 51ST,ST,3,4676,10,A,0,,,
3046760011,11203,350,E 51ST,ST,3,4676,11,B,0,,,
3046760026,11203,386,E 51ST,ST,3,4676,26,A,0,,ROOMING HOUSE,
3046980018,11203,412,E 51ST,ST,3,4698,18,A,0,,,
3046980037,11203,458,E 51ST,ST,3,4698,37,A,0,,,
3047220013,11203,486,E 51ST,ST,3,4722,13,B,0,,,
3047220015,11203,490,E 51ST,ST,3,4722,15,A,0,,GARDEN COMPLEX,
3047220027,11203,518,E 51ST,ST,3,4722,27,A,0,,,
3046050016,11203,48,E 52ND,ST,3,4605,16,A,0,,,
3046050018,11203,52,E 52ND,ST,3,4605,18,A,0,,GARDEN COMPLEX,
3046050019,11203,54,E 52ND,ST,3,4605,19,A,0,,,
3046050024,11203,66,E 52ND,ST,3,4605,24,A,0,,,
3046050034,11203,90,E 52ND,ST,3,4605,34,B,0,,,
3046050036,11203,94,E 52ND,ST,3,4605,36,A,0,,,
3046050037,11203,98,E 52ND,ST,3,4605,37,B,0,,,
3046050038,11203,102,E 52ND,ST,3,4605,38,A,0,,,
3046210013,11203,128,E 52ND,ST,3,4621,13,A,0,,,
3046210021,11203,146,E 52ND,ST,3,4621,21,A,0,,,
3046220036,11203,175,E 52ND,ST,3,4622,36,A,0,,,
3046210031,11203,180,E 52ND,ST,3,4621,31,A,0,J-51,J-51,
3046380010,11203,190,E 52ND,ST,3,4638,10,A,0,,,
3046390041,11203,193,E 52ND,ST,3,4639,41,A,0,,,
3046390039,11203,201,E 52ND,ST,3,4639,39,A,0,,,
3046580001,11203,229,E 52ND,ST,3,4658,1,A,0,,,
3046770019,11203,320,E 52ND,ST,3,4677,19,A,0,,,
3046770027,11203,336,E 52ND,ST,3,4677,27,A,0,,,
3047000059,11203,383 TO 385,E 52ND,ST,3,4700,59,A,0,,,
3047000042,11203,417,E 52ND,ST,3,4700,42,A,0,,,
3046990034,11203,418,E 52ND,ST,3,4699,34,A,0,,,
3047230019,11203,462,E 52ND,ST,3,4723,19,A,0,,,
3047230021,11203,468,E 52ND,ST,3,4723,21,A,0,,,
3047230030,11203,486,E 52ND,ST,3,4723,30,A,0,,,
3047240040,11203,491,E 52ND,ST,3,4724,40,A,0,,,
3046070031,11203,61,E 53RD,ST,3,4607,31,A,0,421-A (16),421-A (16),
3046220014,11203,92,E 53RD,ST,3,4622,14,A,0,,,
3046220022,11203,110,E 53RD,ST,3,4622,22,A,0,421-A (16),421-A (16),
3046220024,11203,114,E 53RD,ST,3,4622,24,A,0,,,
3046220029,11203,126 TO 138,E 53RD,ST,3,4622,29,A,0,,,
3046400001,11203,139,E 53RD,ST,3,4640,1,A,0,,,
3046590049,11203,199,E 53RD,ST,3,4659,49,A,0,,,
3046790054,11203,281 TO 293,E 53RD,ST,3,4679,54,A,0,J-51,J-51,
3046780026,11203,290,E 53RD,ST,3,4678,26,A,0,421-A (1-15),421-A (1-15),
3047010061,11203,339,E 53RD,ST,3,4701,61,A,0,,GARDEN COMPLEX,
3047010060,11203,343,E 53RD,ST,3,4701,60,A,0,,GARDEN COMPLEX,
3047010059,11203,345,E 53RD,ST,3,4701,59,A,0,,,
3047000025,11203,354,E 53RD,ST,3,4700,25,A,0,,,
3046240038,11203,91,E 54TH,ST,3,4624,38,A,0,,,925 CLARKSON AVE
3046400009,11203,96,E 54TH,ST,3,4640,9,A,0,,,
3046600001,11203,141,E 54TH,ST,3,4660,1,A,0,,,
3046590012,11203,156,E 54TH,ST,3,4659,12,A,0,,,
3046600040,11203,175,E 54TH,ST,3,4660,40,B,0,,,
3046600039,11203,179,E 54TH,ST,3,4660,39,B,0,,ROOMING HOUSE,
3047020057,11203,299,E 54TH,ST,3,4702,57,A,0,,,
3047020055,11203,307,E 54TH,ST,3,4702,55,A,0,,,
3047020053,11203,315,E 54TH,ST,3,4702,53,A,0,,,
3047010036,11203,332,E 54TH,ST,3,4701,36,A,0,,,
3047250009,11203,354,E 54TH,ST,3,4725,9,A,0,,,
3047260045,11203,407,E 54TH,ST,3,4726,45,A,0,,GARDEN COMPLEX,
3047260044,11203,411,E 54TH,ST,3,4726,44,A,0,,GARDEN COMPLEX,
3047260039,11203,415,E 54TH,ST,3,4726,39,A,0,,,
3046410006,11203,60,E 55TH,ST,3,4641,6,A,0,,,
3046600019,11203,138,E 55TH,ST,3,4660,19,A,0,,,
3046600021,11203,142,E 55TH,ST,3,4660,21,A,0,,,
3046600022,11203,146,E 55TH,ST,3,4660,22,A,0,,,
3046810063,11203,191,E 55TH,ST,3,4681,63,A,0,,,
3047020021,11203,262,E 55TH,ST,3,4702,21,A,0,,,
3046620039,11203,107,E 56TH,ST,3,4662,39,A,0,,,
3047040051,11203,241 TO 243,E 56TH,ST,3,4704,51,A,0,,,
3047030036,11203,254,E 56TH,ST,3,4703,36,A,0,,,
3047270016,11203,290 TO 294,E 56TH,ST,3,4727,16,A,0,,,
3047070023,11203,101,E 59TH,ST,3,4707,23,A,0,,GARDEN COMPLEX,
3047070022,11203,103,E 59TH,ST,3,4707,22,A,0,,,
3047070019,11203,109,E 59TH,ST,3,4707,19,A,0,,GARDEN COMPLEX,
3047060059,11203,130,E 59TH,ST,3,4706,59,A,0,,GARDEN COMPLEX,
3047060061,11203,134,E 59TH,ST,3,4706,61,A,0,,GARDEN COMPLEX,
3047940020,11203,630,E NEW YORK,AVE,3,4794,20,A,0,421-A (1-15),421-A (1-15),
3048060077,11203,824,E NEW YORK,AVE,3,4806,77,A,0,421-A (16),421-A (16),
3014290052,11203,827,E NEW YORK,AVE,3,1429,52,A,0,,,
3014290051,11203,829,E NEW YORK,AVE,3,1429,51,A,0,,,
3014290050,11203,831,E NEW YORK,AVE,3,1429,50,A,0,,,
3045880083,11203,918 TO 920,E NEW YORK,AVE,3,4588,83,A,0,421-A (1-15),GARDEN COMPLEX 421-A (1-15),
3048130055,11203,735,FENIMORE,ST,3,4813,55,A,0,421-A (16),421-A (16),
3048130054,11203,737,FENIMORE,ST,3,4813,54,A,0,,,
3048130053,11203,739,FENIMORE,ST,3,4813,53,A,0,421-A (16),421-A (16),
3048130052,11203,741,FENIMORE,ST,3,4813,52,A,0,421-A (16),421-A (16),
3048130035,11203,755,FENIMORE,ST,3,4813,35,A,0,,,
3047750041,11203,5455,KINGS,HWY,3,4775,41,A,0,,,
3047050022,11203,5735 TO 5737,KINGS,HWY,3,4705,22,A,0,,,165171 E 58TH ST
3048040001,11203,555,KINGSTON,AVE,3,4804,1,A,0,,,
3048030043,11203,558A,KINGSTON,AVE,3,4803,43,A,0,421-A (1-15),GARDEN COMPLEX 421-A (1-15),
3013330006,11203,558 TO 568,LEFFERTS,AVE,3,1333,6,A,0,,,
3013330013,11203,570,LEFFERTS,AVE,3,1333,13,A,0,,,
3013260045,11203,621,LEFFERTS,AVE,3,1326,45,A,0,,,
3014280032,11203,706,LEFFERTS,AVE,3,1428,32,A,0,,,
3014297507,11203,742,LEFFERTS,AVE,3,1429,7507,A,0,421-A (1-15),421-A (1-15),
3014290017,11203,750,LEFFERTS,AVE,3,1429,17,A,0,,,
3048570029,11203,460,LENOX,RD,3,4857,29,A,0,,,
3046360032,11203,763,LENOX,RD,3,4636,32,A,0,,,
3046370028,11203,783 TO 793,LENOX,RD,3,4637,28,A,0,,,
3046380025,11203,823,LENOX,RD,3,4638,25,A,0,,,
3046380024,11203,825,LENOX,RD,3,4638,24,A,0,,,
3046380023,11203,829,LENOX,RD,3,4638,23,A,0,,GARDEN COMPLEX,
3046590009,11203,874,LENOX,RD,3,4659,9,B,0,,,
3046590010,11203,878,LENOX,RD,3,4659,10,A,0,421-A (1-15),421-A (1-15),
3046410028,11203,879,LENOX,RD,3,4641,28,A,0,,,
3046420029,11203,903 TO 915,LENOX,RD,3,4642,29,A,0,,,
3048540051,11203,353,LINDEN,BLVD,3,4854,51,A,0,,,
3048710001,11203,362 TO 372,LINDEN,BLVD,3,4871,1,A,0,,,
3048550001,11203,363,LINDEN,BLVD,3,4855,1,A,0,,,
3048550056,11203,369,LINDEN,BLVD,3,4855,56,A,0,,,
3048570049,11203,427 TO 433,LINDEN,BLVD,3,4857,49,A,0,,,
3048740009,11203,456 TO 458,LINDEN,BLVD,3,4874,9,A,0,,,
3048590035,11203,459 TO 461,LINDEN,BLVD,3,4859,35,A,0,,,
3048600031,11203,483,LINDEN,BLVD,3,4860,31,A,0,,,
3048600027,11203,497,LINDEN,BLVD,3,4860,27,A,0,,,
3048610027,11203,527,LINDEN,BLVD,3,4861,27,A,0,,,
3048780009,11203,552,LINDEN,BLVD,3,4878,9,A,0,,,
3046530033,11203,675,LINDEN,BLVD,3,4653,33,A,0,,,
3046530027,11203,691,LINDEN,BLVD,3,4653,27,A,0,,,
3046540034,11203,699 TO 701,LINDEN,BLVD,3,4654,34,A,0,,,
3046740005,11203,710,LINDEN,BLVD,3,4674,5,A,0,,,
3046740009,11203,720 TO 722,LINDEN,BLVD,3,4674,9,A,0,,,
3046750001,11203,730,LINDEN,BLVD,3,4675,1,B,0,,,
3046760007,11203,768,LINDEN,BLVD,3,4676,7,B,0,,,
3046770006,11203,784,LINDEN,BLVD,3,4677,6,A,0,,,
3046580036,11203,795,LINDEN,BLVD,3,4658,36,A,0,,,
3046790001,11203,820,LINDEN,BLVD,3,4679,1,A,0,,,
3046790006,11203,832 TO 842,LINDEN,BLVD,3,4679,6,A,0,,,
3046800004,11203,852 TO 854,LINDEN,BLVD,3,4680,4,A,0,,,
3047940078,11203,545,MAPLE,ST,3,4794,78,A,0,,,
3047940077,11203,547 TO 549,MAPLE,ST,3,4794,77,A,0,,,
3047990010,11203,550,MAPLE,ST,3,4799,10,A,0,,,
3047990017,11203,572,MAPLE,ST,3,4799,17,A,0,,,
3047990018,11203,574,MAPLE,ST,3,4799,18,A,0,,GARDEN COMPLEX,
3047990020,11203,580,MAPLE,ST,3,4799,20,A,0,,GARDEN COMPLEX,
3047990024,11203,590,MAPLE,ST,3,4799,24,A,0,,,
3047990025,11203,592,MAPLE,ST,3,4799,25,A,0,,GARDEN COMPLEX,
3047990026,11203,596,MAPLE,ST,3,4799,26,A,0,,,
3047990027,11203,598,MAPLE,ST,3,4799,27,A,0,,,
3047990028,11203,602,MAPLE,ST,3,4799,28,A,0,,,
3047990029,11203,604,MAPLE,ST,3,4799,29,A,0,,,
3047990030,11203,608,MAPLE,ST,3,4799,30,A,0,,,
3047990036,11203,620,MAPLE,ST,3,4799,36,A,0,,,
3048000019,11203,656,MAPLE,ST,3,4800,19,A,0,421-A (1-15),421-A (1-15),
3048000018,11203,658,MAPLE,ST,3,4800,18,A,0,421-A (1-15),421-A (1-15),
3048040006,11203,546,MIDWOOD,ST,3,4804,6,A,0,,,
3048050010,11203,632,MIDWOOD,ST,3,4805,10,A,0,421-A (1-15),421-A (1-15),
3048050014,11203,648,MIDWOOD,ST,3,4805,14,A,0,421-A (16),421-A (16),
3048020001,11203,595,NEW YORK,AVE,3,4802,1,A,0,421-A (16),421-A (16),
3048197501,11203,664 TO 688,NEW YORK,AVE,3,4819,7501,A,0,421-A (16),421-A (16),383 WINTHROP ST
3048200001,11203,665,NEW YORK,AVE,3,4820,1,A,0,,,
3048370052,11203,770,NEW YORK,AVE,3,4837,52,A,0,,,
3048370065,11203,782,NEW YORK,AVE,3,4837,65,A,0,421-A (16),421-A (16),
3048530060,11203,828,NEW YORK,AVE,3,4853,60,A,0,421-A (16),421-A (16),
3048530064,11203,840,NEW YORK,AVE,3,4853,64,A,0,421-A (16),GARDEN COMPLEX 421-A (16),
3048700043,11203,903,NEW YORK,AVE,3,4870,43,A,0,,,
3048870061,11203,933,NEW YORK,AVE,3,4887,61,A,0,,,
3048860018,11203,948,NEW YORK,AVE,3,4886,18,A,0,421-A (16),421-A (16),
3048860027,11203,968,NEW YORK,AVE,3,4886,27,B,0,,,
3048860028,11203,972,NEW YORK,AVE,3,4886,28,A,0,,,
3048860029,11203,974,NEW YORK,AVE,3,4886,29,A,0,,,
3049030009,11203,998,NEW YORK,AVE,3,4903,9,A,0,421-A (1-15),GARDEN COMPLEX 421-A (1-15),
3049030015,11203,1018,NEW YORK,AVE,3,4903,15,A,0,,,
3049030016,11203,1020,NEW YORK,AVE,3,4903,16,A,0,,,
3049030017,11203,1022,NEW YORK,AVE,3,4903,17,A,0,,,
3049030020,11203,1028,NEW YORK,AVE,3,4903,20,A,0,,,
3049170006,11203,1076 TO 1084,NEW YORK,AVE,3,4917,6,A,0,,,
3049180058,11203,1077,NEW YORK,AVE,3,4918,58,A,0,,,
3049170015,11203,1094,NEW YORK,AVE,3,4917,15,A,0,,,
3049170022,11203,1114,NEW YORK,AVE,3,4917,22,A,0,,,
3049170026,11203,1122 TO 1140,NEW YORK,AVE,3,4917,26,A,0,,,
3049330001,11203,1151,NEW YORK,AVE,3,4933,1,A,0,,,
3049330054,11203,1181,NEW YORK,AVE,3,4933,54,A,0,421-A (16),GARDEN COMPLEX 421-A (16),
3049330053,11203,1183,NEW YORK,AVE,3,4933,53,A,0,421-A (16),GARDEN COMPLEX 421-A (16),
3049490021,11203,1244,NEW YORK,AVE,3,4949,21,A,0,421-A (16),421-A (16),
3049490024,11203,1248,NEW YORK,AVE,3,4949,24,A,0,421-A (16),GARDEN COMPLEX 421-A (16),
3049490025,11203,1250,NEW YORK,AVE,3,4949,25,A,0,421-A (16),GARDEN COMPLEX 421-A (16),
3049490031,11203,1270,NEW YORK,AVE,3,4949,31,A,0,421-A (16),GARDEN COMPLEX 421-A (16),
3049490035,11203,1286,NEW YORK,AVE,3,4949,35,A,0,421-A (16),421-A (16),
3049490041,11203,1296,NEW YORK,AVE,3,4949,41,A,0,421-A (16),421-A (16),
3049490042,11203,1298,NEW YORK,AVE,3,4949,42,A,0,421-A (16),421-A (16),
3049660009,11203,1304 TO 1316,NEW YORK,AVE,3,4966,9,A,0,,,
3049670031,11203,1317,NEW YORK,AVE,3,4967,31,A,0,421-A (1-15),GARDEN COMPLEX 421-A (1-15),
3049670025,11203,3301 TO 3307,NEWKIRK,AVE,3,4967,25,A,0,421-A (16),GARDEN COMPLEX 421-A (16),
3049680025,11203,3405,NEWKIRK,AVE,3,4968,25,A,0,,,
3049680044,11203,3420,NEWKIRK,AVE,3,4968,44,A,0,,,
3049690036,11203,3506,NEWKIRK,AVE,3,4969,36,A,0,,,
3049690018,11203,3519,NEWKIRK,AVE,3,4969,18,A,0,421-A (1-15),421-A (1-15),
3049690043,11203,3520,NEWKIRK,AVE,3,4969,43,B,0,,,
3048100018,11203,422,RUTLAND,RD,3,4810,18,A,0,421-A (16),421-A (16),
3048030070,11203,483,RUTLAND,RD,3,4803,70,A,0,421-A (1-15),421-A (1-15),
3048030069,11203,487,RUTLAND,RD,3,4803,69,A,0,421-A (1-15),421-A (1-15),
3048040040,11203,621 TO 631,RUTLAND,RD,3,4804,40,A,0,,,584592 ALBANY AVE
3048130011,11203,646,RUTLAND,RD,3,4813,11,A,0,,,
3048050069,11203,647,RUTLAND,RD,3,4805,69,A,0,,GARDEN COMPLEX,
3048050068,11203,649,RUTLAND,RD,3,4805,68,A,0,,GARDEN COMPLEX,
3048050065,11203,651,RUTLAND,RD,3,4805,65,B,0,,GARDEN COMPLEX,
3048130019,11203,664,RUTLAND,RD,3,4813,19,A,0,421-A (16),421-A (16),
3048130020,11203,668,RUTLAND,RD,3,4813,20,A,0,421-A (16),421-A (16),
3014290032,11203,434 TO 456,SCHENECTADY,AVE,3,1429,32,A,0,,,
3014300001,11203,455,SCHENECTADY,AVE,3,1430,1,A,0,,,
3045880001,11203,457,SCHENECTADY,AVE,3,4588,1,A,0,,,
3048510017,11203,730,SCHENECTADY,AVE,3,4851,17,A,0,,,
3048510019,11203,736,SCHENECTADY,AVE,3,4851,19,A,0,,,
3048670023,11203,788,SCHENECTADY,AVE,3,4867,23,B,0,,,
3048830014,11203,828,SCHENECTADY,AVE,3,4883,14,A,0,,,
3048830017,11203,834,SCHENECTADY,AVE,3,4883,17,A,0,,,
3048830018,11203,836,SCHENECTADY,AVE,3,4883,18,A,0,,GARDEN COMPLEX,
3046730056,11203,845,SCHENECTADY,AVE,3,4673,56,A,0,,,
3048830023,11203,848,SCHENECTADY,AVE,3,4883,23,A,0,,,
3048830029,11203,862 TO 864,SCHENECTADY,AVE,3,4883,29,A,0,,,
3046950057,11203,899,SCHENECTADY,AVE,3,4695,57,A,0,,,
3047190071,11203,963,SCHENECTADY,AVE,3,4719,71,A,0,,,
3047190069,11203,967,SCHENECTADY,AVE,3,4719,69,B,0,,,
3047780001,11203,1261,SCHENECTADY,AVE,3,4778,1,A,0,J-51,J-51,
3049050001,11203,3400,SNYDER,AVE,3,4905,1,A,1,,NON-EVICT COOP/CONDO,
3049060001,11203,3500,SNYDER,AVE,3,4906,1,A,1,,NON-EVICT COOP/CONDO,
3048990033,11203,4515,SNYDER,AVE,3,4899,33,A,0,,,
3046950037,11203,4701 TO 4709,SNYDER,AVE,3,4695,37,A,0,,,
3047220001,11203,5002,SNYDER,AVE,3,4722,1,A,0,,,
3046990042,11203,5101,SNYDER,AVE,3,4699,42,A,0,,,
3046990038,11203,5113,SNYDER,AVE,3,4699,38,A,0,,,
3047230009,11203,5122 TO 5124,SNYDER,AVE,3,4723,9,A,0,,,
3047010038,11203,5301,SNYDER,AVE,3,4701,38,A,0,,,
3047030044,11203,5501,SNYDER,AVE,3,4703,44,A,0,,,
3047270006,11203,5514 TO 5516,SNYDER,AVE,3,4727,6,A,0,,,
3047040044,11203,5601 TO 5603,SNYDER,AVE,3,4704,44,B,0,,,
3047060001,11203,5815,SNYDER,AVE,3,4706,1,A,0,,,
3048650001,11203,751,TROY,AVE,3,4865,1,A,0,,,
3048810043,11203,867 TO 869,TROY,AVE,3,4881,43,A,0,,GARDEN COMPLEX,
3048800031,11203,870 TO 874,TROY,AVE,3,4880,31,A,0,,,
3048800032,11203,874,TROY,AVE,3,4880,32,A,0,,,
3048980004,11203,885,TROY,AVE,3,4898,4,A,0,,,
3046750022,11203,836,UTICA,AVE,3,4675,22,A,0,,,
3046750024,11203,840,UTICA,AVE,3,4675,24,A,0,,,
3047220064,11203,943 TO 957,UTICA,AVE,3,4722,64,A,0,,GARDEN COMPLEX,
3048200042,11203,443,WINTHROP,ST,3,4820,42,A,0,,,
3048110202,11203,461,WINTHROP,ST,3,4811,202,A,0,,,
3048290005,11203,560,WINTHROP,ST,3,4829,5,A,0,,GARDEN COMPLEX,
3046210008,11203,904,WINTHROP,ST,3,4621,8,A,0,,,
3046230001,11203,930,WINTHROP,ST,3,4623,1,A,0,,,
3053800001,11204,4217,16TH,AVE,3,5380,1,A,0,,,
3054040006,11204,4401,17TH,AVE,3,5404,6,A,0,,,
3055110001,11204,5923,17TH,AVE,3,5511,1,A,0,,,
3055600016,11204,6601,17TH,AVE,3,5560,16,A,0,,,
3055600015,11204,6605,17TH,AVE,3,5560,15,A,0,,,
3055600013,11204,6607,17TH,AVE,3,5560,13,A,0,,,
3055600012,11204,6611,17TH,AVE,3,5560,12,A,0,,,
3062040001,11204,7301 TO 7311,17TH,AVE,3,6204,1,A,0,,,
3062140054,11204,7402,17TH,AVE,3,6214,54,A,0,,,
3062140056,11204,7406,17TH,AVE,3,6214,56,A,0,,,
3062140062,11204,7422,17TH,AVE,3,6214,62,A,0,,,
3054070085,11204,4404,18TH,AVE,3,5407,85,A,0,,,
3055700001,11204,6713 TO 6723,19TH,AVE,3,5570,1,A,0,,,
3055780001,11204,6801,19TH,AVE,3,5578,1,B,0,,,
3055560006,11204,6511,20TH,AVE,3,5556,6,A,0,,,
3055550039,11204,6514 TO 6524,20TH,AVE,3,5555,39,A,0,,,
3061840047,11204,7124,20TH,AVE,3,6184,47,B,0,,,
3055800006,11204,6801,21ST,AVE,3,5580,6,A,0,,,
3055800001,11204,6813,21ST,AVE,3,5580,1,A,0,,,
3061640006,11204,6901 TO 6911,21ST,AVE,3,6164,6,A,0,,,
3061850038,11204,7102 TO 7110,21ST,AVE,3,6185,38,A,0,,,
3061850043,11204,7114,21ST,AVE,3,6185,43,A,0,,,
3061850045,11204,7120,21ST,AVE,3,6185,45,A,0,,,
3061850046,11204,7124,21ST,AVE,3,6185,46,A,0,,,
3062070040,11204,7314 TO 7324,21ST,AVE,3,6207,40,A,0,,,
3062180036,11204,7402,21ST,AVE,3,6218,36,A,0,,,
3065480047,11204,5914,23RD,AVE,3,6548,47,A,0,,,
3065480049,11204,5920,23RD,AVE,3,6548,49,A,0,,,
3065560009,11204,6103,23RD,AVE,3,6556,9,A,0,,,
3065560006,11204,6109,23RD,AVE,3,6556,6,A,0,,,
3065580008,11204,6301,23RD,AVE,3,6558,8,A,0,,,
3065580001,11204,6309,23RD,AVE,3,6558,1,A,0,,,
3065520043,11204,6314,23RD,AVE,3,6552,43,A,0,,,
3065530038,11204,6402,23RD,AVE,3,6553,38,A,0,,,
3065590036,11204,6402,24TH,AVE,3,6559,36,A,0,,,
3065620001,11204,6413,24TH,AVE,3,6562,1,A,0,,,
3053800044,11204,1690,42ND,ST,3,5380,44,A,0,,,
3053790006,11204,1610,43RD,ST,3,5379,6,A,0,,,
3053790021,11204,1636,43RD,ST,3,5379,21,A,0,,GARDEN COMPLEX,
3053790070,11204,1643,44TH,ST,3,5379,70,A,0,,,
3054380036,11204,1772,46TH,ST,3,5438,36,B,0,,,
3054380049,11204,1753,47TH,ST,3,5438,49,A,0,,,
3054500006,11204,1806,48TH,ST,3,5450,6,A,0,,,
3054480058,11204,1681,49TH,ST,3,5448,58,A,0,,,
3054500001,11204,1801 TO 1811,49TH,ST,3,5450,1,A,0,,,
3054560001,11204,1801 TO 1811,50TH,ST,3,5456,1,A,0,,,
3054620032,11204,1958,50TH,ST,3,5462,32,A,0,,,
3054690035,11204,1974,51ST,ST,3,5469,35,A,0,,,
3054720012,11204,1606,52ND,ST,3,5472,12,A,0,421-A (1-15),421-A (1-15),
3054700131,11204,2013,52ND,ST,3,5470,131,A,0,,GARDEN COMPLEX,
3054700031,11204,2015,52ND,ST,3,5470,31,A,0,,GARDEN COMPLEX,
3054720045,11204,1683 TO 1685,53RD,ST,3,5472,45,A,0,J-51,J-51,
3054800008,11204,1802,53RD,ST,3,5480,8,A,0,,,
3054890006,11204,1600,55TH,ST,3,5489,6,A,0,,,5507 16TH AVE
3054890025,11204,1644,55TH,ST,3,5489,25,A,0,,,
3054930045,11204,1783,57TH,ST,3,5493,45,A,0,,,
3054970051,11204,1683,58TH,ST,3,5497,51,A,0,,,
3054940123,11204,1817,58TH,ST,3,5494,123,A,0,,,
3055000064,11204,2039,58TH,ST,3,5500,64,A,0,421-A (1-15),421-A (1-15),
3055120064,11204,1831,60TH,ST,3,5512,64,A,0,,,
3055120063,11204,1833,60TH,ST,3,5512,63,A,0,,GARDEN COMPLEX,
3055120053,11204,1853,60TH,ST,3,5512,53,A,0,421-A (1-15),421-A (1-15),
3055120049,11204,1865,60TH,ST,3,5512,49,A,0,421-A (1-15),421-A (1-15),
3055130070,11204,1917,60TH,ST,3,5513,70,A,0,421-A (1-15),421-A (1-15),
3055157502,11204,2177,60TH,ST,3,5515,7502,A,0,421-A (16),GARDEN COMPLEX 421-A (16),
3055250021,11204,1736,61ST,ST,3,5525,21,A,0,,,
3055350023,11204,2040 TO 2042,62ND,ST,3,5535,23,A,0,,,
3055320071,11204,1719,63RD,ST,3,5532,71,A,0,,,
3055320062,11204,1739,63RD,ST,3,5532,62,A,0,,,
3055390033,11204,1744,63RD,ST,3,5539,33,A,0,,GARDEN COMPLEX,
3055390034,11204,1748,63RD,ST,3,5539,34,A,0,,,
3055390035,11204,1750,63RD,ST,3,5539,35,A,0,,,
3055390037,11204,1756,63RD,ST,3,5539,37,B,0,,,
3055320055,11204,1757,63RD,ST,3,5532,55,A,0,,,
3055390038,11204,1760,63RD,ST,3,5539,38,A,0,,,
3055320053,11204,1761,63RD,ST,3,5532,53,A,0,421-A (1-15),421-A (1-15),
3055390043,11204,1774,63RD,ST,3,5539,43,A,0,,,
3055390044,11204,1778,63RD,ST,3,5539,44,A,0,,,
3065600001,11204,2401,63RD,ST,3,6560,1,A,0,,,
3065610007,11204,2402,63RD,ST,3,6561,7,A,0,,,
3065610019,11204,2430,63RD,ST,3,6561,19,A,0,,,
3055470018,11204,1832,64TH,ST,3,5547,18,A,0,,,
3055410049,11204,1983,64TH,ST,3,5541,49,A,0,,,
3055500012,11204,2112,64TH,ST,3,5550,12,A,0,,,
3065530006,11204,2202,64TH,ST,3,6553,6,A,0,,,
3065530012,11204,2214 TO 2222,64TH,ST,3,6553,12,A,0,,,
3065520070,11204,2219,64TH,ST,3,6552,70,A,0,,,
3065520068,11204,2225,64TH,ST,3,6552,68,A,0,,,
3065520049,11204,2263 TO 2271,64TH,ST,3,6552,49,A,0,,,
3065530035,11204,2270,64TH,ST,3,6553,35,A,0,,,
3065620012,11204,2416,64TH,ST,3,6562,12,A,0,,,
3065620013,11204,2420,64TH,ST,3,6562,13,B,0,,,
3065620014,11204,2422,64TH,ST,3,6562,14,B,0,,,
3065620017,11204,2426,64TH,ST,3,6562,17,A,0,,,
3065610030,11204,2453,64TH,ST,3,6561,30,A,0,,,
3055450001,11204,1601,65TH,ST,3,5545,1,A,0,,,
3055450074,11204,1621,65TH,ST,3,5545,74,A,0,,,
3055450068,11204,1641,65TH,ST,3,5545,68,A,0,,,
3055450059,11204,1653,65TH,ST,3,5545,59,A,0,,,
3055450053,11204,1681,65TH,ST,3,5545,53,A,0,,,
3055450047,11204,1693,65TH,ST,3,5545,47,A,0,,,
3055460079,11204,1713,65TH,ST,3,5546,79,A,0,,,
3055530033,11204,1762 TO 1764,65TH,ST,3,5553,33,A,0,,,
3055470057,11204,1827,65TH,ST,3,5547,57,A,0,,,
3055480062,11204,1941,65TH,ST,3,5548,62,A,1,,NON-EVICT COOP/CONDO,
3055480059,11204,1947,65TH,ST,3,5548,59,A,1,,NON-EVICT COOP/CONDO,
3055480053,11204,1961,65TH,ST,3,5548,53,A,1,,NON-EVICT COOP/CONDO,
3055480050,11204,1967,65TH,ST,3,5548,50,A,1,,NON-EVICT COOP/CONDO,
3055550035,11204,1980,65TH,ST,3,5555,35,A,0,,,
3065590074,11204,2309,65TH,ST,3,6559,74,A,0,,,
3065590072,11204,2315,65TH,ST,3,6559,72,A,0,,,
3065590070,11204,2321,65TH,ST,3,6559,70,A,0,,,
3065590068,11204,2325,65TH,ST,3,6559,68,A,0,,,
3066040001,11204,2402,65TH,ST,3,6604,1,A,0,,,
3055590012,11204,1602,66TH,ST,3,5559,12,A,0,,,
3055590014,11204,1606,66TH,ST,3,5559,14,A,0,,GARDEN COMPLEX,
3055590015,11204,1608,66TH,ST,3,5559,15,A,0,,,
3055590016,11204,1612,66TH,ST,3,5559,16,A,0,,,
3055600017,11204,1714,66TH,ST,3,5560,17,A,0,,,
3055600023,11204,1726,66TH,ST,3,5560,23,A,0,,,
3055530050,11204,1773,66TH,ST,3,5553,50,A,0,,,
3055620033,11204,1964,66TH,ST,3,5562,33,A,0,,,
3055600085,11204,1715,67TH,ST,3,5560,85,A,0,,,
3055600082,11204,1719,67TH,ST,3,5560,82,A,0,,,
3055600073,11204,1729,67TH,ST,3,5560,73,A,0,,,
3055600064,11204,1751 TO 1765,67TH,ST,3,5560,64,A,0,,,
3055600060,11204,1767,67TH,ST,3,5560,60,A,0,,,
3055690028,11204,1852 TO 1854,67TH,ST,3,5569,28,A,0,,,
3055700022,11204,1938 TO 1942,67TH,ST,3,5570,22,A,0,,,
3055760037,11204,1776,68TH,ST,3,5576,37,A,0,,,
3055790012,11204,2012,68TH,ST,3,5579,12,A,0,,,
3055720042,11204,2171,68TH,ST,3,5572,42,A,0,421-A (1-15),GARDEN COMPLEX 421-A (1-15),
3055790071,11204,2013 TO 2015,69TH,ST,3,5579,71,A,0,,,
3061630017,11204,2032,69TH,ST,3,6163,17,A,0,,,2032 BAY RIDGE AVE
3061730025,11204,1946 TO 1948,70TH,ST,3,6173,25,A,0,,,
3061620049,11204,1953 TO 1971,70TH,ST,3,6162,49,A,0,,,
3061620043,11204,1973,70TH,ST,3,6162,43,A,0,,,
3061630071,11204,2017,70TH,ST,3,6163,71,A,0,,,
3061630068,11204,2025,70TH,ST,3,6163,68,A,0,,,
3061850035,11204,2070,71ST,ST,3,6185,35,A,0,,,
3061860027,11204,2150 TO 2152,71ST,ST,3,6186,27,A,0,,,
3061930039,11204,1778,72ND,ST,3,6193,39,A,0,,,
3061960035,11204,2070,72ND,ST,3,6196,35,A,0,,,
3061930075,11204,1723,73RD,ST,3,6193,75,A,0,,,
3061930074,11204,1725,73RD,ST,3,6193,74,A,0,,,
3062040018,11204,1728,73RD,ST,3,6204,18,A,0,,,
3061930072,11204,1729,73RD,ST,3,6193,72,A,0,,,
3062070021,11204,2040,73RD,ST,3,6207,21,B,0,,,
3062070023,11204,2044,73RD,ST,3,6207,23,A,0,,,
3062070029,11204,2058,73RD,ST,3,6207,29,A,0,,,
3062070031,11204,2062,73RD,ST,3,6207,31,A,0,,,
3062070033,11204,2066,73RD,ST,3,6207,33,A,0,,,
3062140034,11204,1620 TO 1628,74TH,ST,3,6214,34,B,0,,,7401 NEW UTRECHT AVE
3062190006,11204,2102 TO 2104,74TH,ST,3,6219,6,A,0,,,
3062190008,11204,2106 TO 2108,74TH,ST,3,6219,8,A,0,,,
3062190009,11204,2110,74TH,ST,3,6219,9,A,0,,,
3062140084,11204,1643,75TH,ST,3,6214,84,A,0,,,
3062260035,11204,1770,75TH,ST,3,6226,35,A,0,,,
3062170001,11204,1901,75TH,ST,3,6217,1,A,0,,,
3062280006,11204,1902,75TH,ST,3,6228,6,B,0,,,1902 BAY RIDGE PKWY
3062170071,11204,1907,75TH,ST,3,6217,71,A,0,,,
3062170069,11204,1913,75TH,ST,3,6217,69,A,0,,,
3062280013,11204,1918,75TH,ST,3,6228,13,A,0,,,
3062170067,11204,1919,75TH,ST,3,6217,67,A,0,,,
3062280018,11204,1932,75TH,ST,3,6228,18,A,0,,,1932 BAY RIDGE PKWY
3062280019,11204,1936,75TH,ST,3,6228,19,A,0,,,
3062280024,11204,1944,75TH,ST,3,6228,24,A,0,,,
3062280027,11204,1952,75TH,ST,3,6228,27,A,0,,,1952 BAY RIDGE PKWY
3062180050,11204,2061,75TH,ST,3,6218,50,A,0,,,
3065760048,11204,57 TO 67,AVENUE O,,3,6576,48,A,1,,NON-EVICT COOP/CONDO,
3065760043,11204,69 TO 79,AVENUE O,,3,6576,43,A,0,,,
3065790041,11204,151,AVENUE O,,3,6579,41,A,0,,,
3066190001,11204,80,AVENUE P,,3,6619,1,A,1,,NON-EVICT COOP/CONDO,
3066200001,11204,100,AVENUE P,,3,6620,1,A,0,,,
3065960050,11204,105,AVENUE P,,3,6596,50,A,0,,,
3066210001,11204,106,AVENUE P,,3,6621,1,A,0,,,
3066220001,11204,130,AVENUE P,,3,6622,1,A,0,,,
3065970045,11204,135,AVENUE P,,3,6597,45,A,0,,,
3066230001,11204,154,AVENUE P,,3,6623,1,A,0,,,
3065980050,11204,161,AVENUE P,,3,6598,50,B,0,,,
3066000045,11204,209,AVENUE P,,3,6600,45,A,0,,,
3066030050,11204,273,AVENUE P,,3,6603,50,A,0,,,
3066290001,11204,298,AVENUE P,,3,6629,1,A,0,,,
3066040044,11204,315,AVENUE P,,3,6604,44,B,0,,,
3066060021,11204,357,AVENUE P,,3,6606,21,A,0,,,
3065510006,11204,6201,BAY,PKWY,3,6551,6,A,0,,,
3055360042,11204,6220,BAY,PKWY,3,5536,42,A,0,,,
3065520008,11204,6301,BAY,PKWY,3,6552,8,A,0,,,
3065520001,11204,6309,BAY,PKWY,3,6552,1,B,0,,,
3065770009,11204,6601,BAY,PKWY,3,6577,9,A,0,,GARDEN COMPLEX,
3065750007,11204,6801 TO 6815,BAY,PKWY,3,6575,7,A,0,,GARDEN COMPLEX,
3061750036,11204,7000,BAY,PKWY,3,6175,36,A,1,,NON-EVICT COOP/CONDO,
3065950005,11204,7101,BAY,PKWY,3,6595,5,A,0,,,
3065950001,11204,7201,BAY,PKWY,3,6595,1,A,0,,,
3062080044,11204,7322,BAY,PKWY,3,6208,44,A,0,,,
3062190029,11204,7402,BAY,PKWY,3,6219,29,A,0,,,
3061590012,11204,1620,BAY RIDGE,AVE,3,6159,12,A,0,,,
3061600014,11204,1718,BAY RIDGE,AVE,3,6160,14,A,0,,,
3062260038,11204,1782,BAY RIDGE,PKWY,3,6226,38,A,0,,,
3055770001,11204,1801,BAY RIDGE,AVE,3,5577,1,A,0,,,
3061610015,11204,1822,BAY RIDGE,AVE,3,6161,15,A,0,,,
3062160064,11204,1827,BAY RIDGE,PKWY,3,6216,64,A,0,,,
3062170072,11204,1905,BAY RIDGE,PKWY,3,6217,72,B,0,,,1905 75TH ST
3062280009,11204,1906,BAY RIDGE,PKWY,3,6228,9,A,0,,,
3062280010,11204,1908,BAY RIDGE,PKWY,3,6228,10,B,0,,,
3062170070,11204,1911,BAY RIDGE,PKWY,3,6217,70,A,0,,,
3062280011,11204,1912,BAY RIDGE,PKWY,3,6228,11,B,0,,,
3062170068,11204,1917,BAY RIDGE,PKWY,3,6217,68,A,0,,,1917 75TH ST
3062280015,11204,1924,BAY RIDGE,PKWY,3,6228,15,A,0,,ROOMING HOUSE,
3062280016,11204,1926,BAY RIDGE,PKWY,3,6228,16,A,0,,,
3062280017,11204,1930,BAY RIDGE,PKWY,3,6228,17,B,0,,GARDEN COMPLEX,
3062280021,11204,1938,BAY RIDGE,PKWY,3,6228,21,A,0,,,1938 75TH ST
3062280023,11204,1940,BAY RIDGE,PKWY,3,6228,23,A,0,,,1940 75TH ST
3062280025,11204,1946,BAY RIDGE,PKWY,3,6228,25,B,0,,,
3062280026,11204,1950,BAY RIDGE,PKWY,3,6228,26,A,0,,,
3055780048,11204,1965,BAY RIDGE,AVE,3,5578,48,A,0,,GARDEN COMPLEX,
3061630012,11204,2014,BAY RIDGE,AVE,3,6163,12,A,0,,,
3061630014,11204,2022,BAY RIDGE,AVE,3,6163,14,B,0,,,
3061630016,11204,2028,BAY RIDGE,AVE,3,6163,16,A,0,,,
3061630025,11204,2046,BAY RIDGE,AVE,3,6163,25,A,0,,,
3061630026,11204,2050,BAY RIDGE,AVE,3,6163,26,A,0,,,
3062180048,11204,2067,BAY RIDGE,PKWY,3,6218,48,A,0,,,2067 75TH ST
3062290037,11204,2078,BAY RIDGE,PKWY,3,6229,37,A,0,,,
3062190001,11204,2101,BAY RIDGE,PKWY,3,6219,1,A,0,,,
3061640038,11204,2178,BAY RIDGE,AVE,3,6164,38,A,0,,,6902 BAY PKWY
3065820068,11204,1479,DAHILL,RD,3,6582,68,A,0,,,
3066070066,11204,1529,DAHILL,RD,3,6607,66,A,0,,,
3066070061,11204,1545,DAHILL,RD,3,6607,61,A,0,,,
3065627502,11204,1552,DAHILL,RD,3,6562,7502,A,0,,,
3065620041,11204,1556 TO 1560,DAHILL,RD,3,6562,41,A,0,,GARDEN COMPLEX,
3065970071,11204,1547,W 10TH,ST,3,6597,71,A,0,,,
3065960031,11204,1560,W 10TH,ST,3,6596,31,A,0,,,
3065960033,11204,1564,W 10TH,ST,3,6596,33,A,0,,,
3065960034,11204,1568,W 10TH,ST,3,6596,34,A,0,,,
3065970052,11204,1579 TO 1599,W 10TH,ST,3,6597,52,A,0,,,
3065950014,11204,1514,W 11TH,ST,3,6595,14,A,0,,,
3065960082,11204,1525,W 11TH,ST,3,6596,82,A,0,,,
3066060001,11204,1515,W 1ST,ST,3,6606,1,A,0,,,
3065810001,11204,1411 TO 1433,W 4TH,ST,3,6581,1,A,0,,,
3066020014,11204,1518,W 4TH,ST,3,6602,14,A,0,,,
3066020015,11204,1522,W 4TH,ST,3,6602,15,A,0,,,
3066020016,11204,1526,W 4TH,ST,3,6602,16,A,0,,,
3066030056,11204,1587,W 4TH,ST,3,6603,56,A,0,,,
3065790018,11204,1414 TO 1422,W 5TH,ST,3,6579,18,A,0,,,
3065790025,11204,1432,W 5TH,ST,3,6579,25,A,0,,,
3066010008,11204,1502,W 5TH,ST,3,6601,8,B,0,,,
3066010012,11204,1514,W 5TH,ST,3,6601,12,A,0,,,
3066010013,11204,1516,W 5TH,ST,3,6601,13,A,0,421-A (1-15),ROOMING HOUSE 421-A (1-15),
3065780007,11204,1312,W 6TH,ST,3,6578,7,A,0,,,
3065790001,11204,1313,W 6TH,ST,3,6579,1,A,0,,,
3065780014,11204,1318 TO 1322,W 6TH,ST,3,6578,14,A,0,,,
3065790066,11204,1367,W 6TH,ST,3,6579,66,A,0,,,
3065780041,11204,1378 TO 1390,W 6TH,ST,3,6578,41,A,0,,,
3066010001,11204,1501,W 6TH,ST,3,6601,1,A,0,,,
3066000008,11204,1502 TO 1510,W 6TH,ST,3,6600,8,A,0,,,
3066010066,11204,1561 TO 1563,W 6TH,ST,3,6601,66,A,0,,,
3065780100,11204,1315,W 7TH,ST,3,6578,100,A,0,,,
3065770016,11204,1328,W 7TH,ST,3,6577,16,A,0,,,
3065780091,11204,1335 TO 1345,W 7TH,ST,3,6578,91,A,0,,,
3065770030,11204,1362,W 7TH,ST,3,6577,30,A,0,,,
3065780079,11204,1365,W 7TH,ST,3,6578,79,A,0,,,
3066000078,11204,1533 TO 1535,W 7TH,ST,3,6600,78,A,0,,,
3066000073,11204,1543,W 7TH,ST,3,6600,73,A,0,,,
3066000065,11204,1563 TO 1565,W 7TH,ST,3,6600,65,A,0,,,
3066000056,11204,1581 TO 1587,W 7TH,ST,3,6600,56,A,0,,,
3065770093,11204,1407,W 8TH,ST,3,6577,93,A,0,,,
3065770090,11204,1415,W 8TH,ST,3,6577,90,A,0,,GARDEN COMPLEX,
3065760022,11204,1436,W 8TH,ST,3,6576,22,A,0,,,
3065760026,11204,1446,W 8TH,ST,3,6576,26,B,0,,,
3065980012,11204,1514,W 8TH,ST,3,6598,12,B,0,,,
3065980042,11204,1590,W 8TH,ST,3,6598,42,A,0,,,
3065970018,11204,1528,W 9TH,ST,3,6597,18,A,0,,,
3065980078,11204,1535,W 9TH,ST,3,6598,78,B,0,,,
3065980076,11204,1539,W 9TH,ST,3,6598,76,A,0,,GARDEN COMPLEX,
3020310033,11205,2,ADELPHI,ST,3,2031,33,A,0,,,
3020320014,11205,21,ADELPHI,ST,3,2032,14,B,0,,GARDEN COMPLEX,
3020320013,11205,23,ADELPHI,ST,3,2032,13,A,0,,,
3020440058,11205,88 TO 90,ADELPHI,ST,3,2044,58,A,0,,,
3020440060,11205,92,ADELPHI,ST,3,2044,60,A,0,421-A (1-15),421-A (1-15),
3020440062,11205,96,ADELPHI,ST,3,2044,62,A,0,421-A (1-15),GARDEN COMPLEX 421-A (1-15),
3020440064,11205,104,ADELPHI,ST,3,2044,64,A,0,,,
3020440069,11205,110,ADELPHI,ST,3,2044,69,A,0,,,
3020730033,11205,156 TO 158,ADELPHI,ST,3,2073,33,A,0,,,
3020730035,11205,160 TO 162,ADELPHI,ST,3,2073,35,A,0,,,
3020730047,11205,184,ADELPHI,ST,3,2073,47,A,0,J-51,J-51,
3020900059,11205,250,ADELPHI,ST,3,2090,59,A,0,,,
3020910001,11205,257,ADELPHI,ST,3,2091,1,A,0,,,
3021040008,11205,299 TO 305,ADELPHI,ST,3,2104,8,A,0,,,
3017150030,11205,731,BEDFORD,AVE,3,1715,30,A,0,421-A (16),421-A (16),
3018867507,11205,744 TO 760,BEDFORD,AVE,3,1886,7507,A,0,421-A (1-15),GARDEN COMPLEX 421-A (1-15),
3017150019,11205,753 TO 755,BEDFORD,AVE,3,1715,19,A,0,421-A (16),421-A (16),
3017150014,11205,765,BEDFORD,AVE,3,1715,14,A,0,421-A (16),421-A (16),
3018867503,11205,808,BEDFORD,AVE,3,1886,7503,A,0,,,
3017340058,11205,825,BEDFORD,AVE,3,1734,58,A,0,,,
3019007514,11205,828,BEDFORD,AVE,3,1900,7514,A,0,421-A (1-15),421-A (1-15),
3019000043,11205,836,BEDFORD,AVE,3,1900,43,A,0,,GARDEN COMPLEX,
3017340052,11205,837,BEDFORD,AVE,3,1734,52,A,0,,GARDEN COMPLEX,
3019000045,11205,840 TO 842,BEDFORD,AVE,3,1900,45,A,0,,GARDEN COMPLEX,
3019000057,11205,868,BEDFORD,AVE,3,1900,57,A,0,,,
3019000059,11205,870,BEDFORD,AVE,3,1900,59,A,0,,GARDEN COMPLEX,
3017500007,11205,887 TO 889,BEDFORD,AVE,3,1750,7,A,0,,GARDEN COMPLEX,
3019147505,11205,898 TO 900,BEDFORD,AVE,3,1914,7505,A,0,,,
3019147510,11205,902,BEDFORD,AVE,3,1914,7510,A,0,,GARDEN COMPLEX,
3019147512,11205,904,BEDFORD,AVE,3,1914,7512,A,1,,NON-EVICT COOP/CONDO,
3019140041,11205,914,BEDFORD,AVE,3,1914,41,A,0,,,
3017620011,11205,947,BEDFORD,AVE,3,1762,11,A,0,,,
3019287502,11205,956,BEDFORD,AVE,3,1928,7502,A,0,421-A (1-15),421-A (1-15),
3017620006,11205,957,BEDFORD,AVE,3,1762,6,A,0,,GARDEN COMPLEX,
3019280060,11205,974,BEDFORD,AVE,3,1928,60,A,0,,GARDEN COMPLEX,
3019427501,11205,1006 TO 1010,BEDFORD,AVE,3,1942,7501,A,0,,,257263 SKILLMAN ST
3019420036,11205,1018,BEDFORD,AVE,3,1942,36,A,0,,,
3019420037,11205,1020,BEDFORD,AVE,3,1942,37,A,0,,,
3019500033,11205,1044,BEDFORD,AVE,3,1950,33,A,0,421-A (16),421-A (16),
3019500039,11205,1056,BEDFORD,AVE,3,1950,39,A,0,421-A (1-15),GARDEN COMPLEX 421-A (1-15),
3020300042,11205,34,CARLTON,AVE,3,2030,42,A,0,,,
3020310001,11205,55,CARLTON,AVE,3,2031,1,A,0,,ARTICLE 11,153 PARK AVE
3020440024,11205,89,CARLTON,AVE,3,2044,24,A,0,,ARTICLE 11,
3020440013,11205,101 TO 111,CARLTON,AVE,3,2044,13,B,0,,ROOMING HOUSE,
3020440012,11205,115,CARLTON,AVE,3,2044,12,A,0,,,
3020440011,11205,117,CARLTON,AVE,3,2044,11,B,0,,,
3020440004,11205,129,CARLTON,AVE,3,2044,4,A,0,J-51,J-51,
3020440091,11205,141,CARLTON,AVE,3,2044,91,A,0,,,
3020730015,11205,163 TO 171,CARLTON,AVE,3,2073,15,A,0,,,
3020890045,11205,222,CARLTON,AVE,3,2089,45,A,0,,,
3020890060,11205,250,CARLTON,AVE,3,2089,60,A,0,,,
3020890066,11205,266,CARLTON,AVE,3,2089,66,A,0,,,187 DEKALB AVE
3021020053,11205,312,CARLTON,AVE,3,2102,53,A,0,,,
3019097501,11205,200,CLASSON,AVE,3,1909,7501,A,0,,,
3019100052,11205,249,CLASSON,AVE,3,1910,52,B,0,,ROOMING HOUSE SECTION 610 OF PHFL,
3019240010,11205,279,CLASSON,AVE,3,1924,10,A,0,,,
3019240007,11205,285,CLASSON,AVE,3,1924,7,A,0,J-51,J-51 SEC 608,
3019240006,11205,287,CLASSON,AVE,3,1924,6,A,0,,,
3019240005,11205,289,CLASSON,AVE,3,1924,5,A,0,,GARDEN COMPLEX,
3020337501,11205,7,CLERMONT,AVE,3,2033,7501,A,0,,,
3020330002,11205,45,CLERMONT,AVE,3,2033,2,A,0,,,
3020450053,11205,60 TO 64,CLERMONT,AVE,3,2045,53,A,0,,,
3020460024,11205,87,CLERMONT,AVE,3,2046,24,A,0,,,
3020450067,11205,90,CLERMONT,AVE,3,2045,67,A,0,421-A (1-15),421-A (1-15),
3020460005,11205,129,CLERMONT,AVE,3,2046,5,A,0,,,
3020457501,11205,150,CLERMONT,AVE,3,2045,7501,A,0,,,
3020750012,11205,171,CLERMONT,AVE,3,2075,12,A,0,,,
3020920015,11205,231,CLERMONT,AVE,3,2092,15,A,0,,,
3020920013,11205,235,CLERMONT,AVE,3,2092,13,A,0,,,
3021050021,11205,283,CLERMONT,AVE,3,2105,21,A,0,,,
3018880001,11205,155,CLINTON,AVE,3,1888,1,A,0,,SECTION 610 OF PHFL,
3019020022,11205,165,CLINTON,AVE,3,1902,22,A,1,,NON-EVICT COOP/CONDO,
3019020001,11205,185,CLINTON,AVE,3,1902,1,A,1,J-51,J-51 NON-EVICT COOP/CONDO,
3019010007,11205,196,CLINTON,AVE,3,1901,7,A,0,,,
3019010001,11205,210,CLINTON,AVE,3,1901,1,A,1,,NON-EVICT COOP/CONDO,
3019160032,11205,219,CLINTON,AVE,3,1916,32,A,0,,,
3019150049,11205,258,CLINTON,AVE,3,1915,49,A,0,,GARDEN COMPLEX,
3019150051,11205,262,CLINTON,AVE,3,1915,51,B,0,,,
3019150006,11205,270,CLINTON,AVE,3,1915,6,A,0,,,
3019150063,11205,286,CLINTON,AVE,3,1915,63,A,0,,,
3019300022,11205,287,CLINTON,AVE,3,1930,22,A,0,,,280 DEKALB AVE
3019290025,11205,292,CLINTON,AVE,3,1929,25,A,0,,GARDEN COMPLEX,260 DEKALB AVE
3019300014,11205,295 TO 303,CLINTON,AVE,3,1930,14,A,0,,,
3019290035,11205,314,CLINTON,AVE,3,1929,35,A,0,,,
3019290036,11205,316,CLINTON,AVE,3,1929,36,A,0,,,
3019300001,11205,325,CLINTON,AVE,3,1930,1,A,1,,NON-EVICT COOP/CONDO,
3019290045,11205,336,CLINTON,AVE,3,1929,45,A,0,,,
3019290047,11205,340,CLINTON,AVE,3,1929,47,B,0,,GARDEN COMPLEX,
3020290040,11205,40,CUMBERLAND,ST,3,2029,40,A,0,,,
3020300003,11205,43,CUMBERLAND,ST,3,2030,3,B,0,,GARDEN COMPLEX,
3020300056,11205,55,CUMBERLAND,ST,3,2030,56,A,0,,,
3021010041,11205,218,CUMBERLAND,ST,3,2101,41,A,0,,,
3021010042,11205,220,CUMBERLAND,ST,3,2101,42,A,0,,GARDEN COMPLEX,
3021020020,11205,233,CUMBERLAND,ST,3,2102,20,A,0,,,
3021020013,11205,247,CUMBERLAND,ST,3,2102,13,A,0,,,
3021020008,11205,253,CUMBERLAND,ST,3,2102,8,A,0,,,
3021010062,11205,260,CUMBERLAND,ST,3,2101,62,A,0,,,
3021020031,11205,178 TO 180,DEKALB,AVE,3,2102,31,A,0,,,
3019240061,11205,431,DEKALB,AVE,3,1924,61,A,0,,GARDEN COMPLEX,
3019240058,11205,437,DEKALB,AVE,3,1924,58,A,0,,GARDEN COMPLEX,
3019240057,11205,443,DEKALB,AVE,3,1924,57,A,0,,,
3019240056,11205,445,DEKALB,AVE,3,1924,56,A,0,,,
3019240055,11205,447,DEKALB,AVE,3,1924,55,A,0,,,
3019250062,11205,455,DEKALB,AVE,3,1925,62,A,0,,,
3019250060,11205,459,DEKALB,AVE,3,1925,60,A,0,,,
3017780014,11205,540 TO 550,DEKALB,AVE,3,1778,14,A,0,,ARTICLE 11,
3017630068,11205,555,DEKALB,AVE,3,1763,68,A,0,,,
3017780049,11205,590,DEKALB,AVE,3,1778,49,A,0,,GARDEN COMPLEX,
3018940054,11205,112,EMERSON,PL,3,1894,54,A,0,421-A (1-15),GARDEN COMPLEX 421-A (1-15),
3019090020,11205,125,EMERSON,PL,3,1909,20,A,0,,,
3019090011,11205,139,EMERSON,PL,3,1909,11,A,0,,,
3018990024,11205,91,FRANKLIN,AVE,3,1899,24,A,0,421-A (16),421-A (16),
3018980044,11205,100,FRANKLIN,AVE,3,1898,44,A,0,,,
3018990009,11205,123,FRANKLIN,AVE,3,1899,9,A,0,421-A (1-15),421-A (1-15),
3018990006,11205,129,FRANKLIN,AVE,3,1899,6,A,0,,,
3018980065,11205,140,FRANKLIN,AVE,3,1898,65,A,0,,GARDEN COMPLEX,
3018990073,11205,141 TO 147,FRANKLIN,AVE,3,1899,73,A,0,,GARDEN COMPLEX,645 MYRTLE AVE
3019120037,11205,162,FRANKLIN,AVE,3,1912,37,A,0,,,
3019120040,11205,168 TO 184,FRANKLIN,AVE,3,1912,40,A,0,421-A (1-15),421-A (1-15),
3019120051,11205,190,FRANKLIN,AVE,3,1912,51,A,0,421-A (1-15),421-A (1-15),
3019267503,11205,234,FRANKLIN,AVE,3,1926,7503,A,0,,,
3019270011,11205,235,FRANKLIN,AVE,3,1927,11,A,0,,GARDEN COMPLEX,
3019270009,11205,237 TO 239,FRANKLIN,AVE,3,1927,9,A,0,,GARDEN COMPLEX,
3019410016,11205,263,FRANKLIN,AVE,3,1941,16,A,0,421-A (16),421-A (16),
3019410005,11205,267,FRANKLIN,AVE,3,1941,5,A,0,421-A (1-15),421-A (1-15),
3018930021,11205,67,GRAND,AVE,3,1893,21,A,0,,GARDEN COMPLEX,
3018930019,11205,71,GRAND,AVE,3,1893,19,A,0,,,
3018937502,11205,73,GRAND,AVE,3,1893,7502,A,0,421-A (1-15),421-A (1-15),
3018920048,11205,74,GRAND,AVE,3,1892,48,A,0,421-A (1-15),421-A (1-15),
3018930004,11205,97,GRAND,AVE,3,1893,4,A,0,,,96 STEUBEN ST
3018930002,11205,105,GRAND,AVE,3,1893,2,A,0,,GARDEN COMPLEX,
3018930061,11205,111,GRAND,AVE,3,1893,61,A,0,,,519 MYRTLE AVE
3019180051,11205,238,HALL,ST,3,1918,51,A,0,,,
3018970039,11205,842,KENT,AVE,3,1897,39,A,0,,,
3018980012,11205,843,KENT,AVE,3,1898,12,A,0,,,
3018987505,11205,847,KENT,AVE,3,1898,7505,B,0,,,
3018970056,11205,876,KENT,AVE,3,1897,56,A,0,421-A (1-15),421-A (1-15),
3019110024,11205,894,KENT,AVE,3,1911,24,A,0,J-51,J-51 SEC 608,
3019110025,11205,898,KENT,AVE,3,1911,25,A,0,421-A (1-15),421-A (1-15),
3019110028,11205,900,KENT,AVE,3,1911,28,A,0,421-A (1-15),421-A (1-15),
3019110029,11205,904,KENT,AVE,3,1911,29,A,0,421-A (1-15),421-A (1-15),
3019110001,11205,918,KENT,AVE,3,1911,1,A,0,,,
3019250038,11205,942,KENT,AVE,3,1925,38,A,0,,SECTION 610 OF PHFL,
3019250039,11205,944,KENT,AVE,3,1925,39,A,0,,,
3019250042,11205,946 TO 954,KENT,AVE,3,1925,42,A,0,421-A (1-15),421-A (1-15),
3019250056,11205,978,KENT,AVE,3,1925,56,A,0,421-A (16),421-A (16),
3017780031,11205,27 TO 31,KOSCIUSZKO,ST,3,1778,31,A,0,,,
3017830047,11205,78 TO 80,KOSCIUSZKO,ST,3,1783,47,A,0,421-A (1-15),GARDEN COMPLEX 421-A (1-15),276 NOSTRAND AVE
3019507501,11205,452,LAFAYETTE,AVE,3,1950,7501,A,0,421-A (1-15),421-A (1-15),
3019500020,11205,474,LAFAYETTE,AVE,3,1950,20,A,0,J-51,J-51,
3019500024,11205,480,LAFAYETTE,AVE,3,1950,24,B,0,J-51,GARDEN COMPLEX J-51,
3017830097,11205,503,LAFAYETTE,AVE,3,1783,97,A,0,,,
3017880021,11205,526 TO 528,LAFAYETTE,AVE,3,1788,21,A,0,,,
3017830081,11205,535,LAFAYETTE,AVE,3,1783,81,B,0,J-51,GARDEN COMPLEX J-51,
3017887502,11205,550 TO 552,LAFAYETTE,AVE,3,1788,7502,A,0,421-A (1-15),421-A (1-15),
3017880040,11205,558,LAFAYETTE,AVE,3,1788,40,A,0,421-A (1-15),GARDEN COMPLEX 421-A (1-15),
3018840040,11205,31 TO 37,LITTLE NASSAU,ST,3,1884,40,A,0,421-A (16),GARDEN COMPLEX 421-A (16),
3020730028,11205,354 TO 356,MYRTLE,AVE,3,2073,28,A,0,,,
3020750023,11205,384,MYRTLE,AVE,3,2075,23,A,0,,,
3018870098,11205,411,MYRTLE,AVE,3,1887,98,A,0,,,
3019010026,11205,412,MYRTLE,AVE,3,1901,26,A,0,,,
3018870093,11205,419 TO 421,MYRTLE,AVE,3,1887,93,A,0,,,
3019057502,11205,484 TO 492,MYRTLE,AVE,3,1905,7502,A,0,421-A (1-15),421-A (1-15),502 MYRTLE AVE
3018917501,11205,491,MYRTLE,AVE,3,1891,7501,A,0,421-A (1-15),421-A (1-15),
3018917502,11205,493,MYRTLE,AVE,3,1891,7502,A,0,421-A (16),421-A (16),495 MYRTLE AVE
3019057503,11205,504,MYRTLE,AVE,3,1905,7503,A,0,,,
3018920074,11205,509,MYRTLE,AVE,3,1892,74,A,0,,,
3018937504,11205,529 TO 533,MYRTLE,AVE,3,1893,7504,A,0,421-A (1-15),421-A (1-15),
3018950073,11205,551,MYRTLE,AVE,3,1895,73,A,0,,,
3019090032,11205,582 TO 584,MYRTLE,AVE,3,1909,32,A,0,,,
3019100023,11205,588,MYRTLE,AVE,3,1910,23,A,0,421-A (1-15),421-A (1-15),
3019100028,11205,596,MYRTLE,AVE,3,1910,28,A,0,,,
3018970065,11205,599,MYRTLE,AVE,3,1897,65,A,0,421-A (1-15),421-A (1-15),
3019110019,11205,610 TO 612,MYRTLE,AVE,3,1911,19,A,0,421-A (16),421-A (16),
3019120024,11205,626 TO 628,MYRTLE,AVE,3,1912,24,A,0,,,
3018980070,11205,633,MYRTLE,AVE,3,1898,70,A,0,,,
3019120032,11205,644,MYRTLE,AVE,3,1912,32,A,0,421-A (1-15),GARDEN COMPLEX 421-A (1-15),
3019120033,11205,646,MYRTLE,AVE,3,1912,33,A,0,421-A (1-15),GARDEN COMPLEX 421-A (1-15),
3019130021,11205,652,MYRTLE,AVE,3,1913,21,A,0,,,
3018990068,11205,655,MYRTLE,AVE,3,1899,68,A,0,,,
3019000067,11205,667,MYRTLE,AVE,3,1900,67,A,0,421-A (1-15),421-A (1-15),
3019140020,11205,672,MYRTLE,AVE,3,1914,20,A,0,,,
3019140021,11205,674,MYRTLE,AVE,3,1914,21,A,0,J-51,J-51 SEC 608,
3019140027,11205,684A,MYRTLE,AVE,3,1914,27,B,0,,GARDEN COMPLEX,
3017530021,11205,740,MYRTLE,AVE,3,1753,21,B,0,,,
3017180043,11205,32,NOSTRAND,AVE,3,1718,43,A,0,,,
3017180044,11205,34,NOSTRAND,AVE,3,1718,44,A,0,,,
3017180046,11205,38,NOSTRAND,AVE,3,1718,46,A,0,,,
3017180047,11205,40,NOSTRAND,AVE,3,1718,47,A,0,,GARDEN COMPLEX,
3017700006,11205,193A,NOSTRAND,AVE,3,1770,6,A,0,,,
3017847502,11205,253,NOSTRAND,AVE,3,1784,7502,A,0,421-A (16),421-A (16),
3020290056,11205,115,PARK,AVE,3,2029,56,A,0,421-A (16),421-A (16),
3020290051,11205,125,PARK,AVE,3,2029,51,A,0,421-A (1-15),421-A (1-15),
3020290049,11205,129,PARK,AVE,3,2029,49,A,0,421-A (1-15),421-A (1-15),
3020310057,11205,165,PARK,AVE,3,2031,57,A,0,,,
3018740001,11205,265 TO 275,PARK,AVE,3,1874,1,A,0,,,
3018860082,11205,495,PARK,AVE,3,1886,82,A,0,J-51,GARDEN COMPLEX J-51,
3018920024,11205,83,RYERSON,ST,3,1892,24,A,0,,ROOMING HOUSE,
3018910057,11205,94,RYERSON,ST,3,1891,57,A,0,421-A (1-15),421-A (1-15),
3018920080,11205,131,RYERSON,ST,3,1892,80,A,0,,,
3020340134,11205,112,SAINT EDWARDS,ST,3,2034,134,A,0,,GARDEN COMPLEX SECTION 610 OF PHFL,
3019320030,11205,12,SAINT JAMES,PL,3,1932,30,A,0,,,
3019320038,11205,26,SAINT JAMES,PL,3,1932,38,A,0,,,
3019320039,11205,28,SAINT JAMES,PL,3,1932,39,A,0,,,
3017360032,11205,118,SANDFORD,ST,3,1736,32,A,0,421-A (1-15),421-A (1-15),
3019000026,11205,61 TO 65,SKILLMAN,ST,3,1900,26,A,0,421-A (1-15),421-A (1-15),
3018990135,11205,70,SKILLMAN,ST,3,1899,135,A,0,,,
3018990038,11205,72 TO 86,SKILLMAN,ST,3,1899,38,A,0,421-A (1-15),421-A (1-15),
3019000016,11205,85,SKILLMAN,ST,3,1900,16,A,0,421-A (1-15),421-A (1-15),
3018997504,11205,88,SKILLMAN,ST,3,1899,7504,A,0,,GARDEN COMPLEX,
3019000009,11205,95 TO 99,SKILLMAN,ST,3,1900,9,A,0,,,
3018990056,11205,108,,,3,1899,56,A,0,421-A (1-15),421-A (1-15),1/2 SKILLMAN ST
3018990058,11205,110,SKILLMAN,ST,3,1899,58,A,0,421-A (1-15),GARDEN COMPLEX 421-A (1-15),
3018990063,11205,120,SKILLMAN,ST,3,1899,63,A,0,421-A (1-15),GARDEN COMPLEX 421-A (1-15),
3019130033,11205,146,SKILLMAN,ST,3,1913,33,A,0,,,
3019130038,11205,156,SKILLMAN,ST,3,1913,38,A,0,421-A (1-15),GARDEN COMPLEX 421-A (1-15),
3019130039,11205,158,SKILLMAN,ST,3,1913,39,A,0,421-A (1-15),GARDEN COMPLEX 421-A (1-15),
3019280025,11205,193,SKILLMAN,ST,3,1928,25,A,0,J-51,J-51 SEC 608,
3019287504,11205,203 TO 207,SKILLMAN,ST,3,1928,7504,A,0,,GARDEN COMPLEX,
3019280006,11205,229,SKILLMAN,ST,3,1928,6,A,0,421-A (1-15),GARDEN COMPLEX 421-A (1-15),
3019270059,11205,230,SKILLMAN,ST,3,1927,59,A,0,,GARDEN COMPLEX,
3019420017,11205,247 TO 251,SKILLMAN,ST,3,1942,17,A,0,,,
3019410041,11205,282,SKILLMAN,ST,3,1941,41,A,0,,,
3017780036,11205,3,SPENCER,CT,3,1778,36,A,0,,,
3017780035,11205,5,SPENCER,CT,3,1778,35,A,0,,,
3017160001,11205,53,SPENCER,ST,3,1716,1,A,0,,GARDEN COMPLEX,
3017637506,11205,175,SPENCER,ST,3,1763,7506,A,0,421-A (1-15),421-A (1-15),
3017627505,11205,192,SPENCER,ST,3,1762,7505,A,0,421-A (1-15),421-A (1-15),
3017630012,11205,205,SPENCER,ST,3,1763,12,A,0,421-A (1-15),421-A (1-15),
3017630010,11205,209,SPENCER,ST,3,1763,10,A,0,421-A (1-15),421-A (1-15),
3017620055,11205,212,SPENCER,ST,3,1762,55,A,0,,GARDEN COMPLEX,
3017620057,11205,216,SPENCER,ST,3,1762,57,A,0,421-A (1-15),421-A (1-15),
3017630003,11205,221,SPENCER,ST,3,1763,3,A,0,421-A (1-15),GARDEN COMPLEX 421-A (1-15),
3017620069,11205,234,SPENCER,ST,3,1762,69,A,0,,SECTION 610 OF PHFL,
3018930029,11205,64,STEUBEN,ST,3,1893,29,A,0,,,
3018930032,11205,68,STEUBEN,ST,3,1893,32,A,0,,HPD,
3018930033,11205,70,STEUBEN,ST,3,1893,33,A,0,,,
3018940018,11205,73,STEUBEN,ST,3,1894,18,A,0,,GARDEN COMPLEX,
3018940017,11205,75,STEUBEN,ST,3,1894,17,A,0,,,
3018940016,11205,77,STEUBEN,ST,3,1894,16,A,0,J-51,J-51,
3018930047,11205,100,STEUBEN,ST,3,1893,47,A,0,421-A (1-15),421-A (1-15),
3018930050,11205,104,STEUBEN,ST,3,1893,50,A,0,,SECTION 610 OF PHFL,
3018960065,11205,138,TAAFFE,PL,3,1896,65,B,0,,,
3019250024,11205,205,TAAFFE,PL,3,1925,24,A,0,,,
3019250023,11205,207,TAAFFE,PL,3,1925,23,A,0,,,
3019250021,11205,211,TAAFFE,PL,3,1925,21,A,0,,,
3020330001,11205,40,VANDERBILT,AVE,3,2033,1,A,0,,,
3020337503,11205,58,VANDERBILT,AVE,3,2033,7503,A,0,421-A (16),421-A (16),
3020460077,11205,122,VANDERBILT,AVE,3,2046,77,A,0,,,
3019010020,11205,175,VANDERBILT,AVE,3,1901,20,A,0,421-A (1-15),421-A (1-15),
3020920057,11205,246,VANDERBILT,AVE,3,2092,57,A,0,,,
3020920060,11205,254,VANDERBILT,AVE,3,2092,60,A,0,,,
3019290016,11205,299,VANDERBILT,AVE,3,1929,16,A,0,,,
3017630054,11205,228,WALWORTH,ST,3,1763,54,A,0,421-A (1-15),GARDEN COMPLEX 421-A (1-15),
3017630056,11205,230,WALWORTH,ST,3,1763,56,A,0,421-A (1-15),GARDEN COMPLEX 421-A (1-15),
3017630058,11205,232,WALWORTH,ST,3,1763,58,A,0,421-A (1-15),GARDEN COMPLEX 421-A (1-15),
3018757501,11205,73,WASHINGTON,AVE,3,1875,7501,A,0,J-51,J-51,
3018907501,11205,163 TO 165,WASHINGTON,AVE,3,1890,7501,A,0,421-A (1-15),421-A (1-15),
3020720011,11205,167,WASHINGTON PARK,,3,2072,11,A,0,,,
3020720007,11205,171,WASHINGTON PARK,,3,2072,7,A,0,,,
3020890016,11205,195A,WASHINGTON PARK,,3,2089,16,A,0,,,
3020890017,11205,195,WASHINGTON PARK,,3,2089,17,A,0,,,
3020890004,11205,206,WASHINGTON PARK,,3,2089,4,A,0,,,
3020890002,11205,208,WASHINGTON PARK,,3,2089,2,A,0,,,
3019030053,11205,228,WASHINGTON,AVE,3,1903,53,B,0,,,
3019180034,11205,235,WASHINGTON,AVE,3,1918,34,A,0,,GARDEN COMPLEX,
3019170035,11205,240,WASHINGTON,AVE,3,1917,35,A,0,,,
3019170040,11205,250,WASHINGTON,AVE,3,1917,40,A,0,,,
3019180026,11205,251,WASHINGTON,AVE,3,1918,26,A,0,,,
3019180024,11205,253,WASHINGTON,AVE,3,1918,24,A,0,,,
3019170042,11205,260,WASHINGTON,AVE,3,1917,42,A,0,,,
3019170045,11205,266,WASHINGTON,AVE,3,1917,45,A,0,,,
3019180018,11205,269,WASHINGTON,AVE,3,1918,18,A,0,,,
3019180013,11205,277,WASHINGTON,AVE,3,1918,13,A,0,,,
3019180006,11205,295,WASHINGTON,AVE,3,1918,6,A,0,,,
3019320022,11205,311,WASHINGTON,AVE,3,1932,22,A,0,,,
3019310026,11205,312,WASHINGTON,AVE,3,1931,26,A,0,,,
3019030016,11205,167 TO 169,WAVERLY,AVE,3,1903,16,B,0,,,
3020750001,11205,65,WILLOUGHBY,AVE,3,2075,1,A,0,,,
3019090053,11205,249,WILLOUGHBY,AVE,3,1909,53,A,0,421-A (16),421-A (16),
3019250026,11205,284,WILLOUGHBY,AVE,3,1925,26,A,0,,GARDEN COMPLEX,201 TAAFFE PL
3019250027,11205,286,WILLOUGHBY,AVE,3,1925,27,A,0,,,
3019250029,11205,288,WILLOUGHBY,AVE,3,1925,29,A,0,421-A (16),GARDEN COMPLEX 421-A (16),
3019250030,11205,290,WILLOUGHBY,AVE,3,1925,30,A,0,,,
3019250031,11205,292,WILLOUGHBY,AVE,3,1925,31,A,0,,,
3019250033,11205,294,WILLOUGHBY,AVE,3,1925,33,A,0,,,
3019130101,11205,333,WILLOUGHBY,AVE,3,1913,101,A,0,421-A (1-15),GARDEN COMPLEX 421-A (1-15),
3019130102,11205,335,WILLOUGHBY,AVE,3,1913,102,A,0,421-A (1-15),GARDEN COMPLEX 421-A (1-15),
3019130103,11205,337,WILLOUGHBY,AVE,3,1913,103,A,0,421-A (1-15),GARDEN COMPLEX 421-A (1-15),
3019130104,11205,339,WILLOUGHBY,AVE,3,1913,104,A,0,421-A (1-15),GARDEN COMPLEX 421-A (1-15),
3019130105,11205,341,WILLOUGHBY,AVE,3,1913,105,A,0,421-A (1-15),GARDEN COMPLEX 421-A (1-15),
3019140048,11205,363,WILLOUGHBY,AVE,3,1914,48,A,0,,,
3017627502,11205,382,WILLOUGHBY,AVE,3,1762,7502,A,0,421-A (1-15),421-A (1-15),
3022720006,11206,24 TO 28,BARTLETT,ST,3,2272,6,A,0,421-A (16),GARDEN COMPLEX 421-A (16),
3022730001,11206,76,BARTLETT,ST,3,2273,1,A,0,,,
3022707501,11206,89,BARTLETT,ST,3,2270,7501,A,0,421-A (1-15),GARDEN COMPLEX 421-A (1-15),
3031330025,11206,27,BEAVER,ST,3,3133,25,A,0,,GARDEN COMPLEX ARTICLE 11,
3022310006,11206,691,BEDFORD,AVE,3,2231,6,A,0,J-51,J-51,
3031360022,11206,34,BELVIDERE,ST,3,3136,22,A,0,421-A (16),GARDEN COMPLEX 421-A (16),
3030790012,11206,122,BOERUM,ST,3,3079,12,A,0,,,
3030790014,11206,126,BOERUM,ST,3,3079,14,A,0,,GARDEN COMPLEX,
3030790018,11206,134 TO 136,BOERUM,ST,3,3079,18,A,0,,,
3030710001,11206,153,BOERUM,ST,3,3071,1,A,0,,,
3030820012,11206,216,BOERUM,ST,3,3082,12,A,0,421-A (16),421-A (16),
3030730014,11206,217 TO 219,BOERUM,ST,3,3073,14,A,0,421-A (16),421-A (16),
3030820019,11206,230,BOERUM,ST,3,3082,19,A,0,421-A (16),421-A (16),
3022700010,11206,640 TO 644,BROADWAY,,3,2270,10,A,0,,ROOMING HOUSE,120 GERRY ST
3022700012,11206,646,BROADWAY,,3,2270,12,A,0,421-A (1-15),GARDEN COMPLEX 421-A (1-15),
3022730006,11206,662,BROADWAY,,3,2273,6,A,0,,GARDEN COMPLEX,86 BARTLETT ST
3022730011,11206,670,BROADWAY,,3,2273,11,A,0,,GARDEN COMPLEX,
3031360001,11206,899,BROADWAY,,3,3136,1,A,0,,,5 ARION PL
3031500006,11206,911,BROADWAY,,3,3150,6,B,0,,,
3015847501,11206,912,BROADWAY,,3,1584,7501,A,0,421-A (16),GARDEN COMPLEX 421-A (16),374382 STOCKTON ST
3031500001,11206,923,BROADWAY,,3,3150,1,A,0,421-A (16),GARDEN COMPLEX 421-A (16),17 MELROSE ST
3030730097,11206,83,BUSHWICK,PL,3,3073,97,A,0,421-A (1-15),421-A (1-15),
3027900022,11206,98 TO 102,BUSHWICK,AVE,3,2790,22,A,0,,,
3030450019,11206,206,BUSHWICK,AVE,3,3045,19,B,0,,,
3030540019,11206,220,BUSHWICK,AVE,3,3054,19,A,0,,,
3030540020,11206,222,BUSHWICK,AVE,3,3054,20,A,0,,,
3030550002,11206,225,BUSHWICK,AVE,3,3055,2,A,0,,,
3030550001,11206,229,BUSHWICK,AVE,3,3055,1,B,1,,NON-EVICT COOP/CONDO,
3030550023,11206,241,BUSHWICK,AVE,3,3055,23,A,0,,,
3030640001,11206,251,BUSHWICK,AVE,3,3064,1,A,0,,,
3030640027,11206,253,BUSHWICK,AVE,3,3064,27,A,0,,,
3030630017,11206,258,BUSHWICK,AVE,3,3063,17,A,0,421-A (16),421-A (16),
3030820002,11206,315,BUSHWICK,AVE,3,3082,2,A,0,421-A (16),421-A (16),
3031230007,11206,435,BUSHWICK,AVE,3,3123,7,B,0,,,
3031390005,11206,459,BUSHWICK,AVE,3,3139,5,B,0,,,
3031380036,11206,464 TO 468,BUSHWICK,AVE,3,3138,36,A,0,,,
3031380038,11206,468 TO 470,BUSHWICK,AVE,3,3138,38,A,0,,,
3031510012,11206,533,BUSHWICK,AVE,3,3151,12,A,0,,GARDEN COMPLEX,
3031607503,11206,592 TO 594,BUSHWICK,AVE,3,3160,7503,A,0,421-A (16),421-A (16),600 BUSHWICK AVE
3031700026,11206,618,BUSHWICK,AVE,3,3170,26,A,0,421-A (16),421-A (16),616 BUSHWICK AVE
3031540001,11206,37 TO 43,CENTRAL,AVE,3,3154,1,A,0,,,
3031570101,11206,63,CENTRAL,AVE,3,3157,101,A,0,,GARDEN COMPLEX SECTION 610 OF PHFL,
3031640004,11206,77,CENTRAL,AVE,3,3164,4,A,0,,,
3031640003,11206,79,CENTRAL,AVE,3,3164,3,A,0,,,
3031730007,11206,89,CENTRAL,AVE,3,3173,7,A,0,,,
3031730006,11206,91,CENTRAL,AVE,3,3173,6,A,0,,,
3031730005,11206,93,CENTRAL,AVE,3,3173,5,A,0,,,
3031720030,11206,94,CENTRAL,AVE,3,3172,30,A,0,,,
3031730003,11206,97,CENTRAL,AVE,3,3173,3,A,0,,GARDEN COMPLEX,
3031730001,11206,99,CENTRAL,AVE,3,3173,1,A,0,,GARDEN COMPLEX,
3031720032,11206,102,CENTRAL,AVE,3,3172,32,A,0,421-A (16),GARDEN COMPLEX 421-A (16),
3031720033,11206,104,CENTRAL,AVE,3,3172,33,A,0,421-A (16),GARDEN COMPLEX 421-A (16),
3031130032,11206,9,COOK,ST,3,3113,32,A,0,,SECTION 610 OF PHFL,
3031137501,11206,21 TO 25,COOK,ST,3,3113,7501,A,0,,SECTION 610 OF PHFL,
3031197502,11206,24,COOK,ST,3,3119,7502,A,0,421-A (1-15),GARDEN COMPLEX 421-A (1-15),
3031197501,11206,26,COOK,ST,3,3119,7501,A,0,421-A (1-15),GARDEN COMPLEX 421-A (1-15),
3031130022,11206,29,COOK,ST,3,3113,22,A,0,,,
3031140001,11206,37 TO 45,COOK,ST,3,3114,1,A,0,,,
3031207501,11206,31,DEBEVOISE,ST,3,3120,7501,A,0,421-A (16),GARDEN COMPLEX 421-A (16),
3031277501,11206,40,DEBEVOISE,ST,3,3127,7501,A,0,,GARDEN COMPLEX SECTION 610 OF PHFL,
3017320001,11206,61,DELMONICO,PL,3,1732,1,A,0,421-A (16),GARDEN COMPLEX 421-A (16),
3017300010,11206,98F,ELLERY,ST,3,1730,10,A,0,,,
3017260125,11206,159,ELLERY,ST,3,1726,125,A,0,,,
3017320016,11206,204 TO 206,ELLERY,ST,3,1732,16,A,0,,,
3015790012,11206,296,ELLERY,ST,3,1579,12,A,0,,,
3015790015,11206,300,ELLERY,ST,3,1579,15,A,0,,GARDEN COMPLEX,
3015790020,11206,306,ELLERY,ST,3,1579,20,A,0,,,
3031320040,11206,319,ELLERY,ST,3,3132,40,A,0,,GARDEN COMPLEX,
3031320039,11206,321,ELLERY,ST,3,3132,39,A,0,,GARDEN COMPLEX,
3031720003,11206,137,EVERGREEN,AVE,3,3172,3,A,0,,,
3031710039,11206,148,EVERGREEN,AVE,3,3171,39,A,0,,,
3031710043,11206,166,EVERGREEN,AVE,3,3171,43,A,0,,,
3031327501,11206,22,FAYETTE,ST,3,3132,7501,A,0,421-A (1-15),421-A (1-15),
3031327502,11206,26,FAYETTE,ST,3,3132,7502,A,0,421-A (1-15),421-A (1-15),
3031327503,11206,28,FAYETTE,ST,3,3132,7503,A,0,421-A (1-15),421-A (1-15),
3022640063,11206,563,FLUSHING,AVE,3,2264,63,A,0,,,
3022640050,11206,587,FLUSHING,AVE,3,2264,50,A,0,421-A (1-15),421-A (1-15),
3022640049,11206,589,FLUSHING,AVE,3,2264,49,A,0,421-A (1-15),421-A (1-15),
3022640048,11206,591,FLUSHING,AVE,3,2264,48,A,0,421-A (1-15),421-A (1-15),
3022767502,11206,709 TO 715,FLUSHING,AVE,3,2276,7502,A,0,,,
3022760003,11206,717,FLUSHING,AVE,3,2276,3,A,0,,GARDEN COMPLEX,
3031310019,11206,794,FLUSHING,AVE,3,3131,19,A,0,,,
3031310025,11206,806,FLUSHING,AVE,3,3131,25,A,0,,,
3031317501,11206,808 TO 816,FLUSHING,AVE,3,3131,7501,A,0,421-A (1-15),GARDEN COMPLEX 421-A (1-15),
3031390009,11206,884,FLUSHING,AVE,3,3139,9,A,0,,,
3031390012,11206,890,FLUSHING,AVE,3,3139,12,A,0,,,
3031430014,11206,942 TO 944,FLUSHING,AVE,3,3143,14,A,0,,,
3031450100,11206,10,FORREST,ST,3,3145,100,A,0,,,9 NOLL ST
3031380020,11206,1 TO 13,GARDEN,ST,3,3138,20,A,0,421-A (16),421-A (16),842 FLUSHING AVE
3031380018,11206,17,GARDEN,ST,3,3138,18,A,0,,,
3031380011,11206,29,GARDEN,ST,3,3138,11,A,0,,,
3031570013,11206,72,GEORGE,ST,3,3157,13,A,0,,,
3031570015,11206,76,GEORGE,ST,3,3157,15,A,0,,,
3031570017,11206,80,GEORGE,ST,3,3157,17,A,0,421-A (1-15),421-A (1-15),
3031570020,11206,86,GEORGE,ST,3,3157,20,A,0,,,
3031570021,11206,88,GEORGE,ST,3,3157,21,A,0,,,
3031570022,11206,90,GEORGE,ST,3,3157,22,A,0,,,
3031570024,11206,94,GEORGE,ST,3,3157,24,A,0,,,
3022700001,11206,106,GERRY,ST,3,2270,1,A,0,,GARDEN COMPLEX,
3031050022,11206,57,GRAHAM,AVE,3,3105,22,A,0,,,
3031140006,11206,58,GRAHAM,AVE,3,3114,6,A,0,,,
3030967502,11206,65 TO 67,GRAHAM,AVE,3,3096,7502,A,0,421-A (16),GARDEN COMPLEX 421-A (16),6573 MOORE ST
3030960022,11206,73,GRAHAM,AVE,3,3096,22,A,0,,,
3030970002,11206,82,GRAHAM,AVE,3,3097,2,B,0,,,
3030967501,11206,83,GRAHAM,AVE,3,3096,7501,A,0,,,92 SEIGEL ST
3030880021,11206,87 TO 89,GRAHAM,AVE,3,3088,21,A,0,,ROOMING HOUSE,
3030880020,11206,91,GRAHAM,AVE,3,3088,20,A,0,,,
3030970007,11206,92,GRAHAM,AVE,3,3097,7,A,0,J-51,J-51,
3030970008,11206,94,GRAHAM,AVE,3,3097,8,A,0,,,
3030880017,11206,97,GRAHAM,AVE,3,3088,17,A,0,,,
3030800005,11206,124,GRAHAM,AVE,3,3080,5,A,0,,GARDEN COMPLEX,
3030800006,11206,126 TO 128,GRAHAM,AVE,3,3080,6,A,0,,,
3030700023,11206,127,GRAHAM,AVE,3,3070,23,A,0,,,
3030610018,11206,157,GRAHAM,AVE,3,3061,18,B,0,,ROOMING HOUSE,
3030620005,11206,158,GRAHAM,AVE,3,3062,5,A,0,,,
3030520025,11206,161,GRAHAM,AVE,3,3052,25,A,0,,GARDEN COMPLEX,
3030620008,11206,164,GRAHAM,AVE,3,3062,8,A,0,,,
3030520023,11206,165,GRAHAM,AVE,3,3052,23,A,0,,,
3030430026,11206,179,GRAHAM,AVE,3,3043,26,A,0,,GARDEN COMPLEX,
3030430023,11206,185,GRAHAM,AVE,3,3043,23,B,0,421-A (1-15),GARDEN COMPLEX 421-A (1-15),
3027890002,11206,258,GRAHAM,AVE,3,2789,2,A,0,,,
3027880022,11206,267 TO 269,GRAHAM,AVE,3,2788,22,B,0,,GARDEN COMPLEX,
3030930015,11206,20,HARRISON,PL,3,3093,15,A,0,,,
3030930016,11206,22,HARRISON,PL,3,3093,16,A,0,J-51,GARDEN COMPLEX J-51,
3022340002,11206,93,HARRISON,AVE,3,2234,2,A,0,J-51,J-51,
3022380007,11206,101,HARRISON,AVE,3,2238,7,A,0,,,
3022410036,11206,126,HARRISON,AVE,3,2241,36,A,0,421-A (1-15),GARDEN COMPLEX 421-A (1-15),
3022410037,11206,128 TO 130,HARRISON,AVE,3,2241,37,A,0,,,
3017660065,11206,53,HART,ST,3,1766,65,A,0,,,
3017660056,11206,71,HART,ST,3,1766,56,B,0,,ROOMING HOUSE,
3017700048,11206,76,HART,ST,3,1770,48,A,0,421-A (1-15),GARDEN COMPLEX 421-A (1-15),
3017710010,11206,84,HART,ST,3,1771,10,A,0,421-A (1-15),GARDEN COMPLEX 421-A (1-15),
3017710011,11206,86 TO 88,HART,ST,3,1771,11,A,0,421-A (1-15),421-A (1-15),
3017710013,11206,90,HART,ST,3,1771,13,A,0,,,
3017710014,11206,92,HART,ST,3,1771,14,A,0,421-A (1-15),421-A (1-15),
3017710015,11206,94,HART,ST,3,1771,15,A,0,421-A (1-15),421-A (1-15),
3017710016,11206,96 TO 98,HART,ST,3,1771,16,A,0,,,
3017670163,11206,99,HART,ST,3,1767,163,A,0,421-A (1-15),421-A (1-15),
3017710018,11206,100 TO 102,HART,ST,3,1771,18,A,0,,,
3017670160,11206,105,HART,ST,3,1767,160,A,0,421-A (1-15),421-A (1-15),
3017670159,11206,107,HART,ST,3,1767,159,A,0,421-A (1-15),421-A (1-15),
3017670155,11206,111,HART,ST,3,1767,155,A,0,421-A (1-15),421-A (1-15),
3017670053,11206,115,HART,ST,3,1767,53,A,0,421-A (1-15),GARDEN COMPLEX 421-A (1-15),
3017670051,11206,119,HART,ST,3,1767,51,A,0,421-A (1-15),421-A (1-15),
3017680078,11206,145,HART,ST,3,1768,78,A,0,,,
3017720042,11206,210,HART,ST,3,1772,42,A,0,,,
3017690058,11206,243 TO 245,HART,ST,3,1769,58,A,0,,,
3017690057,11206,247,HART,ST,3,1769,57,A,0,,,
3017690055,11206,251,HART,ST,3,1769,55,B,0,,,
3015940034,11206,332,HART,ST,3,1594,34,A,0,J-51,J-51,
3015940035,11206,334,HART,ST,3,1594,35,A,0,,GARDEN COMPLEX,
3015940039,11206,340,HART,ST,3,1594,39,A,0,,SECTION 610 OF PHFL,
3022310013,11206,68,HEYWARD,ST,3,2231,13,A,0,,GARDEN COMPLEX,
3022340012,11206,254 TO 256,HEYWARD,ST,3,2234,12,A,0,,,
3031270026,11206,11,HUMBOLDT,ST,3,3127,26,A,0,,,
3031270025,11206,13,HUMBOLDT,ST,3,3127,25,A,0,,,
3031270023,11206,17,HUMBOLDT,ST,3,3127,23,A,0,,GARDEN COMPLEX,
3031270022,11206,19,HUMBOLDT,ST,3,3127,22,A,0,,GARDEN COMPLEX,
3030620025,11206,163,HUMBOLDT,ST,3,3062,25,A,0,,,
3030530022,11206,183,HUMBOLDT,ST,3,3053,22,A,0,,,
3030547504,11206,188,HUMBOLDT,ST,3,3054,7504,A,0,421-A (16),421-A (16),
3030540005,11206,194,HUMBOLDT,ST,3,3054,5,A,0,,,
3030450034,11206,204 TO 210,HUMBOLDT,ST,3,3045,34,A,0,,,
3027900001,11206,276,HUMBOLDT,ST,3,2790,1,A,0,,,
3027890024,11206,277,HUMBOLDT,ST,3,2789,24,A,0,,,
3027900002,11206,278,HUMBOLDT,ST,3,2790,2,A,0,,,
3027907504,11206,284,HUMBOLDT,ST,3,2790,7504,A,0,421-A (1-15),421-A (1-15),
3030750030,11206,23,INGRAHAM,ST,3,3075,30,A,0,,GARDEN COMPLEX,
3030750029,11206,27,INGRAHAM,ST,3,3075,29,A,0,,GARDEN COMPLEX,
3030750028,11206,29,INGRAHAM,ST,3,3075,28,A,0,,,
3031607502,11206,13,JEFFERSON,ST,3,3160,7502,A,0,421-A (16),GARDEN COMPLEX 421-A (16),
3031600146,11206,15,JEFFERSON,ST,3,3160,146,A,0,421-A (16),GARDEN COMPLEX 421-A (16),
3031600045,11206,17,JEFFERSON,ST,3,3160,45,A,0,,,
3031600044,11206,19,JEFFERSON,ST,3,3160,44,A,0,,,
3031700019,11206,20,JEFFERSON,ST,3,3170,19,A,0,421-A (16),421-A (16),
3031600032,11206,41,JEFFERSON,ST,3,3160,32,A,0,,,
3031710013,11206,48,JEFFERSON,ST,3,3171,13,A,0,421-A (16),421-A (16),
3031710014,11206,50,JEFFERSON,ST,3,3171,14,A,0,,,
3031710018,11206,56,JEFFERSON,ST,3,3171,18,A,0,,,
3031710020,11206,60,JEFFERSON,ST,3,3171,20,A,0,421-G,421-G,
3031710024,11206,68,JEFFERSON,ST,3,3171,24,A,0,,,
3031620045,11206,75,JEFFERSON,ST,3,3162,45,A,0,,,
3031620044,11206,77,JEFFERSON,ST,3,3162,44,B,0,,,
3031620043,11206,79,JEFFERSON,ST,3,3162,43,A,0,,,
3031620042,11206,81,JEFFERSON,ST,3,3162,42,A,0,421-A (16),421-A (16),
3031710033,11206,88,JEFFERSON,ST,3,3171,33,A,0,,,
3031720010,11206,114,JEFFERSON,ST,3,3172,10,A,0,421-A (1-15),GARDEN COMPLEX 421-A (1-15),
3031720023,11206,140,JEFFERSON,ST,3,3172,23,A,0,,,
3031720026,11206,146,JEFFERSON,ST,3,3172,26,A,0,421-A (1-15),421-A (1-15),
3031720027,11206,148,JEFFERSON,ST,3,3172,27,A,0,,,
3031730011,11206,172,JEFFERSON,ST,3,3173,11,A,0,,,
3031640044,11206,181,JEFFERSON,ST,3,3164,44,A,0,,,
3031730016,11206,182,JEFFERSON,ST,3,3173,16,A,0,421-A (16),421-A (16),
3031640043,11206,183,JEFFERSON,ST,3,3164,43,A,0,,,
3031730018,11206,186,JEFFERSON,ST,3,3173,18,A,0,,,
3031730019,11206,188,JEFFERSON,ST,3,3173,19,A,0,,,
3031730020,11206,190,JEFFERSON,ST,3,3173,20,A,0,,,
3031730021,11206,192,JEFFERSON,ST,3,3173,21,A,0,,,
3031730022,11206,194,JEFFERSON,ST,3,3173,22,A,0,,GARDEN COMPLEX,
3030700010,11206,140,JOHNSON,AVE,3,3070,10,A,0,,GARDEN COMPLEX,
3030700015,11206,158,JOHNSON,AVE,3,3070,15,A,0,,,
3030610025,11206,163 TO 173,JOHNSON,AVE,3,3061,25,A,0,421-A (16),421-A (16),
3030620037,11206,185,JOHNSON,AVE,3,3062,37,A,0,,,
3030620036,11206,187,JOHNSON,AVE,3,3062,36,A,0,421-A (16),421-A (16),
3030620034,11206,191,JOHNSON,AVE,3,3062,34,A,0,,,
3030620033,11206,193,JOHNSON,AVE,3,3062,33,A,0,,,
3030620030,11206,199,JOHNSON,AVE,3,3062,30,A,0,,,
3030620029,11206,201,JOHNSON,AVE,3,3062,29,A,0,421-A (1-15),421-A (1-15),
3030620026,11206,207,JOHNSON,AVE,3,3062,26,A,0,,,
3030720040,11206,222,JOHNSON,AVE,3,3072,40,A,0,421-A (16),421-A (16),
3030730006,11206,246,JOHNSON,AVE,3,3073,6,A,0,421-A (1-15),GARDEN COMPLEX 421-A (1-15),
3030640025,11206,247,JOHNSON,AVE,3,3064,25,A,0,,,
3022360007,11206,223,LEE,AVE,3,2236,7,A,0,,GARDEN COMPLEX,
3022360001,11206,239,LEE,AVE,3,2236,1,A,0,,,
3022640003,11206,273,LEE,AVE,3,2264,3,A,0,,,
3022640001,11206,279,LEE,AVE,3,2264,1,A,0,421-A (1-15),421-A (1-15),
3030320026,11206,143,LEONARD,ST,3,3032,26,A,0,421-A (1-15),GARDEN COMPLEX 421-A (1-15),
3030320025,11206,145,LEONARD,ST,3,3032,25,A,0,421-A (1-15),GARDEN COMPLEX 421-A (1-15),
3030320024,11206,147,LEONARD,ST,3,3032,24,A,0,,,
3030320023,11206,149,LEONARD,ST,3,3032,23,A,0,,,
3015820002,11206,11,LEWIS,AVE,3,1582,2,A,0,421-A (16),421-A (16),
3015850036,11206,42,LEWIS,AVE,3,1585,36,A,0,,,
3015880036,11206,58,LEWIS,AVE,3,1588,36,A,0,,,
3015880037,11206,62,LEWIS,AVE,3,1588,37,A,0,,,
3015890006,11206,63,LEWIS,AVE,3,1589,6,A,0,421-A (16),421-A (16),
3015880038,11206,66,LEWIS,AVE,3,1588,38,B,0,,,
3015910040,11206,72,LEWIS,AVE,3,1591,40,A,0,,GARDEN COMPLEX,
3031340044,11206,11,LOCUST,ST,3,3134,44,A,0,,,
3031340043,11206,13,LOCUST,ST,3,3134,43,A,0,,,
3031340042,11206,15,LOCUST,ST,3,3134,42,A,0,,,
3031340040,11206,19,LOCUST,ST,3,3134,40,A,0,,,
3031350014,11206,20,LOCUST,ST,3,3135,14,A,0,,,
3031340039,11206,21,LOCUST,ST,3,3134,39,A,0,,,
3031350015,11206,22,LOCUST,ST,3,3135,15,A,0,,,
3031340038,11206,23,LOCUST,ST,3,3134,38,A,0,,,
3031350016,11206,26 TO 28,LOCUST,ST,3,3135,16,A,0,,,
3022400162,11206,25,LORIMER,ST,3,2240,162,A,0,,,
3022400159,11206,33,LORIMER,ST,3,2240,159,A,0,,,
3022400155,11206,43,LORIMER,ST,3,2240,155,A,0,,,
3022400153,11206,47,LORIMER,ST,3,2240,153,A,0,,,
3022420051,11206,157,LORIMER,ST,3,2242,51,B,0,,,
3030490031,11206,345,LORIMER,ST,3,3049,31,A,0,,GARDEN COMPLEX,
3030310018,11206,381 TO 399,LORIMER,ST,3,3031,18,A,0,,ARTICLE 11,
3030220025,11206,405 TO 427,LORIMER,ST,3,3022,25,A,0,,ARTICLE 11,46 TEN EYCK ST
3030230003,11206,410,LORIMER,ST,3,3023,3,A,0,,GARDEN COMPLEX,
3027910033,11206,429,LORIMER,ST,3,2791,33,A,0,421-A (1-15),421-A (1-15),
3027910032,11206,433,LORIMER,ST,3,2791,32,A,0,421-A (1-15),421-A (1-15),
3027920002,11206,442,LORIMER,ST,3,2792,2,A,0,,,
3022310062,11206,49 TO 51,LYNCH,ST,3,2231,62,A,0,421-A (1-15),421-A (1-15),
3022370011,11206,148,LYNCH,ST,3,2237,11,A,0,,,
3022380127,11206,246,LYNCH,ST,3,2238,127,A,0,,GARDEN COMPLEX,
3030790003,11206,88,MANHATTAN,AVE,3,3079,3,A,0,,,
3030700003,11206,104,MANHATTAN,AVE,3,3070,3,A,0,,,
3030700008,11206,114,MANHATTAN,AVE,3,3070,8,A,0,,,
3030510020,11206,137,MANHATTAN,AVE,3,3051,20,A,0,,,
3030520004,11206,140,MANHATTAN,AVE,3,3052,4,B,0,,,
3030520005,11206,142,MANHATTAN,AVE,3,3052,5,A,0,421-A (16),421-A (16),
3030520006,11206,144,MANHATTAN,AVE,3,3052,6,A,0,,,
3030427504,11206,147,MANHATTAN,AVE,3,3042,7504,A,0,,,
3027870028,11206,219,MANHATTAN,AVE,3,2787,28,A,0,,,
3027870025,11206,223,MANHATTAN,AVE,3,2787,25,A,0,421-A (16),421-A (16),
3027880003,11206,226,MANHATTAN,AVE,3,2788,3,A,0,,,
3027880004,11206,228,MANHATTAN,AVE,3,2788,4,A,0,421-A (16),421-A (16),
3015790002,11206,29,MARCUS GARVEY,BLVD,3,1579,2,A,0,J-51,J-51,29 SUMNER AVE
3015940003,11206,143,MARCUS GARVEY,BLVD,3,1594,3,A,0,,SECTION 610 OF PHFL,
3017770033,11206,146,MARCUS GARVEY,BLVD,3,1777,33,A,0,J-51,,282 PULASKI ST
3022370008,11206,367,MARCY,AVE,3,2237,8,A,0,,,
3017557503,11206,577 TO 589,MARCY,AVE,3,1755,7503,A,0,,GARDEN COMPLEX,
3017540047,11206,578,MARCY,AVE,3,1754,47,A,0,,,
3017597501,11206,597,MARCY,AVE,3,1759,7501,A,0,421-A (1-15),1 421-A (1-15),
3017580051,11206,598,MARCY,AVE,3,1758,51,A,0,,,
3017590005,11206,601 TO 603,MARCY,AVE,3,1759,5,A,0,J-51,GARDEN COMPLEX J-51,
3017590001,11206,611,MARCY,AVE,3,1759,1,A,0,,,519 WILLOUGHBY AVE
3017670007,11206,613 TO 615,MARCY,AVE,3,1767,7,A,0,,,518 WILLOUGHBY AVE
3017710005,11206,633 TO 635,MARCY,AVE,3,1771,5,A,0,421-A (16),GARDEN COMPLEX 421-A (16),80 HART ST
3017710004,11206,637,MARCY,AVE,3,1771,4,B,0,,,
3017710001,11206,641 TO 643,MARCY,AVE,3,1771,1,A,0,,,81 PULASKI ST
3017750008,11206,649,MARCY,AVE,3,1775,8,A,0,J-51,J-51,
3017740048,11206,650,MARCY,AVE,3,1774,48,A,0,421-A (1-15),421-A (1-15),
3017750007,11206,651,MARCY,AVE,3,1775,7,A,0,,,
3017740049,11206,652,MARCY,AVE,3,1774,49,A,0,421-A (1-15),421-A (1-15),
3017750006,11206,653,MARCY,AVE,3,1775,6,A,0,421-A (1-15),421-A (1-15),
3017430011,11206,100,MARTIN LUTHER KING JR,PL,3,1743,11,A,0,,,
3017430012,11206,102,MARTIN LUTHER KING JR,PL,3,1743,12,A,0,421-A (1-15),421-A (1-15),
3017430016,11206,108,MARTIN LUTHER KING JR,PL,3,1743,16,A,0,,,
3017430017,11206,110,MARTIN LUTHER KING JR,PL,3,1743,17,A,0,,,
3027910107,11206,2,MAUJER,ST,3,2791,107,A,0,,,
3027910108,11206,4,MAUJER,ST,3,2791,108,A,0,,,
3027910109,11206,8,MAUJER,ST,3,2791,109,A,0,,,
3027910110,11206,10,MAUJER,ST,3,2791,110,A,0,,,
3027910111,11206,12,MAUJER,ST,3,2791,111,A,0,,,
3027850001,11206,19,MAUJER,ST,3,2785,1,A,0,,GARDEN COMPLEX,
3027910014,11206,20 TO 22,MAUJER,ST,3,2791,14,A,0,,GARDEN COMPLEX,
3027850044,11206,33,MAUJER,ST,3,2785,44,A,0,,,
3027850042,11206,37,MAUJER,ST,3,2785,42,A,0,,GARDEN COMPLEX,
3027910024,11206,40,MAUJER,ST,3,2791,24,A,0,421-A (1-15),421-A (1-15),
3027910025,11206,42,MAUJER,ST,3,2791,25,A,0,421-A (1-15),421-A (1-15),
3027850040,11206,43,MAUJER,ST,3,2785,40,A,0,,GARDEN COMPLEX,
3027850039,11206,45,MAUJER,ST,3,2785,39,A,0,,GARDEN COMPLEX,
3027910027,11206,46,MAUJER,ST,3,2791,27,A,0,,,
3027850037,11206,47,MAUJER,ST,3,2785,37,A,0,,,
3027910028,11206,48,MAUJER,ST,3,2791,28,A,0,421-A (1-15),421-A (1-15),
3027920013,11206,68,MAUJER,ST,3,2792,13,A,0,,,
3027860039,11206,83,MAUJER,ST,3,2786,39,A,0,,,
3027870036,11206,113,MAUJER,ST,3,2787,36,B,0,421-A (16),421-A (16),
3027870035,11206,115,MAUJER,ST,3,2787,35,B,0,421-A (1-15),421-A (1-15),
3027870034,11206,117,MAUJER,ST,3,2787,34,B,0,421-A (1-15),421-A (1-15),
3027870033,11206,119,MAUJER,ST,3,2787,33,B,0,421-A (1-15),421-A (1-15),
3027870032,11206,121,MAUJER,ST,3,2787,32,B,0,421-A (1-15),421-A (1-15),
3027887501,11206,147,MAUJER,ST,3,2788,7501,A,0,,,
3027880032,11206,159,MAUJER,ST,3,2788,32,A,0,,,
3027890001,11206,173,MAUJER,ST,3,2789,1,A,0,,,
3027890039,11206,177,MAUJER,ST,3,2789,39,A,0,,,
3027890036,11206,181,MAUJER,ST,3,2789,36,A,0,,,
3027900037,11206,217 TO 219,MAUJER,ST,3,2790,37,A,0,,,
3027900032,11206,229,MAUJER,ST,3,2790,32,A,0,,,
3030190084,11206,295,MAUJER,ST,3,3019,84,A,0,,,
3030210016,11206,304,MAUJER,ST,3,3021,16,A,0,,,
3030880013,11206,118,MCKIBBEN,ST,3,3088,13,B,0,,,
3030890008,11206,136,MCKIBBEN,ST,3,3089,8,A,0,,,
3031600015,11206,22,MELROSE,ST,3,3160,15,A,0,421-A (1-15),GARDEN COMPLEX 421-A (1-15),
3031607501,11206,28,MELROSE,ST,3,3160,7501,A,0,421-A (1-15),421-A (1-15),
3031600018,11206,32,MELROSE,ST,3,3160,18,A,0,,GARDEN COMPLEX,
3031500035,11206,39,MELROSE,ST,3,3150,35,A,0,,GARDEN COMPLEX,
3031500034,11206,41,MELROSE,ST,3,3150,34,A,0,,GARDEN COMPLEX,
3031507501,11206,45,MELROSE,ST,3,3150,7501,A,0,,GARDEN COMPLEX,
3031600023,11206,46,MELROSE,ST,3,3160,23,A,0,421-A (16),421-A (16),
3031517502,11206,61,MELROSE,ST,3,3151,7502,A,0,,GARDEN COMPLEX,
3031517503,11206,73 TO 87,MELROSE,ST,3,3151,7503,A,0,,GARDEN COMPLEX,
3031520048,11206,123,MELROSE,ST,3,3152,48,A,0,421-A (1-15),421-A (1-15),
3031570052,11206,239,MELROSE,ST,3,3157,52,A,0,,GARDEN COMPLEX SECTION 610 OF PHFL,
3031640015,11206,252,MELROSE,ST,3,3164,15,A,0,,,
3031640017,11206,256,MELROSE,ST,3,3164,17,B,0,,,
3031570043,11206,263,MELROSE,ST,3,3157,43,A,0,,,
3030407503,11206,11,MESEROLE,ST,3,3040,7503,A,0,,,
3030490010,11206,12,MESEROLE,ST,3,3049,10,B,0,421-A (1-15),421-A (1-15),
3030490011,11206,14,MESEROLE,ST,3,3049,11,B,0,421-A (1-15),421-A (1-15),
3030490012,11206,16,MESEROLE,ST,3,3049,12,B,0,421-A (1-15),421-A (1-15),
3030400044,11206,17 TO 21,MESEROLE,ST,3,3040,44,A,0,421-A (16),421-A (16),
3030490013,11206,18,MESEROLE,ST,3,3049,13,B,0,421-A (1-15),421-A (1-15),
3030400043,11206,23,MESEROLE,ST,3,3040,43,A,0,,,
3030400039,11206,29,MESEROLE,ST,3,3040,39,A,0,421-A (16),421-A (16),
3030490125,11206,42,MESEROLE,ST,3,3049,125,A,0,,GARDEN COMPLEX,
3030490126,11206,44,MESEROLE,ST,3,3049,126,A,0,,GARDEN COMPLEX,
3030490029,11206,46,MESEROLE,ST,3,3049,29,A,0,421-A (1-15),421-A (1-15),
3030500018,11206,80,MESEROLE,ST,3,3050,18,A,0,421-A (1-15),421-A (1-15),
3030510005,11206,90,MESEROLE,ST,3,3051,5,A,0,421-A (1-15),421-A (1-15),
3030510006,11206,92,MESEROLE,ST,3,3051,6,A,0,421-A (1-15),421-A (1-15),
3030510007,11206,94,MESEROLE,ST,3,3051,7,A,0,421-A (1-15),421-A (1-15),
3030510008,11206,96,MESEROLE,ST,3,3051,8,A,0,421-A (1-15),421-A (1-15),
3030510009,11206,98,MESEROLE,ST,3,3051,9,A,0,,,
3030510014,11206,110,MESEROLE,ST,3,3051,14,A,0,,GARDEN COMPLEX,
3030520011,11206,134,MESEROLE,ST,3,3052,11,A,0,,,
3030527501,11206,150 TO 154,MESEROLE,ST,3,3052,7501,A,0,,,169 GRAHAM AVE
3030440032,11206,161,MESEROLE,ST,3,3044,32,A,0,J-51,J-51,
3030440029,11206,165,MESEROLE,ST,3,3044,29,A,0,,,
3030530009,11206,166,MESEROLE,ST,3,3053,9,A,0,,,
3030530010,11206,168,MESEROLE,ST,3,3053,10,A,0,,GARDEN COMPLEX,
3030530011,11206,170,MESEROLE,ST,3,3053,11,A,0,,GARDEN COMPLEX,
3030440026,11206,171,MESEROLE,ST,3,3044,26,A,0,,,
3030530012,11206,172,MESEROLE,ST,3,3053,12,A,0,,GARDEN COMPLEX,
3030530014,11206,176,MESEROLE,ST,3,3053,14,A,0,,,
3030530019,11206,186,MESEROLE,ST,3,3053,19,A,0,,,
3030530020,11206,188,MESEROLE,ST,3,3053,20,A,0,,,
3030450027,11206,199,MESEROLE,ST,3,3045,27,A,0,,,
3030450026,11206,201,MESEROLE,ST,3,3045,26,A,0,421-A (1-15),421-A (1-15),
3030540012,11206,202,MESEROLE,ST,3,3054,12,A,0,,,
3030450025,11206,203,MESEROLE,ST,3,3045,25,A,0,421-A (1-15),421-A (1-15),
3030540013,11206,204,MESEROLE,ST,3,3054,13,A,0,,,
3030450024,11206,205,MESEROLE,ST,3,3045,24,A,0,421-A (1-15),421-A (1-15),
3030540014,11206,206,MESEROLE,ST,3,3054,14,A,0,,,
3030450023,11206,207,MESEROLE,ST,3,3045,23,A,0,421-A (1-15),421-A (1-15),
3030540015,11206,208,MESEROLE,ST,3,3054,15,A,0,,,
3030540016,11206,210 TO 212,MESEROLE,ST,3,3054,16,A,0,,,
3030550003,11206,230 TO 232,MESEROLE,ST,3,3055,3,A,0,,GARDEN COMPLEX,219223 BUSHWICK AVE
3022400012,11206,50,MIDDLETON,ST,3,2240,12,A,0,421-A (1-15),421-A (1-15),
3022400029,11206,78,MIDDLETON,ST,3,2240,29,A,0,421-A (1-15),GARDEN COMPLEX 421-A (1-15),
3022370039,11206,163,MIDDLETON,ST,3,2237,39,A,0,421-A (1-15),421-A (1-15),
3022420017,11206,186,MIDDLETON,ST,3,2242,17,A,0,,,
3022380044,11206,213,MIDDLETON,ST,3,2238,44,A,0,,,
3031410001,11206,2 TO 30,MONTIETH,ST,3,3141,1,A,0,421-A (1-15),GARDEN COMPLEX 421-A (1-15),479 BUSHWICK AVE
3030490043,11206,25,MONTROSE,AVE,3,3049,43,A,0,,,
3030490040,11206,31,MONTROSE,AVE,3,3049,40,A,0,,,
3030490037,11206,37,MONTROSE,AVE,3,3049,37,A,0,,,
3030490036,11206,41,MONTROSE,AVE,3,3049,36,A,0,,,
3030500001,11206,49 TO 51,MONTROSE,AVE,3,3050,1,A,0,421-A (1-15),421-A (1-15),334 LORIMER ST
3030500039,11206,53,MONTROSE,AVE,3,3050,39,A,0,,,
3030500033,11206,65,MONTROSE,AVE,3,3050,33,A,0,,GARDEN COMPLEX,
3030500023,11206,73,MONTROSE,AVE,3,3050,23,A,0,421-A (1-15),421-A (1-15),
3030510035,11206,85,MONTROSE,AVE,3,3051,35,A,0,421-A (1-15),GARDEN COMPLEX 421-A (1-15),
3030510034,11206,87,MONTROSE,AVE,3,3051,34,A,0,J-51,J-51,
3030510027,11206,101,MONTROSE,AVE,3,3051,27,A,0,,,
3030520033,11206,131,MONTROSE,AVE,3,3052,33,B,0,,,
3030520031,11206,135,MONTROSE,AVE,3,3052,31,A,0,,GARDEN COMPLEX,
3030520030,11206,137,MONTROSE,AVE,3,3052,30,A,0,,,
3030520029,11206,139,MONTROSE,AVE,3,3052,29,A,0,,,
3030520028,11206,141,MONTROSE,AVE,3,3052,28,A,0,,,
3030520027,11206,143,MONTROSE,AVE,3,3052,27,A,0,,,
3030530032,11206,165,MONTROSE,AVE,3,3053,32,A,0,,,
3030620009,11206,166,MONTROSE,AVE,3,3062,9,A,0,,,
3030620010,11206,168,MONTROSE,AVE,3,3062,10,A,0,,,
3030530027,11206,177,MONTROSE,AVE,3,3053,27,A,0,,,
3030530025,11206,181 TO 183,MONTROSE,AVE,3,3053,25,A,0,,,
3030620022,11206,196,MONTROSE,AVE,3,3062,22,A,0,J-51,J-51,
3030630101,11206,198,MONTROSE,AVE,3,3063,101,A,0,,GARDEN COMPLEX,176 HUMBOLDT ST
3030540036,11206,201,MONTROSE,AVE,3,3054,36,A,0,421-A (1-15),421-A (1-15),
3030540035,11206,203 TO 205,MONTROSE,AVE,3,3054,35,A,0,,,
3030540034,11206,207,MONTROSE,AVE,3,3054,34,A,0,,,
3030630009,11206,214,MONTROSE,AVE,3,3063,9,A,0,421-A (1-15),421-A (1-15) ARTICLE 11,
3030630013,11206,222,MONTROSE,AVE,3,3063,13,A,0,J-51,J-51,
3030630114,11206,224,MONTROSE,AVE,3,3063,114,A,0,,,
3030630115,11206,226,MONTROSE,AVE,3,3063,115,A,0,,,
3030550022,11206,233,MONTROSE,AVE,3,3055,22,A,0,,,
3030550021,11206,235,MONTROSE,AVE,3,3055,21,A,0,,,
3030640005,11206,236,MONTROSE,AVE,3,3064,5,A,0,,GARDEN COMPLEX,
3030550018,11206,241,MONTROSE,AVE,3,3055,18,A,0,,,
3030550017,11206,243,MONTROSE,AVE,3,3055,17,A,0,,,
3030550015,11206,247,MONTROSE,AVE,3,3055,15,A,0,,,
3031060008,11206,86,MOORE,ST,3,3106,8,A,0,,,
3031060011,11206,90,MOORE,ST,3,3106,11,A,0,421-A (1-15),421-A (1-15),
3030970026,11206,109,MOORE,ST,3,3097,26,A,0,,,
3031100010,11206,260,MOORE,ST,3,3110,10,A,0,,,
3017547502,11206,756,MYRTLE,AVE,3,1754,7502,A,0,421-A (16),GARDEN COMPLEX 421-A (16),
3017540017,11206,774,MYRTLE,AVE,3,1754,17,A,0,,GARDEN COMPLEX,
3017547504,11206,782,MYRTLE,AVE,3,1754,7504,A,0,,,
3017540033,11206,802,MYRTLE,AVE,3,1754,33,A,0,421-A (1-15),GARDEN COMPLEX 421-A (1-15),
3017540036,11206,808,MYRTLE,AVE,3,1754,36,A,0,421-A (1-15),GARDEN COMPLEX 421-A (1-15),
3017547505,11206,812,MYRTLE,AVE,3,1754,7505,A,0,421-A (16),421-A (16),
3017540040,11206,816,MYRTLE,AVE,3,1754,40,A,0,421-A (1-15),421-A (1-15),
3017477509,11206,851 TO 867,MYRTLE,AVE,3,1747,7509,A,0,421-A (1-15),421-A (1-15),
3017550020,11206,854,MYRTLE,AVE,3,1755,20,A,0,,GARDEN COMPLEX,
3017470054,11206,869,MYRTLE,AVE,3,1747,54,A,0,421-A (1-15),421-A (1-15),
3017477506,11206,901,MYRTLE,AVE,3,1747,7506,A,0,421-A (1-15),421-A (1-15),98 TOMPKINS AVE
3017560024,11206,924,MYRTLE,AVE,3,1756,24,A,0,421-A (16),GARDEN COMPLEX 421-A (16),
3017560026,11206,928,MYRTLE,AVE,3,1756,26,A,0,,,
3017570009,11206,956,MYRTLE,AVE,3,1757,9,A,0,,,
3017570011,11206,960,MYRTLE,AVE,3,1757,11,A,0,,,
3017570012,11206,962,MYRTLE,AVE,3,1757,12,B,0,,,
3017570018,11206,974,MYRTLE,AVE,3,1757,18,A,0,,,
3017570019,11206,976,MYRTLE,AVE,3,1757,19,A,0,421-A (1-15),421-A (1-15),
3017570120,11206,978A,MYRTLE,AVE,3,1757,120,A,0,,GARDEN COMPLEX,
3017570022,11206,982,MYRTLE,AVE,3,1757,22,B,0,,,
3015850031,11206,1070,MYRTLE,AVE,3,1585,31,A,0,,ROOMING HOUSE,
3031700009,11206,1157,MYRTLE,AVE,3,3170,9,A,0,421-A (16),421-A (16),
3031700004,11206,1167,MYRTLE,AVE,3,3170,4,B,0,,,
3031520001,11206,54,NOLL,ST,3,3152,1,A,0,421-A (1-15),421-A (1-15),
3031340014,11206,20,PARK,ST,3,3134,14,A,0,,,
3031340015,11206,22,PARK,ST,3,3134,15,A,0,,,
3017390006,11206,652,PARK,AVE,3,1739,6,A,0,,,519 MARCY AVE
3017310037,11206,741,PARK,AVE,3,1731,37,A,0,,GARDEN COMPLEX,
3017310035,11206,745,PARK,AVE,3,1731,35,A,0,,,
3017310030,11206,755,PARK,AVE,3,1731,30,A,0,421-A (16),421-A (16),
3017320136,11206,763,PARK,AVE,3,1732,136,A,0,421-A (16),GARDEN COMPLEX 421-A (16),
3015797501,11206,869,PARK,AVE,3,1579,7501,A,0,421-A (16),GARDEN COMPLEX 421-A (16),
3017740008,11206,2 TO 8,PULASKI,ST,3,1774,8,A,0,,,
3017740010,11206,12,PULASKI,ST,3,1774,10,A,0,J-51,J-51 SEC 608,
3017700066,11206,57,PULASKI,ST,3,1770,66,A,0,421-A (1-15),421-A (1-15),
3017740044,11206,66,PULASKI,ST,3,1774,44,A,0,421-A (1-15),421-A (1-15),
3017750018,11206,96,PULASKI,ST,3,1775,18,A,0,J-51,J-51 SEC 608,
3017750020,11206,98,PULASKI,ST,3,1775,20,A,0,J-51,GARDEN COMPLEX J-51,
3017750021,11206,100,PULASKI,ST,3,1775,21,A,0,J-51,GARDEN COMPLEX J-51,
3017750023,11206,104,PULASKI,ST,3,1775,23,B,0,,GARDEN COMPLEX,
3017750033,11206,128,PULASKI,ST,3,1775,33,A,0,J-51,J-51 SEC 608,
3017760011,11206,152,PULASKI,ST,3,1776,11,A,0,,,
3017760018,11206,166,PULASKI,ST,3,1776,18,A,0,,,
3017760029,11206,188,PULASKI,ST,3,1776,29,A,0,421-A (16),GARDEN COMPLEX 421-A (16),
3017720051,11206,199 TO 203,PULASKI,ST,3,1772,51,A,0,,,
3017770001,11206,220,PULASKI,ST,3,1777,1,A,0,421-A (1-15),421-A (1-15),305 THROOP AVE
3017770003,11206,222,PULASKI,ST,3,1777,3,A,0,,,
3017770005,11206,226,PULASKI,ST,3,1777,5,A,0,,,
3017770011,11206,236,PULASKI,ST,3,1777,11,A,0,,,
3017770012,11206,238,PULASKI,ST,3,1777,12,A,0,421-A (16),GARDEN COMPLEX 421-A (16),
3017770015,11206,270,PULASKI,ST,3,1777,15,A,0,,GARDEN COMPLEX,
3015940001,11206,285,PULASKI,ST,3,1594,1,A,0,,GARDEN COMPLEX,
3015940065,11206,315,PULASKI,ST,3,1594,65,A,0,,SECTION 610 OF PHFL,
3015980041,11206,412,PULASKI,ST,3,1598,41,B,0,J-51,GARDEN COMPLEX J-51,
3030310042,11206,21,SCHOLES,ST,3,3031,42,A,0,421-A (1-15),421-A (1-15),
3030400015,11206,22,SCHOLES,ST,3,3040,15,A,0,,,
3030400019,11206,30,SCHOLES,ST,3,3040,19,A,0,,GARDEN COMPLEX,
3030400020,11206,32,SCHOLES,ST,3,3040,20,A,0,,GARDEN COMPLEX,
3030400022,11206,36,SCHOLES,ST,3,3040,22,A,0,421-A (1-15),421-A (1-15),
3030400023,11206,38,SCHOLES,ST,3,3040,23,A,0,421-A (1-15),421-A (1-15),
3030400024,11206,40,SCHOLES,ST,3,3040,24,A,0,,GARDEN COMPLEX,
3030320032,11206,63F,SCHOLES,ST,3,3032,32,A,0,,,
3030417501,11206,64,SCHOLES,ST,3,3041,7501,A,0,,GARDEN COMPLEX SECTION 610 OF PHFL,
3030320030,11206,67R,SCHOLES,ST,3,3032,30,A,0,,,67 SCHOLES ST
3030320028,11206,71,SCHOLES,ST,3,3032,28,A,0,421-A (1-15),GARDEN COMPLEX 421-A (1-15),
3030410013,11206,72,SCHOLES,ST,3,3041,13,A,0,,,
3030420005,11206,92,SCHOLES,ST,3,3042,5,A,0,,,
3030420006,11206,94,SCHOLES,ST,3,3042,6,A,0,,,
3030420011,11206,104,SCHOLES,ST,3,3042,11,A,0,,,
3030420012,11206,106,SCHOLES,ST,3,3042,12,A,0,,,
3030430010,11206,128,SCHOLES,ST,3,3043,10,A,0,421-A (1-15),GARDEN COMPLEX 421-A (1-15),
3030430011,11206,130,SCHOLES,ST,3,3043,11,A,0,,,
3030430012,11206,132,SCHOLES,ST,3,3043,12,A,0,,,
3030430015,11206,138,SCHOLES,ST,3,3043,15,A,0,,,
3030430017,11206,142,SCHOLES,ST,3,3043,17,A,0,,,
3030447503,11206,160,SCHOLES,ST,3,3044,7503,A,0,421-A (1-15),GARDEN COMPLEX 421-A (1-15),
3030447502,11206,162,SCHOLES,ST,3,3044,7502,A,0,421-A (1-15),GARDEN COMPLEX 421-A (1-15),
3030447504,11206,164,SCHOLES,ST,3,3044,7504,A,0,421-A (1-15),GARDEN COMPLEX 421-A (1-15),
3030447501,11206,166,SCHOLES,ST,3,3044,7501,A,0,421-A (1-15),GARDEN COMPLEX 421-A (1-15),
3030440010,11206,168,SCHOLES,ST,3,3044,10,A,0,421-A (1-15),GARDEN COMPLEX 421-A (1-15),
3030440014,11206,174,SCHOLES,ST,3,3044,14,A,0,421-A (1-15),GARDEN COMPLEX 421-A (1-15),
3030440016,11206,180,SCHOLES,ST,3,3044,16,A,0,421-A (16),421-A (16),
3030450007,11206,198,SCHOLES,ST,3,3045,7,A,0,,,
3030450008,11206,200R,SCHOLES,ST,3,3045,8,A,0,J-51,GARDEN COMPLEX J-51,
3030450010,11206,204,SCHOLES,ST,3,3045,10,A,0,,,
3030450011,11206,206,SCHOLES,ST,3,3045,11,A,0,,,
3030450013,11206,210 TO 212,SCHOLES,ST,3,3045,13,A,0,,GARDEN COMPLEX,
3030450015,11206,214,SCHOLES,ST,3,3045,15,A,0,,GARDEN COMPLEX,
3030970012,11206,110,SEIGEL,ST,3,3097,12,A,0,,GARDEN COMPLEX,
3030970014,11206,114,SEIGEL,ST,3,3097,14,A,0,421-A (1-15),GARDEN COMPLEX 421-A (1-15),
3030970115,11206,116,SEIGEL,ST,3,3097,115,A,0,421-A (1-15),421-A (1-15),
3030970117,11206,118A,SEIGEL,ST,3,3097,117,A,0,421-A (1-15),421-A (1-15),
3030970116,11206,118,SEIGEL,ST,3,3097,116,A,0,421-A (1-15),421-A (1-15),
3030970118,11206,120,SEIGEL,ST,3,3097,118,A,0,421-A (1-15),421-A (1-15),
3030970018,11206,122 TO 126,SEIGEL,ST,3,3097,18,A,0,J-51,J-51,
3030220101,11206,7,STAGG,ST,3,3022,101,A,0,,GARDEN COMPLEX,
3030310012,11206,16,STAGG,ST,3,3031,12,A,0,,GARDEN COMPLEX,
3030310013,11206,18R,STAGG,ST,3,3031,13,A,0,,GARDEN COMPLEX,
3030310014,11206,20R,STAGG,ST,3,3031,14,A,0,,GARDEN COMPLEX,
3030310015,11206,22R,STAGG,ST,3,3031,15,A,0,,GARDEN COMPLEX,
3030320005,11206,56,STAGG,ST,3,3032,5,A,0,,,
3030320009,11206,58,STAGG,ST,3,3032,9,A,0,421-A (1-15),GARDEN COMPLEX 421-A (1-15),
3030230029,11206,87,STAGG,ST,3,3023,29,A,0,421-A (1-15),421-A (1-15),
3030377501,11206,236 TO 238,STAGG,ST,3,3037,7501,A,0,421-A (16),421-A (16),
3030370015,11206,246,STAGG,ST,3,3037,15,A,0,,GARDEN COMPLEX,
3030370028,11206,272,STAGG,ST,3,3037,28,A,0,,,
3031390021,11206,115,STANWIX,ST,3,3139,21,A,0,421-A (16),GARDEN COMPLEX 421-A (16),
3017430081,11206,89,STOCKTON,ST,3,1743,81,A,0,421-A (1-15),GARDEN COMPLEX 421-A (1-15),
3017430080,11206,91,STOCKTON,ST,3,1743,80,A,0,421-A (1-15),421-A (1-15),
3017430078,11206,95,STOCKTON,ST,3,1743,78,A,0,421-A (1-15),GARDEN COMPLEX 421-A (1-15),
3017430077,11206,97,STOCKTON,ST,3,1743,77,A,0,421-A (16),421-A (16),
3017430076,11206,99,STOCKTON,ST,3,1743,76,A,0,421-A (16),421-A (16),
3015840007,11206,362 TO 364,STOCKTON,ST,3,1584,7,A,0,,GARDEN COMPLEX,
3015840009,11206,366 TO 368,STOCKTON,ST,3,1584,9,A,0,421-A (1-15),421-A (1-15),
3015940002,11206,145,SUMNER,AVE,3,1594,2,A,0,,GARDEN COMPLEX,145 MARCUS GARVEY BLVD
3027910049,11206,5 TO 9,TEN EYCK,ST,3,2791,49,A,0,,,
3030220016,11206,14 TO 22,TEN EYCK,ST,3,3022,16,A,0,,ARTICLE 11,13 STAGG ST
3027910037,11206,33,TEN EYCK,ST,3,2791,37,A,0,,GARDEN COMPLEX,
3027910036,11206,35,TEN EYCK,ST,3,2791,36,A,0,,GARDEN COMPLEX,
3027910035,11206,37,TEN EYCK,ST,3,2791,35,A,0,,GARDEN COMPLEX,
3027920036,11206,53,TEN EYCK,ST,3,2792,36,A,0,,,
3030230013,11206,58,TEN EYCK,ST,3,3023,13,A,0,421-A (1-15),421-A (1-15),
3027920031,11206,63,TEN EYCK,ST,3,2792,31,A,0,,,
3030230018,11206,68,TEN EYCK,ST,3,3023,18,A,0,,,
3030230019,11206,70,TEN EYCK,ST,3,3023,19,A,0,,,
3030237504,11206,78 TO 80,TEN EYCK,ST,3,3023,7504,A,0,421-A (1-15),GARDEN COMPLEX 421-A (1-15),
3022510002,11206,45,THROOP,AVE,3,2251,2,A,0,421-A (1-15),421-A (1-15),
3022507503,11206,52 TO 56,THROOP,AVE,3,2250,7503,A,0,,,
3017260026,11206,164,THROOP,AVE,3,1726,26,A,0,J-51,GARDEN COMPLEX J-51,
3017260027,11206,166,THROOP,AVE,3,1726,27,A,0,,GARDEN COMPLEX,
3017230002,11206,179 TO 183,THROOP,AVE,3,1723,2,A,0,,,
3017320019,11206,180,THROOP,AVE,3,1732,19,A,0,421-A (16),421-A (16),
3017320023,11206,188,THROOP,AVE,3,1732,23,A,0,,,
3017570003,11206,247A,THROOP,AVE,3,1757,3,A,0,421-A (1-15),GARDEN COMPLEX 421-A (1-15),
3017570004,11206,247,THROOP,AVE,3,1757,4,A,0,421-A (1-15),GARDEN COMPLEX 421-A (1-15),
3017570002,11206,249,THROOP,AVE,3,1757,2,A,0,421-A (1-15),GARDEN COMPLEX 421-A (1-15),
3017570001,11206,251,THROOP,AVE,3,1757,1,A,0,421-A (1-15),GARDEN COMPLEX 421-A (1-15),
3017610003,11206,255,THROOP,AVE,3,1761,3,A,0,,,
3017600048,11206,276,THROOP,AVE,3,1760,48,A,0,J-51,J-51,
3017730006,11206,289,THROOP,AVE,3,1773,6,A,0,,GARDEN COMPLEX,
3017730004,11206,295,THROOP,AVE,3,1773,4,A,0,,,
3017680046,11206,296,THROOP,AVE,3,1768,46,A,0,,GARDEN COMPLEX,
3017770072,11206,313,THROOP,AVE,3,1777,72,A,0,421-A (1-15),421-A (1-15),
3017770070,11206,321,THROOP,AVE,3,1777,70,A,0,421-A (1-15),421-A (1-15),
3017760043,11206,334,THROOP,AVE,3,1776,43,A,0,,GARDEN COMPLEX,
3017760044,11206,336,THROOP,AVE,3,1776,44,B,0,,,
3017560004,11206,123 TO 125,TOMPKINS,AVE,3,1756,4,A,0,,,
3017560002,11206,127 TO 129,TOMPKINS,AVE,3,1756,2,A,0,,,
3017670038,11206,150,TOMPKINS,AVE,3,1767,38,A,0,,SECTION 610 OF PHFL,
3017720010,11206,171,TOMPKINS,AVE,3,1772,10,A,0,,,
3017720006,11206,179,TOMPKINS,AVE,3,1772,6,A,0,,,
3017720003,11206,183,TOMPKINS,AVE,3,1772,3,A,0,,,
3031700141,11206,11,TROUTMAN,ST,3,3170,141,A,0,,,
3031710069,11206,31,TROUTMAN,ST,3,3171,69,A,0,421-A (16),GARDEN COMPLEX 421-A (16),
3031710068,11206,33,TROUTMAN,ST,3,3171,68,A,0,421-A (16),GARDEN COMPLEX 421-A (16),
3031710066,11206,37,TROUTMAN,ST,3,3171,66,A,0,421-A (1-15),421-A (1-15),
3031710065,11206,39,TROUTMAN,ST,3,3171,65,A,0,,,
3031830023,11206,44,TROUTMAN,ST,3,3183,23,A,0,421-A (1-15),421-A (1-15),
3031710059,11206,49,TROUTMAN,ST,3,3171,59,A,0,,GARDEN COMPLEX,
3031710058,11206,51,TROUTMAN,ST,3,3171,58,A,0,421-A (1-15),GARDEN COMPLEX 421-A (1-15),
3031830027,11206,54,TROUTMAN,ST,3,3183,27,A,0,,,
3031710056,11206,55,TROUTMAN,ST,3,3171,56,A,0,,GARDEN COMPLEX,
3031710055,11206,57,TROUTMAN,ST,3,3171,55,A,0,,,
3031710053,11206,61,TROUTMAN,ST,3,3171,53,A,0,421-A (16),GARDEN COMPLEX 421-A (16),
3031710052,11206,63,TROUTMAN,ST,3,3171,52,A,0,,,
3031830032,11206,64,TROUTMAN,ST,3,3183,32,A,0,,,
3031840011,11206,98,TROUTMAN,ST,3,3184,11,A,0,,GARDEN COMPLEX,
3031720053,11206,99,TROUTMAN,ST,3,3172,53,B,0,,,
3031840012,11206,100,TROUTMAN,ST,3,3184,12,A,0,,,
3031720052,11206,101,TROUTMAN,ST,3,3172,52,B,0,,,
3031720051,11206,103,TROUTMAN,ST,3,3172,51,B,0,,,
3031720050,11206,105,TROUTMAN,ST,3,3172,50,A,0,421-A (1-15),GARDEN COMPLEX 421-A (1-15),
3031840015,11206,106,TROUTMAN,ST,3,3184,15,A,0,,,
3031720047,11206,111,TROUTMAN,ST,3,3172,47,A,0,421-A (16),GARDEN COMPLEX 421-A (16),
3031840019,11206,114 TO 124,TROUTMAN,ST,3,3184,19,A,0,421-A (1-15),421-A (1-15),
3031720044,11206,117,TROUTMAN,ST,3,3172,44,A,0,,,
3031720043,11206,123,TROUTMAN,ST,3,3172,43,A,0,,,
3031720040,11206,129,TROUTMAN,ST,3,3172,40,A,0,421-A (16),421-A (16),12912 TROUTMAN ST
3031730056,11206,161,TROUTMAN,ST,3,3173,56,A,0,,,
3031730054,11206,165,TROUTMAN,ST,3,3173,54,A,0,,,
3031730051,11206,171F,TROUTMAN,ST,3,3173,51,A,0,,GARDEN COMPLEX,
3031730049,11206,175,TROUTMAN,ST,3,3173,49,A,0,,,
3031730048,11206,177,TROUTMAN,ST,3,3173,48,A,0,,,
3031730047,11206,179,TROUTMAN,ST,3,3173,47,A,0,,,
3031730043,11206,185,TROUTMAN,ST,3,3173,43,A,0,,,
3031730041,11206,191,TROUTMAN,ST,3,3173,41,A,0,,GARDEN COMPLEX,
3022490122,11206,30 TO 34,UNION,AVE,3,2249,122,A,0,421-A (16),GARDEN COMPLEX 421-A (16),
3022490023,11206,58,UNION,AVE,3,2249,23,A,0,421-A (16),GARDEN COMPLEX 421-A (16),
3022450143,11206,74,UNION,AVE,3,2245,143,A,0,421-A (1-15),GARDEN COMPLEX 421-A (1-15),
3022450142,11206,76,UNION,AVE,3,2245,142,A,0,421-A (1-15),GARDEN COMPLEX 421-A (1-15),
3022450141,11206,78,UNION,AVE,3,2245,141,A,0,421-A (1-15),GARDEN COMPLEX 421-A (1-15),
3022450140,11206,80,UNION,AVE,3,2245,140,A,0,421-A (1-15),GARDEN COMPLEX 421-A (1-15),
3022450139,11206,82,UNION,AVE,3,2245,139,A,0,421-A (1-15),GARDEN COMPLEX 421-A (1-15),
3022380049,11206,120 TO 150,UNION,AVE,3,2238,49,A,0,421-A (1-15),421-A (1-15),
3031130017,11206,50,VARET,ST,3,3113,17,A,0,421-A (16),421-A (16),
3031060001,11206,77,VARET,ST,3,3106,1,A,0,,,
3031060033,11206,91,VARET,ST,3,3106,33,A,0,421-A (1-15),421-A (1-15),
3031060031,11206,97,VARET,ST,3,3106,31,A,0,421-A (16),GARDEN COMPLEX 421-A (16),
3031060029,11206,101,VARET,ST,3,3106,29,A,0,421-A (16),GARDEN COMPLEX 421-A (16),
3031060028,11206,103,VARET,ST,3,3106,28,B,0,421-A (1-15),GARDEN COMPLEX 421-A (1-15),
3017580005,11206,4,VERNON,AVE,3,1758,5,A,0,,,
3017580009,11206,8,VERNON,AVE,3,1758,9,A,0,,,
3017580012,11206,12,VERNON,AVE,3,1758,12,A,0,,,
3017580014,11206,16,VERNON,AVE,3,1758,14,A,0,,,
3017540076,11206,29,VERNON,AVE,3,1754,76,A,0,J-51,J-51,
3017560075,11206,155,VERNON,AVE,3,1756,75,A,0,,,
3017600012,11206,156,VERNON,AVE,3,1760,12,A,0,,,
3017560072,11206,157,VERNON,AVE,3,1756,72,A,0,,,
3017600014,11206,160,VERNON,AVE,3,1760,14,A,0,,GARDEN COMPLEX,
3017560070,11206,161 TO 163,VERNON,AVE,3,1756,70,B,0,,GARDEN COMPLEX,
3017600016,11206,162,VERNON,AVE,3,1760,16,A,0,,SECTION 610 OF PHFL,
3017610006,11206,220,VERNON,AVE,3,1761,6,A,0,421-A (1-15),GARDEN COMPLEX 421-A (1-15),
3017610008,11206,222,VERNON,AVE,3,1761,8,A,0,421-A (1-15),GARDEN COMPLEX 421-A (1-15),
3017610009,11206,224,VERNON,AVE,3,1761,9,A,0,421-A (1-15),GARDEN COMPLEX 421-A (1-15),
3017570051,11206,249,VERNON,AVE,3,1757,51,A,0,,GARDEN COMPLEX,
3017570050,11206,251,VERNON,AVE,3,1757,50,A,0,,GARDEN COMPLEX,
3017610031,11206,258A,VERNON,AVE,3,1761,31,A,0,,,
3017610034,11206,264,VERNON,AVE,3,1761,34,A,0,,,
3015850047,11206,327,VERNON,AVE,3,1585,47,A,0,,,
3015880035,11206,332,VERNON,AVE,3,1588,35,A,0,,GARDEN COMPLEX,
3015850044,11206,333,VERNON,AVE,3,1585,44,A,0,,,
3015890040,11206,390,VERNON,AVE,3,1589,40,A,0,,,
3022390008,11206,157,WALLABOUT,ST,3,2239,8,A,0,,,
3022497503,11206,251,WALLABOUT,ST,3,2249,7503,A,0,421-A (16),GARDEN COMPLEX 421-A (16),251 WALLABOUT ST
3022497504,11206,269,WALLABOUT,ST,3,2249,7504,A,0,421-A (16),GARDEN COMPLEX 421-A (16),269 WALLABOUT ST
3022660017,11206,382,WALLABOUT,ST,3,2266,17,A,0,421-A (1-15),GARDEN COMPLEX 421-A (1-15),
3022450058,11206,51 TO 55,WALTON,ST,3,2245,58,A,0,421-A (1-15),GARDEN COMPLEX 421-A (1-15),
3022450055,11206,63,WALTON,ST,3,2245,55,A,0,421-A (1-15),GARDEN COMPLEX 421-A (1-15),
3022500010,11206,88,WALTON,ST,3,2250,10,A,0,,,
3022730026,11206,41,WHIPPLE,ST,3,2273,26,A,0,,,
3017590072,11206,523,WILLOUGHBY,AVE,3,1759,72,A,0,,,
3017670035,11206,570,WILLOUGHBY,AVE,3,1767,35,A,0,,,
3017600070,11206,607,WILLOUGHBY,AVE,3,1760,70,A,0,,SECTION 610 OF PHFL,
3017600069,11206,609,WILLOUGHBY,AVE,3,1760,69,A,0,,SECTION 610 OF PHFL,
3017600068,11206,611,WILLOUGHBY,AVE,3,1760,68,A,0,,SECTION 610 OF PHFL,
3017680024,11206,616,WILLOUGHBY,AVE,3,1768,24,A,0,421-A (1-15),421-A (1-15),
3017600053,11206,639,WILLOUGHBY,AVE,3,1760,53,A,0,,SECTION 610 OF PHFL,
3017600051,11206,643,WILLOUGHBY,AVE,3,1760,51,A,0,,,
3017690009,11206,660,WILLOUGHBY,AVE,3,1769,9,A,0,J-51,J-51 SEC 608,
3017610070,11206,663,WILLOUGHBY,AVE,3,1761,70,A,0,,GARDEN COMPLEX,
3017690011,11206,664 TO 670,WILLOUGHBY,AVE,3,1769,11,A,0,J-51,J-51 SEC 608,
3017690016,11206,676,WILLOUGHBY,AVE,3,1769,16,A,0,J-51,GARDEN COMPLEX J-51,
3017690019,11206,678,WILLOUGHBY,AVE,3,1769,19,A,0,421-A (1-15),421-A (1-15),
3017610056,11206,685,WILLOUGHBY,AVE,3,1761,56,A,0,,,
3017610048,11206,699,WILLOUGHBY,AVE,3,1761,48,A,0,,,
3015910017,11206,736 TO 740,WILLOUGHBY,AVE,3,1591,17,A,0,,,
3015890057,11206,823,WILLOUGHBY,AVE,3,1589,57,A,0,,,
3034660038,11207,45,ABERDEEN,ST,3,3466,38,A,0,,,
3038030006,11207,455 TO 467,ALABAMA,AVE,3,3803,6,A,0,,,
3038370026,11207,539,ALABAMA,AVE,3,3837,26,A,0,,,
3038370020,11207,549,ALABAMA,AVE,3,3837,20,B,0,,,
3042960065,11207,655,ALABAMA,AVE,3,4296,65,A,0,,,
3042950063,11207,662 TO 668,ALABAMA,AVE,3,4295,63,A,0,,,
3039170023,11207,53,ARLINGTON,AVE,3,3917,23,A,0,,,
3039170022,11207,55,ARLINGTON,AVE,3,3917,22,A,0,,GARDEN COMPLEX,
3039330016,11207,74,ARLINGTON,AVE,3,3933,16,A,0,,,
3039190038,11207,97 TO 99,ARLINGTON,AVE,3,3919,38,A,0,,,
3039190036,11207,101 TO 103,ARLINGTON,AVE,3,3919,36,A,0,,,
3039380013,11207,200,ARLINGTON,AVE,3,3938,13,A,0,,GARDEN COMPLEX,
3039520027,11207,156,ASHFORD,ST,3,3952,27,A,0,,,
3039680002,11207,249,ASHFORD,ST,3,3968,2,A,0,,,
3039990027,11207,344,ASHFORD,ST,3,3999,27,A,0,,,
3040160117,11207,369,ASHFORD,ST,3,4016,117,A,0,421-A (1-15),421-A (1-15),
3043110111,11207,654,ASHFORD,ST,3,4311,111,A,0,,,
3043110020,11207,674,ASHFORD,ST,3,4311,20,A,0,,,
3043110023,11207,686,ASHFORD,ST,3,4311,23,A,0,,,
3039460045,11207,2767,ATLANTIC,AVE,3,3946,45,A,0,421-A (16),421-A (16),
3039460042,11207,2777,ATLANTIC,AVE,3,3946,42,A,0,421-A (16),421-A (16),
3039480043,11207,2817,ATLANTIC,AVE,3,3948,43,A,0,421-A (16),GARDEN COMPLEX 421-A (16),
3039490044,11207,2855,ATLANTIC,AVE,3,3949,44,A,0,,,
3039500046,11207,2869,ATLANTIC,AVE,3,3950,46,B,0,,GARDEN COMPLEX,
3039500044,11207,2873,ATLANTIC,AVE,3,3950,44,A,0,,,
3039500041,11207,2881 TO 2885,ATLANTIC,AVE,3,3950,41,A,0,,,190 JEROME ST
3039660019,11207,2904,ATLANTIC,AVE,3,3966,19,A,0,,,
3039960029,11207,382,BARBEY,ST,3,3996,29,A,0,,,
3040770008,11207,651,BARBEY,ST,3,4077,8,A,0,,,
3037560123,11207,426 TO 432,BELMONT,AVE,3,3756,123,A,0,421-A (16),GARDEN COMPLEX 421-A (16),
3037660049,11207,523,BLAKE,AVE,3,3766,49,A,0,J-51,GARDEN COMPLEX J-51,320 HINSDALE ST
3037720001,11207,653,BLAKE,AVE,3,3772,1,A,0,,GARDEN COMPLEX,
3037760001,11207,745,BLAKE,AVE,3,3776,1,A,0,,GARDEN COMPLEX,
3037760050,11207,761 TO 767,BLAKE,AVE,3,3776,50,A,0,J-51,J-51,
3040410001,11207,775,BLAKE,AVE,3,4041,1,A,0,,GARDEN COMPLEX,
3036640019,11207,9,BRADFORD,ST,3,3664,19,A,0,,,
3036900017,11207,152,BRADFORD,ST,3,3690,17,A,0,,,
3036900019,11207,154,BRADFORD,ST,3,3690,19,A,0,,,
3036900020,11207,158,BRADFORD,ST,3,3690,20,B,0,,,
3037080003,11207,209,BRADFORD,ST,3,3708,3,B,0,,,
3037080002,11207,211,BRADFORD,ST,3,3708,2,A,0,,,
3037410030,11207,294,BRADFORD,ST,3,3741,30,B,0,,,
3037580023,11207,324 TO 326,BRADFORD,ST,3,3758,23,A,0,,,
3037920033,11207,438,BRADFORD,ST,3,3792,33,A,0,J-51,J-51,
3037920034,11207,442,BRADFORD,ST,3,3792,34,A,0,J-51,J-51,
3037920036,11207,448,BRADFORD,ST,3,3792,36,A,0,,ROOMING HOUSE,
3037920037,11207,450,BRADFORD,ST,3,3792,37,A,0,J-51,GARDEN COMPLEX J-51,
3037920038,11207,454,BRADFORD,ST,3,3792,38,B,0,,,
3037920039,11207,456,BRADFORD,ST,3,3792,39,A,0,J-51,GARDEN COMPLEX J-51,
3037920040,11207,460,BRADFORD,ST,3,3792,40,A,0,J-51,GARDEN COMPLEX J-51,
3038100001,11207,545,BRADFORD,ST,3,3810,1,A,0,421-A (1-15),421-A (1-15),
3038260048,11207,604,BRADFORD,ST,3,3826,48,A,0,,,
3043030077,11207,637,BRADFORD,ST,3,4303,77,A,0,,,
3043020013,11207,640,BRADFORD,ST,3,4302,13,A,0,,GARDEN COMPLEX,
3034080008,11207,1591,BROADWAY,,3,3408,8,A,0,421-A (16),421-A (16),
3034087501,11207,1595,BROADWAY,,3,3408,7501,A,0,421-A (16),421-A (16),
3014990013,11207,1638,BROADWAY,,3,1499,13,A,0,,GARDEN COMPLEX,
3034140003,11207,1639,BROADWAY,,3,3414,3,A,0,,,
3015037503,11207,1666,BROADWAY,,3,1503,7503,A,0,421-A (1-15),421-A (1-15),
3015037501,11207,1676,BROADWAY,,3,1503,7501,A,0,,,
3034567501,11207,1795 TO 1801,BROADWAY,,3,3456,7501,A,0,421-A (16),421-A (16),
3034680065,11207,1875,BROADWAY,,3,3468,65,B,0,421-A (16),421-A (16) SECTION 610 OF PHFL,
3015357503,11207,1882,BROADWAY,,3,1535,7503,A,0,421-A (16),GARDEN COMPLEX 421-A (16),
3034260033,11207,1356,BUSHWICK,AVE,3,3426,33,A,0,,,
3034260035,11207,1358,BUSHWICK,AVE,3,3426,35,A,0,,ARTICLES 14 & 15,
3034330004,11207,1379,BUSHWICK,AVE,3,3433,4,A,0,,,
3034380042,11207,1408,BUSHWICK,AVE,3,3438,42,A,0,,,
3034450007,11207,1415,BUSHWICK,AVE,3,3445,7,A,0,,,
3034510006,11207,1443,BUSHWICK,AVE,3,3451,6,A,0,421-A (1-15),421-A (1-15),
3034510005,11207,1447,BUSHWICK,AVE,3,3451,5,A,0,,,
3034510004,11207,1449,BUSHWICK,AVE,3,3451,4,A,0,,,
3034510003,11207,1453,BUSHWICK,AVE,3,3451,3,A,0,,,
3034510002,11207,1455,BUSHWICK,AVE,3,3451,2,A,0,,,
3034560030,11207,1462,BUSHWICK,AVE,3,3456,30,A,0,421-A (1-15),GARDEN COMPLEX 421-A (1-15),
3034560031,11207,1464,BUSHWICK,AVE,3,3456,31,A,0,421-A (1-15),GARDEN COMPLEX 421-A (1-15),
3034570007,11207,1465,BUSHWICK,AVE,3,3457,7,A,0,421-A (1-15),421-A (1-15),
3034560032,11207,1466,BUSHWICK,AVE,3,3456,32,A,0,421-A (1-15),GARDEN COMPLEX 421-A (1-15),
3034570006,11207,1469,BUSHWICK,AVE,3,3457,6,A,0,421-A (1-15),421-A (1-15),
3034570005,11207,1471,BUSHWICK,AVE,3,3457,5,A,0,421-A (1-15),421-A (1-15),
3034560035,11207,1472,BUSHWICK,AVE,3,3456,35,A,0,,,
3034570002,11207,1477,BUSHWICK,AVE,3,3457,2,A,0,,,
3034570001,11207,1483,BUSHWICK,AVE,3,3457,1,A,0,,,
3034610030,11207,1488,BUSHWICK,AVE,3,3461,30,A,0,,,
3034610032,11207,1492,BUSHWICK,AVE,3,3461,32,A,0,J-51,J-51,
3034610034,11207,1496,BUSHWICK,AVE,3,3461,34,A,0,,,
3034610036,11207,1500,BUSHWICK,AVE,3,3461,36,A,0,J-51,J-51,
3034290002,11207,619,CENTRAL,AVE,3,3429,2,A,0,,,
3034410007,11207,643,CENTRAL,AVE,3,3441,7,B,0,,,
3034410006,11207,645,CENTRAL,AVE,3,3441,6,A,0,,GARDEN COMPLEX,
3034410005,11207,647,CENTRAL,AVE,3,3441,5,A,0,,GARDEN COMPLEX,
3034410004,11207,649,CENTRAL,AVE,3,3441,4,A,0,,,
3034410002,11207,653,CENTRAL,AVE,3,3441,2,A,0,,,
3034470006,11207,667,CENTRAL,AVE,3,3447,6,A,0,,,
3034470005,11207,669,CENTRAL,AVE,3,3447,5,A,0,,GARDEN COMPLEX,
3034400036,11207,678,CENTRAL,AVE,3,3440,36,A,0,,GARDEN COMPLEX,
3034510009,11207,682,CHAUNCEY,ST,3,3451,9,A,0,421-A (16),421-A (16),
3034320042,11207,37A,COOPER,ST,3,3432,42,A,0,421-A (1-15),421-A (1-15),
3034380030,11207,40,COOPER,ST,3,3438,30,A,0,,,
3034330063,11207,63,COOPER,ST,3,3433,63,A,0,,GARDEN COMPLEX,
3034390013,11207,66,COOPER,ST,3,3439,13,A,0,,,
3034330060,11207,69,COOPER,ST,3,3433,60,A,0,,,
3034400012,11207,110,COOPER,ST,3,3440,12,A,0,,,
3034410010,11207,162,COOPER,ST,3,3441,10,A,0,,,
3034350053,11207,163,COOPER,ST,3,3435,53,A,0,,,
3034410011,11207,164,COOPER,ST,3,3441,11,A,0,,,
3034350051,11207,167,COOPER,ST,3,3435,51,A,0,,,
3034410120,11207,184,COOPER,ST,3,3441,120,A,0,421-A (1-15),421-A (1-15),
3034360047,11207,225,COOPER,ST,3,3436,47,A,0,,GARDEN COMPLEX,
3034140001,11207,7,COVERT,ST,3,3414,1,A,0,421-A (1-15),421-A (1-15),
3034140066,11207,13,COVERT,ST,3,3414,66,A,0,,,
3034200018,11207,24,COVERT,ST,3,3420,18,A,0,,,
3034200021,11207,28,COVERT,ST,3,3420,21,A,0,,,
3034140053,11207,35,COVERT,ST,3,3414,53,A,0,,,
3034170044,11207,183,COVERT,ST,3,3417,44,A,0,421-A (16),421-A (16),
3034170043,11207,185,COVERT,ST,3,3417,43,A,0,421-A (1-15),421-A (1-15),
3044147501,11207,148,COZINE,AVE,3,4414,7501,A,0,,,
3044157501,11207,190 TO 192,COZINE,AVE,3,4415,7501,A,0,,,
3044237501,11207,380 TO 382,COZINE,AVE,3,4423,7501,A,0,,,
3034680050,11207,1 TO 11,DE SALES,PL,3,3468,50,B,0,421-A (16),421-A (16) SECTION 610 OF PHFL,21 DE SALES PL
3034710010,11207,58,DE SALES,PL,3,3471,10,A,0,,GARDEN COMPLEX,
3034260042,11207,1001,DECATUR,ST,3,3426,42,A,0,J-51,GARDEN COMPLEX J-51,
3034320024,11207,1002,DECATUR,ST,3,3432,24,A,0,J-51,J-51,
3034260041,11207,1003,DECATUR,ST,3,3426,41,A,0,,,
3034320025,11207,1006,DECATUR,ST,3,3432,25,A,0,J-51,J-51,
3034260040,11207,1007,DECATUR,ST,3,3426,40,A,0,,,
3034260038,11207,1019,DECATUR,ST,3,3426,38,A,0,421-A (1-15),421-A (1-15),
3034260037,11207,1021,DECATUR,ST,3,3426,37,A,0,421-A (1-15),421-A (1-15),
3034330010,11207,1042,DECATUR,ST,3,3433,10,B,0,,,
3034330011,11207,1044,DECATUR,ST,3,3433,11,A,0,J-51,J-51,
3034280066,11207,1111,DECATUR,ST,3,3428,66,A,0,421-A (16),421-A (16),
3034280065,11207,1115,DECATUR,ST,3,3428,65,A,0,421-A (16),421-A (16),
3034350013,11207,1200,DECATUR,ST,3,3435,13,A,0,421-A (16),421-A (16),
3034350015,11207,1202,DECATUR,ST,3,3435,15,A,0,421-A (16),421-A (16),
3034350028,11207,1238,DECATUR,ST,3,3435,28,A,0,421-A (1-15),421-A (1-15),
3034300049,11207,1259,DECATUR,ST,3,3430,49,A,0,,,
3034360014,11207,1268,DECATUR,ST,3,3436,14,A,0,,,
3034300046,11207,1269,DECATUR,ST,3,3430,46,A,0,,GARDEN COMPLEX,
3034360018,11207,1274,DECATUR,ST,3,3436,18,A,0,,GARDEN COMPLEX,
3034300044,11207,1275,DECATUR,ST,3,3430,44,A,0,,,
3034300043,11207,1277,DECATUR,ST,3,3430,43,A,0,,,
3034360019,11207,1278,DECATUR,ST,3,3436,19,A,0,,,
3034300042,11207,1281,DECATUR,ST,3,3430,42,A,0,,,
3034360021,11207,1282,DECATUR,ST,3,3436,21,B,0,,,
3034300040,11207,1287,DECATUR,ST,3,3430,40,A,0,,,
3034300039,11207,1289,DECATUR,ST,3,3430,39,A,0,,OWNER O GARDEN COMPLEX,
3034300138,11207,1291,DECATUR,ST,3,3430,138,A,0,421-A (16),421-A (16),
3034300137,11207,1293,DECATUR,ST,3,3430,137,A,0,421-A (16),421-A (16),
3034300135,11207,1297,DECATUR,ST,3,3430,135,A,0,421-A (16),421-A (16),
3034300134,11207,1305,DECATUR,ST,3,3430,134,A,0,421-A (1-15),421-A (1-15),
3034300033,11207,1311,DECATUR,ST,3,3430,33,A,0,,,
3038730104,11207,315,DEWITT,AVE,3,3873,104,A,0,,,
3038730103,11207,317,DEWITT,AVE,3,3873,103,A,0,,,
3038730102,11207,319,DEWITT,AVE,3,3873,102,A,0,,,
3038730101,11207,321 TO 323,DEWITT,AVE,3,3873,101,A,0,,,
3038750054,11207,361 TO 373,DEWITT,AVE,3,3875,54,B,0,,GARDEN COMPLEX,
3038750050,11207,379,DEWITT,AVE,3,3875,50,A,0,421-A (16),GARDEN COMPLEX 421-A (16),
3038060023,11207,666,DUMONT,AVE,3,3806,23,A,0,,,
3037890054,11207,681,DUMONT,AVE,3,3789,54,A,0,421-A (16),421-A (16),
3038080011,11207,710 TO 732,DUMONT,AVE,3,3808,11,A,0,421-A (1-15),GARDEN COMPLEX SECTION 610 OF PHFL,
3037920055,11207,739,DUMONT,AVE,3,3792,55,A,0,,,
3040610001,11207,877 TO 887,DUMONT,AVE,3,4061,1,A,0,,GARDEN COMPLEX,
3040800024,11207,950,DUMONT,AVE,3,4080,24,B,0,,,
3040800025,11207,954,DUMONT,AVE,3,4080,25,B,0,,,
3040800026,11207,956,DUMONT,AVE,3,4080,26,B,0,,,
3040800027,11207,960,DUMONT,AVE,3,4080,27,B,0,,,
3034140012,11207,10 TO 12,ELDERT,ST,3,3414,12,A,0,J-51,J-51,
3034080057,11207,19,ELDERT,ST,3,3408,57,A,0,421-A (1-15),421-A (1-15),
3034140018,11207,22,ELDERT,ST,3,3414,18,A,0,J-51,J-51,
3034080055,11207,23,ELDERT,ST,3,3408,55,A,0,421-A (16),421-A (16),
3034080053,11207,27,ELDERT,ST,3,3408,53,A,0,421-A (16),421-A (16),
3034150016,11207,72 TO 74,ELDERT,ST,3,3415,16,A,0,,,
3034100062,11207,125,ELDERT,ST,3,3410,62,A,0,421-A (1-15),421-A (1-15),
3034110055,11207,187,ELDERT,ST,3,3411,55,A,0,,,
3034170010,11207,194,ELDERT,ST,3,3417,10,A,0,,,
3034110051,11207,205,ELDERT,ST,3,3411,51,A,0,,,
3034110050,11207,207,ELDERT,ST,3,3411,50,A,0,,,
3034170024,11207,222,ELDERT,ST,3,3417,24,A,0,,GARDEN COMPLEX,
3034110041,11207,231,ELDERT,ST,3,3411,41,A,0,,,
3034280008,11207,663,EVERGREEN,AVE,3,3428,8,A,0,,,
3034280007,11207,665,EVERGREEN,AVE,3,3428,7,A,0,,,
3034340003,11207,681,EVERGREEN,AVE,3,3434,3,A,0,,,
3034340002,11207,683,EVERGREEN,AVE,3,3434,2,A,0,,,
3034400001,11207,697,EVERGREEN,AVE,3,3440,1,A,0,,,711 EVERGREEN AVE
3036620048,11207,2715,FULTON,ST,3,3662,48,A,0,421-A (16),421-A (16),
3036730018,11207,2730,FULTON,ST,3,3673,18,A,0,421-A (1-15),421-A (1-15),
3036730019,11207,2732,FULTON,ST,3,3673,19,A,0,421-A (1-15),421-A (1-15),
3036640052,11207,2741,FULTON,ST,3,3664,52,A,0,,,
3036740016,11207,2746,FULTON,ST,3,3674,16,A,0,,,
3039340046,11207,2829,FULTON,ST,3,3934,46,A,0,,,
3039340045,11207,2831,FULTON,ST,3,3934,45,A,0,,GARDEN COMPLEX,
3039480020,11207,2832,FULTON,ST,3,3948,20,B,0,,GARDEN COMPLEX,
3039480021,11207,2836,FULTON,ST,3,3948,21,A,0,,GARDEN COMPLEX,
3034660020,11207,24,FURMAN,AVE,3,3466,20,A,0,,GARDEN COMPLEX,
3034610046,11207,33,FURMAN,AVE,3,3461,46,A,0,,,
3036670027,11207,38,GEORGIA,AVE,3,3667,27,A,0,,ROOMING HOUSE,
3038207501,11207,494,GEORGIA,AVE,3,3820,7501,A,0,,GARDEN COMPLEX,
3038210003,11207,543,GEORGIA,AVE,3,3821,3,B,0,,,
3038370034,11207,556,GEORGIA,AVE,3,3837,34,B,0,,,
3042970074,11207,645,GEORGIA,AVE,3,4297,74,A,0,,GARDEN COMPLEX,
3042970071,11207,653,GEORGIA,AVE,3,4297,71,A,0,,GARDEN COMPLEX,
3042960032,11207,692,GEORGIA,AVE,3,4296,32,A,0,,GARDEN COMPLEX,
3039780036,11207,553,GLENMORE,AVE,3,3978,36,A,0,,,
3034560050,11207,17,GRANITE,ST,3,3456,50,A,0,,0 ROOMING HOUSE,
3034560048,11207,21,GRANITE,ST,3,3456,48,A,0,,,
3034560045,11207,27,GRANITE,ST,3,3456,45,A,0,,,
3034560043,11207,31,GRANITE,ST,3,3456,43,A,0,J-51,J-51,
3034610021,11207,34,GRANITE,ST,3,3461,21,A,0,J-51,J-51,
3034560040,11207,37,GRANITE,ST,3,3456,40,A,0,,,
3034610022,11207,38,GRANITE,ST,3,3461,22,A,0,,GARDEN COMPLEX,
3034610029,11207,50,GRANITE,ST,3,3461,29,A,0,,GARDEN COMPLEX,
3034570065,11207,67,GRANITE,ST,3,3457,65,A,0,J-51,GARDEN COMPLEX J-51,
3034570064,11207,69,GRANITE,ST,3,3457,64,A,0,J-51,GARDEN COMPLEX J-51,
3034080014,11207,982 TO 984,HALSEY,ST,3,3408,14,A,0,421-A (16),GARDEN COMPLEX 421-A (16),
3034010056,11207,985,HALSEY,ST,3,3401,56,A,0,,,
3034080018,11207,992,HALSEY,ST,3,3408,18,A,0,421-A (1-15),421-A (1-15),
3034080021,11207,998,HALSEY,ST,3,3408,21,A,0,421-A (1-15),421-A (1-15),
3034080032,11207,1024,HALSEY,ST,3,3408,32,A,0,,,
3034120018,11207,1230 TO 1232,HALSEY,ST,3,3412,18,A,0,,,
3042970039,11207,513,HEGEMAN,AVE,3,4297,39,A,0,,,
3043210009,11207,514,HEGEMAN,AVE,3,4321,9,B,0,,,
3043220001,11207,516,HEGEMAN,AVE,3,4322,1,A,0,,GARDEN COMPLEX,
3042980048,11207,519,HEGEMAN,AVE,3,4298,48,B,0,,,
3043220002,11207,520,HEGEMAN,AVE,3,4322,2,A,0,,,
3043280001,11207,660,HEGEMAN,AVE,3,4328,1,A,0,,,
3043080029,11207,731,HEGEMAN,AVE,3,4308,29,A,0,,,
3039330049,11207,160 TO 164,HENDRIX,ST,3,3933,49,A,0,,,
3039330051,11207,168,HENDRIX,ST,3,3933,51,B,0,,GARDEN COMPLEX,
3039470022,11207,182,HENDRIX,ST,3,3947,22,A,0,,GARDEN COMPLEX,
3040890002,11207,679,HENDRIX,ST,3,4089,2,B,0,,,
3043750001,11207,910,HENDRIX,PL,3,4375,1,A,0,,,
3038860001,11207,196 TO 200,HIGHLAND,BLVD,3,3886,1,A,0,,,
3038860005,11207,220,HIGHLAND,BLVD,3,3886,5,A,0,,,
3038860010,11207,224,HIGHLAND,BLVD,3,3886,10,A,0,,,
3037660024,11207,282,HINSDALE,ST,3,3766,24,A,0,,GARDEN COMPLEX ARTICLE 11,
3037837501,11207,330 TO 336,HINSDALE,ST,3,3783,7501,A,0,,GARDEN COMPLEX ARTICLE 11,
3038187501,11207,449 TO 455,HINSDALE,ST,3,3818,7501,A,0,,,518 LIVONIA AVE
3038340022,11207,510,HINSDALE,ST,3,3834,22,A,0,,,
3038350016,11207,523,HINSDALE,ST,3,3835,16,A,0,,GARDEN COMPLEX,
3038350001,11207,553,HINSDALE,ST,3,3835,1,A,0,,,
3038740040,11207,722,HINSDALE,ST,3,3874,40,A,0,421-A (16),421-A (16),
3038750004,11207,733,HINSDALE,ST,3,3875,4,A,0,,,
3034870021,11207,137 TO 147,JAMAICA,AVE,3,3487,21,A,0,,,6 SUNNYSIDE AVE
3038960044,11207,209,JAMAICA,AVE,3,3896,44,A,0,,,49 MILLER AVE
3038960035,11207,233,JAMAICA,AVE,3,3896,35,A,0,,GARDEN COMPLEX,
3039500039,11207,188,JEROME,ST,3,3950,39,A,0,,,
3039820002,11207,283,JEROME,ST,3,3982,2,A,0,,,
3039810028,11207,296,JEROME,ST,3,3981,28,A,0,,,
3039980011,11207,305,JEROME,ST,3,3998,11,A,0,,GARDEN COMPLEX,
3039980006,11207,315,JEROME,ST,3,3998,6,A,0,,GARDEN COMPLEX,
3040300005,11207,419,JEROME,ST,3,4030,5,A,0,,GARDEN COMPLEX,
3040920013,11207,607,JEROME,ST,3,4092,13,A,0,,GARDEN COMPLEX,
3043090001,11207,660,JEROME,ST,3,4309,1,A,0,,GARDEN COMPLEX,
3034120030,11207,784,KNICKERBOCKER,AVE,3,3412,30,A,0,,,
3034130005,11207,793 TO 805,KNICKERBOCKER,AVE,3,3413,5,A,0,,GARDEN COMPLEX SECTION 610 OF PHFL,
3034120039,11207,802,KNICKERBOCKER,AVE,3,3412,39,A,0,,,
3034190008,11207,811,KNICKERBOCKER,AVE,3,3419,8,B,0,,,
3034180029,11207,814,KNICKERBOCKER,AVE,3,3418,29,A,0,,,
3034190007,11207,815,KNICKERBOCKER,AVE,3,3419,7,A,0,,,
3034180031,11207,816,KNICKERBOCKER,AVE,3,3418,31,A,0,,,
3034190006,11207,817,KNICKERBOCKER,AVE,3,3419,6,A,0,,,
3034180033,11207,818,KNICKERBOCKER,AVE,3,3418,33,A,0,,,
3034180034,11207,820,KNICKERBOCKER,AVE,3,3418,34,A,0,,,
3034180035,11207,822,KNICKERBOCKER,AVE,3,3418,35,A,0,,,
3034250004,11207,841,KNICKERBOCKER,AVE,3,3425,4,A,0,,,
3034300028,11207,858,KNICKERBOCKER,AVE,3,3430,28,A,0,,,
3034300029,11207,860,KNICKERBOCKER,AVE,3,3430,29,A,0,,,
3034300031,11207,864,KNICKERBOCKER,AVE,3,3430,31,A,0,,GARDEN COMPLEX,
3034300032,11207,866,KNICKERBOCKER,AVE,3,3430,32,A,0,J-51,J-51,
3034310002,11207,873,KNICKERBOCKER,AVE,3,3431,2,A,0,,,
3037040020,11207,388,LIBERTY,AVE,3,3704,20,A,0,,,
3036900027,11207,449,LIBERTY,AVE,3,3690,27,A,0,421-A (1-15),421-A (1-15),
3039630032,11207,539,LIBERTY,AVE,3,3963,32,A,0,,,
3039630031,11207,541,LIBERTY,AVE,3,3963,31,A,0,,,
3039680037,11207,669 TO 671,LIBERTY,AVE,3,3968,37,A,0,421-A (16),421-A (16),
3038750030,11207,1784,LINDEN,BLVD,3,3875,30,A,0,421-A (1-15),421-A (1-15),
3038750031,11207,1788,LINDEN,BLVD,3,3875,31,A,0,421-A (1-15),421-A (1-15),
3037997501,11207,457 TO 473,LIVONIA,AVE,3,3799,7501,A,0,,GARDEN COMPLEX ARTICLE 11,
3038007501,11207,481 TO 503,LIVONIA,AVE,3,3800,7501,A,0,,,434 HINSDALE ST
3038177501,11207,482 TO 500,LIVONIA,AVE,3,3817,7501,A,0,,,446 HINSDALE ST
3038250021,11207,684,LIVONIA,AVE,3,3825,21,B,0,421-A (16),ROOMING HOUSE 421-A (16),
3040880019,11207,778,LIVONIA,AVE,3,4088,19,A,0,,,
3040880020,11207,780,LIVONIA,AVE,3,4088,20,A,0,,,
3042950073,11207,19,MALTA,ST,3,4295,73,A,0,421-A (16),421-A (16),
3039320005,11207,127,MILLER,AVE,3,3932,5,A,0,,GARDEN COMPLEX,
3039460012,11207,153,MILLER,AVE,3,3946,12,A,0,,,
3039460011,11207,157,MILLER,AVE,3,3946,11,A,0,,,
3040090015,11207,353,MILLER,AVE,3,4009,15,A,0,421-A (16),421-A (16),
3040090012,11207,361,MILLER,AVE,3,4009,12,A,0,,GARDEN COMPLEX,
3040250001,11207,433,MILLER,AVE,3,4025,1,A,0,J-51,J-51 SECTION 610 OF PHFL,
3040410024,11207,437,MILLER,AVE,3,4041,24,A,0,J-51,J-51,
3040870019,11207,629,MILLER,AVE,3,4087,19,B,0,,,
3040870010,11207,655,MILLER,AVE,3,4087,10,A,0,,GARDEN COMPLEX,
3040870009,11207,659,MILLER,AVE,3,4087,9,A,0,,,
3040870008,11207,663,MILLER,AVE,3,4087,8,A,0,,,
3040870005,11207,665,MILLER,AVE,3,4087,5,A,0,,,
3040870003,11207,669,MILLER,AVE,3,4087,3,A,0,,GARDEN COMPLEX,
3040870001,11207,673,MILLER,AVE,3,4087,1,A,0,J-51,J-51,
3043030012,11207,696,MILLER,AVE,3,4303,12,A,0,,,
3043040078,11207,699,MILLER,AVE,3,4304,78,A,0,,,
3043040077,11207,703,MILLER,AVE,3,4304,77,B,0,,,
3043030016,11207,708,MILLER,AVE,3,4303,16,A,0,,GARDEN COMPLEX,
3043040074,11207,711,MILLER,AVE,3,4304,74,B,0,,ROOMING HOUSE,
3043030017,11207,712,MILLER,AVE,3,4303,17,A,0,,,
3043030018,11207,716,MILLER,AVE,3,4303,18,B,0,,,
3043030020,11207,720,MILLER,AVE,3,4303,20,A,0,,,
3043040066,11207,729,MILLER,AVE,3,4304,66,A,0,,,
3043030024,11207,730,MILLER,AVE,3,4303,24,B,0,,,
3043040054,11207,737,MILLER,AVE,3,4304,54,A,0,,GARDEN COMPLEX,
3043040053,11207,739,MILLER,AVE,3,4304,53,A,0,,,
3043040052,11207,743,MILLER,AVE,3,4304,52,A,0,,GARDEN COMPLEX,
3043030029,11207,744,MILLER,AVE,3,4303,29,A,0,,GARDEN COMPLEX,
3043040051,11207,747,MILLER,AVE,3,4304,51,A,0,,ROOMING HOUSE,
3043030030,11207,748,MILLER,AVE,3,4303,30,A,0,,GARDEN COMPLEX,
3043040050,11207,751,MILLER,AVE,3,4304,50,A,0,,ROOMING HOUSE,
3043030031,11207,752,MILLER,AVE,3,4303,31,B,0,,,
3043040048,11207,757,MILLER,AVE,3,4304,48,A,0,,,
3043030033,11207,758,MILLER,AVE,3,4303,33,A,0,,,
3043030034,11207,762,MILLER,AVE,3,4303,34,A,0,J-51,J-51,
3043030036,11207,768,MILLER,AVE,3,4303,36,A,0,,GARDEN COMPLEX,
3034470030,11207,224,MOFFAT,ST,3,3447,30,A,0,,GARDEN COMPLEX,
3034470033,11207,230,MOFFAT,ST,3,3447,33,A,0,,GARDEN COMPLEX,
3034480005,11207,236,MOFFAT,ST,3,3448,5,A,0,,,
3037040031,11207,240 TO 242,NEW JERSEY,AVE,3,3704,31,A,0,,GARDEN COMPLEX,
3037210025,11207,276,NEW JERSEY,AVE,3,3721,25,B,0,,,
3037550037,11207,388,NEW JERSEY,AVE,3,3755,37,A,0,,GARDEN COMPLEX,
3037550039,11207,390,NEW JERSEY,AVE,3,3755,39,B,0,,GARDEN COMPLEX,
3037550042,11207,396,NEW JERSEY,AVE,3,3755,42,A,0,,,
3037730025,11207,407,NEW JERSEY,AVE,3,3773,25,A,0,,,
3037730024,11207,409,NEW JERSEY,AVE,3,3773,24,A,0,J-51,GARDEN COMPLEX J-51,
3037730021,11207,415,NEW JERSEY,AVE,3,3773,21,A,0,,,
3037730019,11207,419,NEW JERSEY,AVE,3,3773,19,A,0,,,
3037730018,11207,421,NEW JERSEY,AVE,3,3773,18,A,0,,,
3037730115,11207,427,NEW JERSEY,AVE,3,3773,115,A,0,,,
3037720036,11207,428,NEW JERSEY,AVE,3,3772,36,A,0,J-51,GARDEN COMPLEX J-51,
3037730015,11207,429,NEW JERSEY,AVE,3,3773,15,A,0,,,
3037720039,11207,430,NEW JERSEY,AVE,3,3772,39,A,0,J-51,,
3037730014,11207,431,NEW JERSEY,AVE,3,3773,14,A,0,J-51,GARDEN COMPLEX J-51,
3038240019,11207,597,NEW JERSEY,AVE,3,3824,19,A,0,,GARDEN COMPLEX,
3038240018,11207,601,NEW JERSEY,AVE,3,3824,18,A,0,,GARDEN COMPLEX,
3038240017,11207,603,NEW JERSEY,AVE,3,3824,17,A,0,,,
3038240005,11207,633,NEW JERSEY,AVE,3,3824,5,A,0,,GARDEN COMPLEX,
3038240001,11207,641 TO 643,NEW JERSEY,AVE,3,3824,1,A,0,,GARDEN COMPLEX,
3038400035,11207,660,NEW JERSEY,AVE,3,3840,35,A,0,,GARDEN COMPLEX,
3038410007,11207,673,NEW JERSEY,AVE,3,3841,7,A,0,,GARDEN COMPLEX,
3038657501,11207,180,NEW LOTS,AVE,3,3865,7501,A,0,,SECTION 610 OF PHFL,
3042960002,11207,300,NEW LOTS,AVE,3,4296,2,A,0,,GARDEN COMPLEX,
3042960005,11207,306,NEW LOTS,AVE,3,4296,5,A,0,,GARDEN COMPLEX,
3042960009,11207,310 TO 312,NEW LOTS,AVE,3,4296,9,A,0,,GARDEN COMPLEX,
3038380068,11207,325,NEW LOTS,AVE,3,3838,68,A,0,,GARDEN COMPLEX,
3042970005,11207,336,NEW LOTS,AVE,3,4297,5,A,0,,GARDEN COMPLEX,
3038420029,11207,447,NEW LOTS,AVE,3,3842,29,B,0,,,
3043040001,11207,524,NEW LOTS,AVE,3,4304,1,A,0,,,
3040880038,11207,577,NEW LOTS,AVE,3,4088,38,A,0,,,
3040890133,11207,593,NEW LOTS,AVE,3,4089,133,A,0,,,
3040917501,11207,679 TO 699,NEW LOTS,AVE,3,4091,7501,A,0,,SECTION 610 OF PHFL,683 BARBEY ST
3043100002,11207,684,NEW LOTS,AVE,3,4310,2,B,0,,,
3043110105,11207,716,NEW LOTS,AVE,3,4311,105,A,0,421-A (1-15),421-A (1-15),
3043110106,11207,718,NEW LOTS,AVE,3,4311,106,A,0,421-A (1-15),421-A (1-15),
3036600005,11207,21 TO 23,PENNSYLVANIA,AVE,3,3660,5,A,0,,,
3036697501,11207,50 TO 66,PENNSYLVANIA,AVE,3,3669,7501,A,0,421-A (1-15),EXEMPT 421-A (1-15),
3037030023,11207,144 TO 146,PENNSYLVANIA,AVE,3,3703,23,A,0,,,
3037030025,11207,148,PENNSYLVANIA,AVE,3,3703,25,A,0,,,
3037030027,11207,158,PENNSYLVANIA,AVE,3,3703,27,A,0,,,
3037200024,11207,202,PENNSYLVANIA,AVE,3,3720,24,A,0,,,
3037200030,11207,214,PENNSYLVANIA,AVE,3,3720,30,A,0,,,
3037200130,11207,216,PENNSYLVANIA,AVE,3,3720,130,B,0,,,
3037200031,11207,218,PENNSYLVANIA,AVE,3,3720,31,B,0,,,
3037200032,11207,222,PENNSYLVANIA,AVE,3,3720,32,B,0,,,
3037380010,11207,255 TO 257,PENNSYLVANIA,AVE,3,3738,10,A,0,,GARDEN COMPLEX,
3037720003,11207,381,PENNSYLVANIA,AVE,3,3772,3,A,0,,GARDEN COMPLEX,
3037890016,11207,411,PENNSYLVANIA,AVE,3,3789,16,B,0,,MORTGAG,
3038060015,11207,473,PENNSYLVANIA,AVE,3,3806,15,A,0,,,
3038060013,11207,479,PENNSYLVANIA,AVE,3,3806,13,A,0,,,
3038060008,11207,491,PENNSYLVANIA,AVE,3,3806,8,A,0,,,
3038220027,11207,518 TO 524,PENNSYLVANIA,AVE,3,3822,27,A,0,,GARDEN COMPLEX,
3038220031,11207,526 TO 534,PENNSYLVANIA,AVE,3,3822,31,A,0,,,
3038400003,11207,611,PENNSYLVANIA,AVE,3,3840,3,A,0,,GARDEN COMPLEX,
3043230053,11207,739,PENNSYLVANIA,AVE,3,4323,53,A,0,,,
3043220016,11207,744,PENNSYLVANIA,AVE,3,4322,16,B,0,,GARDEN COMPLEX,
3037410017,11207,2156,PITKIN,AVE,3,3741,17,B,0,,,
3040090027,11207,2222,PITKIN,AVE,3,4009,27,A,0,421-A (1-15),421-A (1-15),
3039970036,11207,2297 TO 2299,PITKIN,AVE,3,3997,36,A,0,,GARDEN COMPLEX,
3039970133,11207,2307,PITKIN,AVE,3,3997,133,A,0,,GARDEN COMPLEX,
3040140012,11207,2324,PITKIN,AVE,3,4014,12,A,0,J-51,ROOMING HOUSE J-51,
3039990034,11207,2353,PITKIN,AVE,3,3999,34,A,0,,,
3039990033,11207,2355,PITKIN,AVE,3,3999,33,A,0,421-A (16),421-A (16),
3039240029,11207,72,RIDGEWOOD,AVE,3,3924,29,A,0,,,
3038170045,11207,469,RIVERDALE,AVE,3,3817,45,A,0,,GARDEN COMPLEX,
3038340019,11207,470,RIVERDALE,AVE,3,3834,19,A,0,,,
3038340020,11207,474,RIVERDALE,AVE,3,3834,20,A,0,,GARDEN COMPLEX,
3038170043,11207,475 TO 479,RIVERDALE,AVE,3,3817,43,A,0,,GARDEN COMPLEX,
3038350021,11207,482 TO 492,RIVERDALE,AVE,3,3835,21,A,0,,,505509 HINSDALE ST
3038180052,11207,497 TO 499,RIVERDALE,AVE,3,3818,52,A,0,,GARDEN COMPLEX,
3038360025,11207,510,RIVERDALE,AVE,3,3836,25,A,0,,,
3038360026,11207,520,RIVERDALE,AVE,3,3836,26,A,0,,GARDEN COMPLEX,
3038360030,11207,526,RIVERDALE,AVE,3,3836,30,A,0,,GARDEN COMPLEX,
3038380033,11207,554,RIVERDALE,AVE,3,3838,33,A,0,421-A (1-15),421-A (1-15),
3038400029,11207,614,RIVERDALE,AVE,3,3840,29,A,0,,GARDEN COMPLEX,
3038400030,11207,618,RIVERDALE,AVE,3,3840,30,A,0,,,
3038400031,11207,620,RIVERDALE,AVE,3,3840,31,A,0,,GARDEN COMPLEX,
3038410018,11207,630,RIVERDALE,AVE,3,3841,18,A,0,,,645 NEW JERSEY AVE
3038250051,11207,665,RIVERDALE,AVE,3,3825,51,A,0,,GARDEN COMPLEX,
3038260001,11207,673,RIVERDALE,AVE,3,3826,1,A,0,,GARDEN COMPLEX,
3038260050,11207,693,RIVERDALE,AVE,3,3826,50,A,0,,,606610 BRADFORD ST
3034200044,11207,21,SCHAEFER,ST,3,3420,44,A,0,,GARDEN COMPLEX SECTION 610 OF PHFL,
3034260019,11207,26,SCHAEFER,ST,3,3426,19,A,0,,,
3034260021,11207,30,SCHAEFER,ST,3,3426,21,A,0,421-A (1-15),421-A (1-15),
3034200042,11207,33,SCHAEFER,ST,3,3420,42,A,0,,,
3034210059,11207,61,SCHAEFER,ST,3,3421,59,A,0,421-A (16),421-A (16),
3034290106,11207,156,SCHAEFER,ST,3,3429,106,A,0,421-A (1-15),421-A (1-15),
3034290107,11207,158,SCHAEFER,ST,3,3429,107,A,0,421-A (1-15),421-A (1-15),
3034290108,11207,160,SCHAEFER,ST,3,3429,108,A,0,421-A (1-15),421-A (1-15),
3034290109,11207,162,SCHAEFER,ST,3,3429,109,A,0,421-A (1-15),421-A (1-15),
3034290023,11207,184,SCHAEFER,ST,3,3429,23,A,0,,,
3034230056,11207,187,SCHAEFER,ST,3,3423,56,A,0,,GARDEN COMPLEX,
3034290026,11207,190,SCHAEFER,ST,3,3429,26,A,0,J-51,J-51,
3034290028,11207,194,SCHAEFER,ST,3,3429,28,A,0,,,
3034290029,11207,196,SCHAEFER,ST,3,3429,29,A,0,,,
3034300009,11207,214,SCHAEFER,ST,3,3430,9,A,0,,,
3040890024,11207,628,SCHENCK,AVE,3,4089,24,A,0,,GARDEN COMPLEX,
3043300023,11207,754,SCHENCK,AVE,3,4330,23,A,0,421-A (1-15),421-A (1-15),
3043300025,11207,758,SCHENCK,AVE,3,4330,25,A,0,421-A (1-15),GARDEN COMPLEX 421-A (1-15),
3037030010,11207,147,SHEFFIELD,AVE,3,3703,10,B,0,,,
3037540111,11207,297,SHEFFIELD,AVE,3,3754,111,A,0,,,
3037540011,11207,299,SHEFFIELD,AVE,3,3754,11,A,0,,,
3037540009,11207,303,SHEFFIELD,AVE,3,3754,9,A,0,421-A (1-15),421-A (1-15),
3037540008,11207,305,SHEFFIELD,AVE,3,3754,8,B,0,421-A (1-15),421-A (1-15),
3037540007,11207,307,SHEFFIELD,AVE,3,3754,7,A,0,,,
3037540005,11207,311,SHEFFIELD,AVE,3,3754,5,A,0,421-A (1-15),421-A (1-15),
3037710005,11207,369,SHEFFIELD,AVE,3,3771,5,A,0,J-51,GARDEN COMPLEX J-51,
3038057501,11207,491,SHEFFIELD,AVE,3,3805,7501,A,0,,GARDEN COMPLEX,
3038047501,11207,494,SHEFFIELD,AVE,3,3804,7501,B,0,,GARDEN COMPLEX,
3038220107,11207,537,SHEFFIELD,AVE,3,3822,107,B,0,,,
3038220006,11207,543,SHEFFIELD,AVE,3,3822,6,A,0,,GARDEN COMPLEX,
3042980077,11207,643,SHEFFIELD,AVE,3,4298,77,A,0,421-A (16),421-A (16),
3042980076,11207,647,SHEFFIELD,AVE,3,4298,76,A,0,421-A (16),421-A (16),
3042980064,11207,677,SHEFFIELD,AVE,3,4298,64,A,0,,GARDEN COMPLEX,
3042970028,11207,686,SHEFFIELD,AVE,3,4297,28,A,0,,GARDEN COMPLEX,
3043220054,11207,735,SHEFFIELD,AVE,3,4322,54,B,0,,,
3043220052,11207,739,SHEFFIELD,AVE,3,4322,52,A,0,,GARDEN COMPLEX,
3037667501,11207,273,SNEDIKER,AVE,3,3766,7501,A,0,,GARDEN COMPLEX ARTICLE 11,
3037820140,11207,350,SNEDIKER,AVE,3,3782,140,A,0,,GARDEN COMPLEX ARTICLE 11,
3037820130,11207,360 TO 362,SNEDIKER,AVE,3,3782,130,A,0,,GARDEN COMPLEX ARTICLE 11,
3037990026,11207,418 TO 420,SNEDIKER,AVE,3,3799,26,A,0,,,
3038340010,11207,529,SNEDIKER,AVE,3,3834,10,B,0,,GARDEN COMPLEX,
3038500031,11207,584,SNEDIKER,AVE,3,3850,31,A,0,421-A (16),421-A (16),
3038730037,11207,720,SNEDIKER,AVE,3,3873,37,B,0,,,
3038730039,11207,726,SNEDIKER,AVE,3,3873,39,B,0,,,
3034870060,11207,38,SUNNYSIDE,AVE,3,3487,60,A,0,,,
3034870065,11207,52,SUNNYSIDE,AVE,3,3487,65,A,0,,,
3038860119,11207,79,SUNNYSIDE,AVE,3,3886,119,A,0,,,
3038980009,11207,206,SUNNYSIDE,AVE,3,3898,9,A,0,,,
3037500028,11207,541,SUTTER,AVE,3,3750,28,A,0,,,
3037717501,11207,616 TO 630,SUTTER,AVE,3,3771,7501,A,0,,,
3037730026,11207,668,SUTTER,AVE,3,3773,26,A,0,,,403 NEW JERSEY AVE
3039180032,11207,17,VAN SICLEN,AVE,3,3918,32,A,0,,,
3039330002,11207,79,VAN SICLEN,AVE,3,3933,2,A,0,421-A (1-15),421-A (1-15),
3039330001,11207,83,VAN SICLEN,AVE,3,3933,1,A,0,421-A (1-15),ROOMING HOUSE 421-A (1-15),
3039470017,11207,107,VAN SICLEN,AVE,3,3947,17,A,0,,GARDEN COMPLEX,
3039460025,11207,114,VAN SICLEN,AVE,3,3946,25,A,0,,GARDEN COMPLEX,
3039460026,11207,116,VAN SICLEN,AVE,3,3946,26,B,0,,,
3039460027,11207,120,VAN SICLEN,AVE,3,3946,27,A,0,,,
3039460028,11207,124,VAN SICLEN,AVE,3,3946,28,A,0,,,
3039930022,11207,270,VAN SICLEN,AVE,3,3993,22,A,0,,,
3040100014,11207,309,VAN SICLEN,AVE,3,4010,14,A,0,421-A (16),421-A (16),
3040260002,11207,371,VAN SICLEN,AVE,3,4026,2,A,0,,,
3040420001,11207,433,VAN SICLEN,AVE,3,4042,1,A,0,,,
3040730049,11207,562,VAN SICLEN,AVE,3,4073,49,A,0,,,
3040730050,11207,564,VAN SICLEN,AVE,3,4073,50,A,0,,,
3040870129,11207,574,VAN SICLEN,AVE,3,4087,129,A,0,421-A (1-15),421-A (1-15),
3040870130,11207,576,VAN SICLEN,AVE,3,4087,130,A,0,421-A (1-15),421-A (1-15),
3040880015,11207,583,VAN SICLEN,AVE,3,4088,15,A,0,,,
3043290001,11207,721,VAN SICLEN,AVE,3,4329,1,B,0,,,
3038507501,11207,679,VAN SINDEREN,AVE,3,3850,7501,A,0,,SECTION 610 OF PHFL,
3038730118,11207,791,VAN SINDEREN,AVE,3,3873,118,A,0,,,
3038730117,11207,793,VAN SINDEREN,AVE,3,3873,117,A,0,,,
3038730116,11207,795,VAN SINDEREN,AVE,3,3873,116,A,0,,,
3038730115,11207,797,VAN SINDEREN,AVE,3,3873,115,A,0,,,
3038730114,11207,799,VAN SINDEREN,AVE,3,3873,114,A,0,,,
3038730113,11207,801,VAN SINDEREN,AVE,3,3873,113,A,0,,,
3038730112,11207,803,VAN SINDEREN,AVE,3,3873,112,A,0,,,
3038730111,11207,805,VAN SINDEREN,AVE,3,3873,111,A,0,,,
3038730110,11207,807,VAN SINDEREN,AVE,3,3873,110,A,0,,,
3038730109,11207,809,VAN SINDEREN,AVE,3,3873,109,A,0,,,
3038730108,11207,811,VAN SINDEREN,AVE,3,3873,108,A,0,,,
3038730107,11207,813,VAN SINDEREN,AVE,3,3873,107,A,0,,,
3038730106,11207,815,VAN SINDEREN,AVE,3,3873,106,A,0,,,
3038730105,11207,817,VAN SINDEREN,AVE,3,3873,105,A,0,,,
3034860001,11207,50,VERMONT,ST,3,3486,1,A,0,,,
3036720010,11207,129,VERMONT,ST,3,3672,10,B,0,,,
3036720003,11207,147,VERMONT,ST,3,3672,3,A,0,,,
3037060004,11207,247,VERMONT,ST,3,3706,4,A,0,,,
3037740114,11207,433,VERMONT,ST,3,3774,114,A,0,421-A (16),421-A (16),
3038080010,11207,549,VERMONT,ST,3,3808,10,A,0,421-A (1-15),GARDEN COMPLEX 421-A (1-15),
3038070042,11207,568,VERMONT,ST,3,3807,42,A,0,,GARDEN COMPLEX,
3038250005,11207,633,VERMONT,ST,3,3825,5,A,0,,GARDEN COMPLEX,
3038250003,11207,635,VERMONT,ST,3,3825,3,A,0,,GARDEN COMPLEX,
3038240049,11207,636,VERMONT,ST,3,3824,49,A,0,,,
3038240050,11207,638,VERMONT,ST,3,3824,50,A,0,,GARDEN COMPLEX,
3038250001,11207,641,VERMONT,ST,3,3825,1,A,0,,GARDEN COMPLEX,
3038240051,11207,642,VERMONT,ST,3,3824,51,A,0,,,
3038410028,11207,658,VERMONT,ST,3,3841,28,B,0,,,
3038420007,11207,659,VERMONT,ST,3,3842,7,A,0,,GARDEN COMPLEX,
3040780047,11207,664,WARWICK,ST,3,4078,47,A,0,421-A (16),421-A (16),
3043110103,11207,697,WARWICK,ST,3,4311,103,A,0,421-A (1-15),421-A (1-15),
3043110102,11207,699,WARWICK,ST,3,4311,102,A,0,421-A (1-15),421-A (1-15),
3043110101,11207,701,WARWICK,ST,3,4311,101,A,0,421-A (1-15),421-A (1-15),
3038197501,11207,481,WILLIAMS,AVE,3,3819,7501,A,0,,GARDEN COMPLEX,
3038180033,11207,486,WILLIAMS,AVE,3,3818,33,A,0,,GARDEN COMPLEX,
3038180035,11207,490,WILLIAMS,AVE,3,3818,35,A,0,,GARDEN COMPLEX,
3038180037,11207,496,WILLIAMS,AVE,3,3818,37,A,0,,GARDEN COMPLEX,
3038180039,11207,502,WILLIAMS,AVE,3,3818,39,A,0,,GARDEN COMPLEX,
3038190013,11207,503,WILLIAMS,AVE,3,3819,13,A,0,,GARDEN COMPLEX,
3038180041,11207,508,WILLIAMS,AVE,3,3818,41,A,0,,GARDEN COMPLEX,
3038180043,11207,514,WILLIAMS,AVE,3,3818,43,A,0,,GARDEN COMPLEX,
3038180046,11207,520,WILLIAMS,AVE,3,3818,46,A,0,,GARDEN COMPLEX,
3038180049,11207,526,WILLIAMS,AVE,3,3818,49,A,0,,GARDEN COMPLEX,
3038350028,11207,542,WILLIAMS,AVE,3,3835,28,A,0,,GARDEN COMPLEX,
3038350035,11207,558,WILLIAMS,AVE,3,3835,35,B,0,,,
3038350044,11207,584 TO 586,WILLIAMS,AVE,3,3835,44,A,0,,GARDEN COMPLEX,
3038350046,11207,590,WILLIAMS,AVE,3,3835,46,B,0,,,
3034170025,11207,554,WILSON,AVE,3,3417,25,A,0,,GARDEN COMPLEX,
3034170026,11207,556,WILSON,AVE,3,3417,26,A,0,,,
3034120005,11207,559,WILSON,AVE,3,3412,5,A,0,,,
3034120002,11207,565,WILSON,AVE,3,3412,2,A,0,,,
3034170032,11207,572,WILSON,AVE,3,3417,32,A,0,,,
3034230042,11207,586,WILSON,AVE,3,3423,42,A,0,,GARDEN COMPLEX,
3034230043,11207,588,WILSON,AVE,3,3423,43,A,0,,,
3034350032,11207,618,WILSON,AVE,3,3435,32,A,0,,,
3034410028,11207,626,WILSON,AVE,3,3441,28,A,0,,,
3034360006,11207,629,WILSON,AVE,3,3436,6,A,0,,,
3034360003,11207,635,WILSON,AVE,3,3436,3,A,0,,,
3034410032,11207,636,WILSON,AVE,3,3441,32,A,0,,,
3034410034,11207,642 TO 647,WILSON,AVE,3,3441,34,A,0,,,
3036720037,11207,110,WYONA,ST,3,3672,37,A,0,,,
3037410013,11207,285,WYONA,ST,3,3741,13,B,0,,,
3037410004,11207,307,WYONA,ST,3,3741,4,B,0,,,
3037920023,11207,431,WYONA,ST,3,3792,23,A,0,,,
3037920021,11207,433,WYONA,ST,3,3792,21,A,0,,,
3037920019,11207,437,WYONA,ST,3,3792,19,A,0,,GARDEN COMPLEX,
3037920018,11207,439,WYONA,ST,3,3792,18,A,0,,,
3037920017,11207,443,WYONA,ST,3,3792,17,A,0,,,
3037920016,11207,445,WYONA,ST,3,3792,16,A,0,,ARTICLE 11,
3037920015,11207,449,WYONA,ST,3,3792,15,A,0,,,
3037920014,11207,451,WYONA,ST,3,3792,14,A,0,,,
3037920012,11207,457,WYONA,ST,3,3792,12,A,0,J-51,J-51,
3037920001,11207,475,WYONA,ST,3,3792,1,A,0,,GARDEN COMPLEX,
3038250045,11207,588,WYONA,ST,3,3825,45,A,0,,GARDEN COMPLEX,
3038250046,11207,592,WYONA,ST,3,3825,46,A,0,,,
3038250048,11207,594,WYONA,ST,3,3825,48,A,0,,,
3038250049,11207,596,WYONA,ST,3,3825,49,A,0,,,
3038250050,11207,600,WYONA,ST,3,3825,50,A,0,,GARDEN COMPLEX,
3039400006,11208,248,ARLINGTON,AVE,3,3940,6,B,0,,,
3039410012,11208,288,ARLINGTON,AVE,3,3941,12,A,0,,,
3039420005,11208,298,ARLINGTON,AVE,3,3942,5,A,0,J-51,J-51,
3039750001,11208,7,ATKINS,AVE,3,3975,1,A,0,,,
3039740001,11208,10,ATKINS,AVE,3,3974,1,A,0,,,
3040230007,11208,209,ATKINS,AVE,3,4023,7,A,0,,,
3040380025,11208,256,ATKINS,AVE,3,4038,25,A,0,J-51,J-51,
3040550007,11208,315,ATKINS,AVE,3,4055,7,A,0,,,
3044550076,11208,417,ATKINS,AVE,3,4455,76,A,0,,,
3044550048,11208,485 TO 489,ATKINS,AVE,3,4455,48,A,0,,,
3044780001,11208,495 TO 505,ATKINS,AVE,3,4478,1,A,0,,SECTION 610 OF PHFL,996 HEGEMAN AVE
3039550045,11208,3003,ATLANTIC,AVE,3,3955,45,A,0,,,
3039560028,11208,3015,ATLANTIC,AVE,3,3956,28,A,0,,GARDEN COMPLEX,
3041670034,11208,342,AUTUMN,AVE,3,4167,34,A,0,,,
3041670035,11208,346,AUTUMN,AVE,3,4167,35,A,0,,,
3041680029,11208,376,AUTUMN,AVE,3,4168,29,B,0,,,
3041800014,11208,429,AUTUMN,AVE,3,4180,14,A,0,,GARDEN COMPLEX,
3041800006,11208,445,AUTUMN,AVE,3,4180,6,A,0,,,
3042000033,11208,496,AUTUMN,AVE,3,4200,33,A,0,,GARDEN COMPLEX,
3042370010,11208,543 TO 545,AUTUMN,AVE,3,4237,10,A,0,,,
3040360019,11208,780,BELMONT,AVE,3,4036,19,B,0,,,
3040200032,11208,781,BELMONT,AVE,3,4020,32,B,0,,,
3040360020,11208,784,BELMONT,AVE,3,4036,20,B,0,,,
3040200030,11208,785,BELMONT,AVE,3,4020,30,B,0,,,
3040360021,11208,786,BELMONT,AVE,3,4036,21,B,0,,,
3040200029,11208,789,BELMONT,AVE,3,4020,29,A,0,421-A (1-15),0 421-A (1-15),
3040380015,11208,816,BELMONT,AVE,3,4038,15,A,0,,GARDEN COMPLEX,
3040230036,11208,853,BELMONT,AVE,3,4023,36,A,0,J-51,J-51,226 MONTAUK AVE
3042470018,11208,924,BELMONT,AVE,3,4247,18,A,0,421-A (1-15),GARDEN COMPLEX 421-A (1-15),
3042490016,11208,964,BELMONT,AVE,3,4249,16,A,0,,,
3042490018,11208,970 TO 976,BELMONT,AVE,3,4249,18,A,0,,GARDEN COMPLEX,
3042490021,11208,980,BELMONT,AVE,3,4249,21,A,0,,GARDEN COMPLEX,122 DOSCHER ST
3042340043,11208,1041,BELMONT,AVE,3,4234,43,A,0,,GARDEN COMPLEX,451 PINE ST
3040057501,11208,166 TO 182,BERRIMAN,ST,3,4005,7501,A,0,,,24872501 PITKIN AVE
3040700018,11208,355,BERRIMAN,ST,3,4070,18,A,0,,,
3044530021,11208,446,BERRIMAN,ST,3,4453,21,A,0,,GARDEN COMPLEX,
3040530001,11208,1055,BLAKE,AVE,3,4053,1,A,0,,,
3042630001,11208,1149,BLAKE,AVE,3,4263,1,A,0,,,
3041030038,11208,30,CHESTNUT,ST,3,4103,38,A,0,,,
3041270045,11208,182 TO 184,CHESTNUT,ST,3,4127,45,A,0,,,
3041270046,11208,186,CHESTNUT,ST,3,4127,46,A,0,,,
3041270047,11208,188,CHESTNUT,ST,3,4127,47,A,0,,,
3041280008,11208,193,CHESTNUT,ST,3,4128,8,A,0,,,
3041280007,11208,197,CHESTNUT,ST,3,4128,7,A,0,,,
3041930012,11208,385,CHESTNUT,ST,3,4193,12,A,0,,GARDEN COMPLEX,
3039540015,11208,237,CLEVELAND,ST,3,3954,15,A,0,,,
3039540014,11208,239,CLEVELAND,ST,3,3954,14,A,0,,,
3040800029,11208,676,CLEVELAND,ST,3,4080,29,B,0,,,
3040800033,11208,690,CLEVELAND,ST,3,4080,33,A,0,,,
3040800034,11208,692,CLEVELAND,ST,3,4080,34,A,0,,GARDEN COMPLEX,
3040800037,11208,696,CLEVELAND,ST,3,4080,37,A,0,,GARDEN COMPLEX,
3040800039,11208,698,CLEVELAND,ST,3,4080,39,A,0,,,
3040800040,11208,700,CLEVELAND,ST,3,4080,40,B,0,,,
3043130076,11208,741 TO 743,CLEVELAND,ST,3,4313,76,B,0,,,
3043120034,11208,796,CLEVELAND,ST,3,4312,34,A,0,,GARDEN COMPLEX,
3043130047,11208,811,CLEVELAND,ST,3,4313,47,A,0,,,
3041050191,11208,22,COX,PL,3,4105,191,A,0,421-A (1-15),421-A (1-15),
3041180027,11208,114,CRESCENT,ST,3,4118,27,A,0,,,
3041180029,11208,116,CRESCENT,ST,3,4118,29,A,0,,,
3041180032,11208,126,CRESCENT,ST,3,4118,32,A,0,,,
3041640038,11208,376 TO 380,CRESCENT,ST,3,4164,38,A,0,,GARDEN COMPLEX,
3041650031,11208,390,CRESCENT,ST,3,4165,31,A,0,,GARDEN COMPLEX,
3042340023,11208,516,CRESCENT,ST,3,4234,23,B,0,,,
3042340027,11208,526,CRESCENT,ST,3,4234,27,B,0,,,
3042520001,11208,589,CRESCENT,ST,3,4252,1,A,0,,,
3042670032,11208,612,CRESCENT,ST,3,4267,32,A,0,,,
3042670033,11208,616,CRESCENT,ST,3,4267,33,B,0,,PE,
3042820043,11208,694,CRESCENT,ST,3,4282,43,A,0,,,
3042820044,11208,698,CRESCENT,ST,3,4282,44,A,0,421-A (1-15),421-A (1-15),
3042830009,11208,701,CRESCENT,ST,3,4283,9,B,0,,2,
3042820046,11208,702,CRESCENT,ST,3,4282,46,B,0,421-A (1-15),421-A (1-15),
3042830008,11208,705,CRESCENT,ST,3,4283,8,A,0,421-A (1-15),GARDEN COMPLEX 421-A (1-15),
3042470028,11208,224,CRYSTAL,ST,3,4247,28,A,0,,,
3042470031,11208,234,CRYSTAL,ST,3,4247,31,A,0,,,
3041427501,11208,104 TO 110,DINSMORE,PL,3,4142,7501,B,0,,,266 CHESTNUT ST
3041930017,11208,2,DOSCHER,ST,3,4193,17,A,0,,,
3042130001,11208,63,DOSCHER,ST,3,4213,1,B,0,,,
3045167501,11208,901,DREW,ST,3,4516,7501,A,0,,SECTION 610 OF PHFL,
3045157501,11208,902,DREW,ST,3,4515,7501,A,0,,SECTION 610 OF PHFL,
3040650001,11208,973,DUMONT,AVE,3,4065,1,A,0,,GARDEN COMPLEX,
3044690001,11208,1478 TO 1500,DUMONT,AVE,3,4469,1,A,0,,,
3042420105,11208,589,ELDERT,LN,3,4242,105,A,0,,,2910 PITKIN AVE
3042420004,11208,601,ELDERT,LN,3,4242,4,A,0,,,
3042420003,11208,603,ELDERT,LN,3,4242,3,A,0,,,
3042570006,11208,628,ELDERT,LN,3,4257,6,A,0,,SECTION 610 OF PHFL,
3042570001,11208,642,ELDERT,LN,3,4257,1,A,0,,SECTION 610 OF PHFL,
3039090008,11208,1,ELTON,ST,3,3909,8,A,0,,,
3039080010,11208,2,ELTON,ST,3,3908,10,B,0,,GARDEN COMPLEX,
3039860006,11208,307,ELTON,ST,3,3986,6,A,0,,,
3039860001,11208,335,ELTON,ST,3,3986,1,A,0,,GARDEN COMPLEX,
3039850005,11208,336,ELTON,ST,3,3985,5,A,0,,GARDEN COMPLEX,
3040020033,11208,379,ELTON,ST,3,4002,33,A,0,J-51,GARDEN COMPLEX J-51,
3040490047,11208,526,ELTON,ST,3,4049,47,A,0,J-51,J-51,
3040810027,11208,612,ELTON,ST,3,4081,27,A,0,,,
3043140001,11208,651,ELTON,ST,3,4314,1,A,0,,,
3043600031,11208,864 TO 872,ELTON,ST,3,4360,31,A,0,,,
3044477501,11208,1062,ELTON,ST,3,4447,7501,B,0,,,
3044497501,11208,1149,ELTON,ST,3,4449,7501,B,0,,,
3044527501,11208,1165,ELTON,ST,3,4452,7501,B,0,,,
3044527502,11208,1166,ELTON,ST,3,4452,7502,B,0,,,
3044960015,11208,573,EMERALD,ST,3,4496,15,A,0,,,
3044960001,11208,583,EMERALD,ST,3,4496,1,A,0,,,
3039110019,11208,3,ESSEX,ST,3,3911,19,A,0,,,
3039720012,11208,253,ESSEX,ST,3,3972,12,A,0,,,
3039710033,11208,260 TO 262,ESSEX,ST,3,3971,33,A,0,421-A (1-15),421-A (1-15),
3039710034,11208,264,ESSEX,ST,3,3971,34,A,0,421-A (1-15),421-A (1-15),
3039710043,11208,292,ESSEX,ST,3,3971,43,A,0,,,
3043150026,11208,702,ESSEX,ST,3,4315,26,A,0,,ARTICLE 11,
3043150027,11208,706,ESSEX,ST,3,4315,27,A,0,,ARTICLE 11,
3043150038,11208,732,ESSEX,ST,3,4315,38,A,0,,,
3041070105,11208,339,ETNA,ST,3,4107,105,A,0,,GARDEN COMPLEX,
3041090065,11208,371 TO 391,ETNA,ST,3,4109,65,B,0,,,
3041040044,11208,28,EUCLID,AVE,3,4104,44,A,0,,,
3041040046,11208,36,EUCLID,AVE,3,4104,46,A,0,,,
3041040047,11208,38,EUCLID,AVE,3,4104,47,A,0,,,
3041170017,11208,87 TO 105,EUCLID,AVE,3,4117,17,A,0,,,
3041437501,11208,250,EUCLID,AVE,3,4143,7501,A,0,,,234246 EUCLID AVE
3042130016,11208,438,EUCLID,AVE,3,4213,16,B,0,,,
3042320026,11208,496,EUCLID,AVE,3,4232,26,A,0,,,
3045710001,11208,922,FORBELL,ST,3,4571,1,A,0,421-A (1-15),GARDEN COMPLEX 421-A (1-15),
3041560006,11208,95,FOUNTAIN,AVE,3,4156,6,A,0,,,
3041910016,11208,119,FOUNTAIN,AVE,3,4191,16,A,0,,GARDEN COMPLEX,
3042100012,11208,165,FOUNTAIN,AVE,3,4210,12,A,0,,GARDEN COMPLEX,934 GLENMORE AVE
3042460029,11208,268,FOUNTAIN,AVE,3,4246,29,A,0,,,
3042470009,11208,285,FOUNTAIN,AVE,3,4247,9,A,0,,,
3042470008,11208,289,FOUNTAIN,AVE,3,4247,8,B,0,,,
3045650074,11208,781,FOUNTAIN,AVE,3,4565,74,A,0,421-A (16),421-A (16),
3045867504,11208,894,FOUNTAIN,AVE,3,4586,7504,A,0,J-51,GARDEN COMPLEX J-51,
3041260068,11208,3191,FULTON,ST,3,4126,68,A,0,,,
3041260067,11208,3195,FULTON,ST,3,4126,67,A,0,,,
3041410014,11208,3214,FULTON,ST,3,4141,14,A,0,,GARDEN COMPLEX,
3041270058,11208,3229,FULTON,ST,3,4127,58,A,0,,,
3041270056,11208,3235,FULTON,ST,3,4127,56,B,0,,,
3041680012,11208,130,GLEN,ST,3,4168,12,A,0,,,
3039880035,11208,777 TO 787,GLENMORE,AVE,3,3988,35,A,0,421-A (16),GARDEN COMPLEX 421-A (16),368374 SHEPHERD AVE
3040060013,11208,820 TO 836,GLENMORE,AVE,3,4006,13,A,0,421-A (16),GARDEN COMPLEX 421-A (16),
3040070014,11208,840A,GLENMORE,AVE,3,4007,14,A,0,421-A (1-15),421-A (1-15),
3042080020,11208,892,GLENMORE,AVE,3,4208,20,B,1,,NON-EVICT COOP/CONDO,
3041900046,11208,923,GLENMORE,AVE,3,4190,46,A,0,,,
3042110019,11208,970,GLENMORE,AVE,3,4211,19,B,0,,,
3041970001,11208,1049,GLENMORE,AVE,3,4197,1,A,0,,,
3041970027,11208,1055,GLENMORE,AVE,3,4197,27,A,0,,,
3041970026,11208,1059,GLENMORE,AVE,3,4197,26,A,0,,,
3041970025,11208,1061,GLENMORE,AVE,3,4197,25,A,0,,,
3042180010,11208,1120,GLENMORE,AVE,3,4218,10,B,0,,,
3042220017,11208,1158,GLENMORE,AVE,3,4222,17,A,0,,GARDEN COMPLEX,
3042220020,11208,1166,GLENMORE,AVE,3,4222,20,A,0,,,
3041120018,11208,75,GRANT,AVE,3,4112,18,A,0,,,
3041820043,11208,450,GRANT,AVE,3,4182,43,A,0,,,
3041820045,11208,452,GRANT,AVE,3,4182,45,A,0,,,
3041820050,11208,462,GRANT,AVE,3,4182,50,A,0,,,
3041820051,11208,466,GRANT,AVE,3,4182,51,A,0,,GARDEN COMPLEX,
3043130045,11208,851 TO 861,HEGEMAN,AVE,3,4313,45,A,0,J-51,GARDEN COMPLEX J-51,
3043130043,11208,865,HEGEMAN,AVE,3,4313,43,A,0,,,
3043130041,11208,871,HEGEMAN,AVE,3,4313,41,A,0,,,
3043130040,11208,873,HEGEMAN,AVE,3,4313,40,B,0,,,
3043390106,11208,938,HEGEMAN,AVE,3,4339,106,A,0,,,
3043390010,11208,944,HEGEMAN,AVE,3,4339,10,A,0,J-51,J-51,
3044760001,11208,948 TO 950,HEGEMAN,AVE,3,4476,1,A,0,J-51,GARDEN COMPLEX J-51,
3044780004,11208,1004,HEGEMAN,AVE,3,4478,4,B,0,,,
3044780007,11208,1010,HEGEMAN,AVE,3,4478,7,A,0,,,
3041190063,11208,114 TO 120,HEMLOCK,ST,3,4119,63,B,0,,,
3042350025,11208,544,HEMLOCK,ST,3,4235,25,A,0,,,
3042360010,11208,563,HEMLOCK,ST,3,4236,10,A,0,,GARDEN COMPLEX,
3042350036,11208,576,HEMLOCK,ST,3,4235,36,A,0,,,
3039120058,11208,78,HIGHLAND,PL,3,3912,58,A,0,,,
3039290054,11208,136,HIGHLAND,PL,3,3929,54,A,0,421-A (1-15),421-A (1-15),
3039290061,11208,154,HIGHLAND,PL,3,3929,61,A,0,,,
3041650050,11208,17 TO 19,HILL,ST,3,4165,50,A,0,,,
3041650147,11208,21A,HILL,ST,3,4165,147,A,0,,N/A,
3041650148,11208,21,HILL,ST,3,4165,148,A,0,,,
3041660016,11208,38 TO 40,HILL,ST,3,4166,16,A,0,,,
3041710003,11208,70,HILL,ST,3,4171,3,A,0,,,
3039080005,11208,444,JAMAICA,AVE,3,3908,5,A,0,,,
3041010012,11208,654,JAMAICA,AVE,3,4101,12,B,0,,,
3041010014,11208,656,JAMAICA,AVE,3,4101,14,A,0,,,
3039870010,11208,720,LIBERTY,AVE,3,3987,10,A,0,421-A (16),421-A (16),377 LINWOOD ST
3039870013,11208,726,LIBERTY,AVE,3,3987,13,A,0,,GARDEN COMPLEX,
3039710051,11208,729,LIBERTY,AVE,3,3971,51,A,0,421-A (16),GARDEN COMPLEX 421-A (16),
3039710050,11208,731,LIBERTY,AVE,3,3971,50,A,0,421-A (16),GARDEN COMPLEX 421-A (16),
3039710049,11208,735,LIBERTY,AVE,3,3971,49,A,0,421-A (16),GARDEN COMPLEX 421-A (16),
3039710047,11208,737 TO 739,LIBERTY,AVE,3,3971,47,A,0,J-51,GARDEN COMPLEX J-51,
3039730060,11208,779,LIBERTY,AVE,3,3973,60,A,0,,,
3041530080,11208,871,LIBERTY,AVE,3,4153,80,A,0,,,
3041900025,11208,902,LIBERTY,AVE,3,4190,25,A,0,,,
3041570032,11208,975,LIBERTY,AVE,3,4157,32,A,0,421-A (1-15),421-A (1-15),
3041080056,11208,36,LINCOLN,AVE,3,4108,56,A,0,,,
3041080059,11208,38,LINCOLN,AVE,3,4108,59,A,0,,,
3041080064,11208,44,LINCOLN,AVE,3,4108,64,A,0,,,
3041080065,11208,48,LINCOLN,AVE,3,4108,65,A,0,,GARDEN COMPLEX,
3041080066,11208,50,LINCOLN,AVE,3,4108,66,A,0,,,
3041490030,11208,246,LINCOLN,AVE,3,4149,30,A,0,,,
3041810020,11208,415,LINCOLN,AVE,3,4181,20,B,0,,,
3041810014,11208,435,LINCOLN,AVE,3,4181,14,A,0,,,
3041810012,11208,439,LINCOLN,AVE,3,4181,12,B,0,,,
3042020008,11208,485,LINCOLN,AVE,3,4202,8,A,0,,,
3042020007,11208,489,LINCOLN,AVE,3,4202,7,A,0,,,
3042020006,11208,491,LINCOLN,AVE,3,4202,6,A,0,,,
3042550108,11208,621,LINCOLN,AVE,3,4255,108,A,0,421-A (1-15),421-A (1-15),
3043600002,11208,2252,LINDEN,BLVD,3,4360,2,A,0,,,
3043600003,11208,2254,LINDEN,BLVD,3,4360,3,A,0,421-A (1-15),421-A (1-15),
3043600004,11208,2256,LINDEN,BLVD,3,4360,4,A,0,421-A (1-15),421-A (1-15),
3043600005,11208,2258,LINDEN,BLVD,3,4360,5,A,0,421-A (1-15),421-A (1-15),
3043600006,11208,2260,LINDEN,BLVD,3,4360,6,A,0,,,
3043600007,11208,2262,LINDEN,BLVD,3,4360,7,A,0,,,
3044967501,11208,2846 TO 2858,LINDEN,BLVD,3,4496,7501,A,0,,,338 AMBER ST
3039550033,11208,264,LINWOOD,ST,3,3955,33,A,0,,,
3039710019,11208,315,LINWOOD,ST,3,3971,19,A,0,,SECTION 610 OF PHFL,
3040350013,11208,525,LINWOOD,ST,3,4035,13,A,0,,,
3040500024,11208,582,LINWOOD,ST,3,4050,24,A,0,,GARDEN COMPLEX,
3040510004,11208,619,LINWOOD,ST,3,4051,4,A,0,J-51,J-51,
3040660023,11208,644,LINWOOD,ST,3,4066,23,A,0,J-51,J-51,
3041140018,11208,59,LOGAN,ST,3,4114,18,A,0,,,
3042080031,11208,436,LOGAN,ST,3,4208,31,B,0,,,
3042080033,11208,442,LOGAN,ST,3,4208,33,B,0,,,
3042280009,11208,477,LOGAN,ST,3,4228,9,A,0,,,
3042270031,11208,484,LOGAN,ST,3,4227,31,A,0,,,
3042620037,11208,584,LOGAN,ST,3,4262,37,A,0,,,
3042620042,11208,596 TO 598,LOGAN,ST,3,4262,42,A,0,,GARDEN COMPLEX,
3042770032,11208,648,LOGAN,ST,3,4277,32,B,0,,,
3044800123,11208,794,LOGAN,ST,3,4480,123,A,0,J-51,GARDEN COMPLEX J-51,
3045170001,11208,1404 TO 1426,LORING,AVE,3,4517,1,A,0,,GARDEN COMPLEX SECTION 610 OF PHFL,
3045170003,11208,1426C,LORING,AVE,3,4517,3,A,0,,GARDEN COMPLEX SECTION 610 OF PHFL,
3041650029,11208,118,MCKINLEY,AVE,3,4165,29,B,0,421-A (1-15),421-A (1-15),
3041690001,11208,127,MCKINLEY,AVE,3,4169,1,B,0,,GARDEN COMPLEX,
3041690032,11208,165,MCKINLEY,AVE,3,4169,32,A,0,,,
3041690031,11208,167,MCKINLEY,AVE,3,4169,31,A,0,,,
3039760065,11208,82,MILFORD,ST,3,3976,65,A,0,421-A (16),GARDEN COMPLEX 421-A (16),
3041890001,11208,149,MILFORD,ST,3,4189,1,A,0,,GARDEN COMPLEX,
3042080011,11208,171,MILFORD,ST,3,4208,11,B,0,,,
3040080031,11208,180,MILFORD,ST,3,4008,31,B,0,,,
3042270001,11208,233,MILFORD,ST,3,4227,1,A,0,J-51,GARDEN COMPLEX J-51,
3042450011,11208,265,MILFORD,ST,3,4245,11,A,0,421-A (1-15),421-A (1-15),
3042450005,11208,277,MILFORD,ST,3,4245,5,A,0,421-A (16),421-A (16),
3040400036,11208,280,MILFORD,ST,3,4040,36,A,0,J-51,GARDEN COMPLEX J-51,
3042620009,11208,327,MILFORD,ST,3,4262,9,B,0,,GARDEN COMPLEX,
3040240010,11208,203,MONTAUK,AVE,3,4024,10,A,0,,,
3040560009,11208,303,MONTAUK,AVE,3,4056,9,A,0,,,
3040560004,11208,311,MONTAUK,AVE,3,4056,4,A,0,,,
3044560070,11208,407 TO 409,MONTAUK,AVE,3,4456,70,A,0,,,
3044550020,11208,408,MONTAUK,AVE,3,4455,20,A,0,421-A (1-15),421-A (1-15),
3044560067,11208,415,MONTAUK,AVE,3,4456,67,A,0,,,
3044560065,11208,417,MONTAUK,AVE,3,4456,65,A,0,J-51,J-51,
3044560061,11208,425 TO 427,MONTAUK,AVE,3,4456,61,A,0,,,
3044560054,11208,439 TO 441,MONTAUK,AVE,3,4456,54,A,0,,,
3040810001,11208,765,NEW LOTS,AVE,3,4081,1,A,0,,,
3043140006,11208,798,NEW LOTS,AVE,3,4314,6,A,0,,,
3042770036,11208,1059,NEW LOTS,AVE,3,4277,36,A,0,,,
3042770035,11208,1063,NEW LOTS,AVE,3,4277,35,A,0,,,
3041220007,11208,165,NICHOLS,AVE,3,4122,7,A,0,,,
3041350001,11208,237 TO 239,NICHOLS,AVE,3,4135,1,A,0,,,
3039310030,11208,108,NORWOOD,AVE,3,3931,30,A,0,,,240 RIDGEWOOD AVE
3040030035,11208,2437,PITKIN,AVE,3,4003,35,A,0,421-A (16),GARDEN COMPLEX 421-A (16),
3040030028,11208,2445,PITKIN,AVE,3,4003,28,A,0,,GARDEN COMPLEX,
3040080044,11208,2555,PITKIN,AVE,3,4008,44,A,0,,,
3040080043,11208,2557,PITKIN,AVE,3,4008,43,A,0,421-A (1-15),421-A (1-15),
3042330021,11208,2730,PITKIN,AVE,3,4233,21,A,0,J-51,J-51,
3042330023,11208,2736,PITKIN,AVE,3,4233,23,A,0,,GARDEN COMPLEX,
3042330025,11208,2740,PITKIN,AVE,3,4233,25,A,0,421-A (1-15),421-A (1-15),
3042340012,11208,2742,PITKIN,AVE,3,4234,12,A,0,,,
3042340017,11208,2754,PITKIN,AVE,3,4234,17,A,0,,,
3042350019,11208,2772 TO 2774,PITKIN,AVE,3,4235,19,A,0,,,
3042350022,11208,2776 TO 2778,PITKIN,AVE,3,4235,22,A,0,,,
3039090033,11208,99 TO 101,RIDGEWOOD,AVE,3,3909,33,A,0,,GARDEN COMPLEX,
3039090028,11208,111,RIDGEWOOD,AVE,3,3909,28,A,0,,,
3039090027,11208,113,RIDGEWOOD,AVE,3,3909,27,A,0,,,
3041260037,11208,310,RIDGEWOOD,AVE,3,4126,37,B,0,,,
3041320035,11208,482,RIDGEWOOD,AVE,3,4132,35,A,0,,,
3041220001,11208,551,RIDGEWOOD,AVE,3,4122,1,A,0,,,
3044710109,11208,458,RUBY,ST,3,4471,109,A,0,421-A (1-15),GARDEN COMPLEX 421-A (1-15),
3040050007,11208,387,SHEPHERD,AVE,3,4005,7,A,0,,,
3040040022,11208,396,SHEPHERD,AVE,3,4004,22,A,0,421-A (16),421-A (16),
3040360022,11208,474,SHEPHERD,AVE,3,4036,22,A,0,,,
3041810043,11208,120,SHERIDAN,AVE,3,4181,43,A,0,,,
3041810044,11208,122,SHERIDAN,AVE,3,4181,44,A,0,,,
3041810045,11208,126,SHERIDAN,AVE,3,4181,45,A,0,,GARDEN COMPLEX,
3041810046,11208,128,SHERIDAN,AVE,3,4181,46,A,0,,,
3041810051,11208,138,SHERIDAN,AVE,3,4181,51,A,0,,,
3041810052,11208,140,SHERIDAN,AVE,3,4181,52,A,0,,,
3041810053,11208,144,SHERIDAN,AVE,3,4181,53,A,0,,,
3042630022,11208,1152,SUTTER,AVE,3,4263,22,A,0,,,
3042460038,11208,1163,SUTTER,AVE,3,4246,38,A,0,,GARDEN COMPLEX,
3041630033,11208,101,WELDON,ST,3,4163,33,B,0,,GARDEN COMPLEX,
3041680031,11208,155,WELDON,ST,3,4168,31,A,0,,,
3061340001,11209,301,100TH,ST,3,6134,1,A,0,,,
3061340038,11209,317,100TH,ST,3,6134,38,A,0,,,
3061370071,11209,322,100TH,ST,3,6137,71,A,0,,,
3061370072,11209,326,100TH,ST,3,6137,72,A,0,,,
3061370073,11209,328,100TH,ST,3,6137,73,A,0,,,
3061370075,11209,332,100TH,ST,3,6137,75,A,0,,,
3061370045,11209,343 TO 353,101ST,ST,3,6137,45,A,0,,,
3061380047,11209,425,101ST,ST,3,6138,47,A,0,,,
3058710045,11209,6900 TO 6904,3RD,AVE,3,5871,45,A,0,,,284 BAY RIDGE PKWY
3058910011,11209,7025,3RD,AVE,3,5891,11,A,0,,,
3058910009,11209,7103,3RD,AVE,3,5891,9,A,0,,,
3058910007,11209,7109,3RD,AVE,3,5891,7,A,0,,,
3059080010,11209,7201,3RD,AVE,3,5908,10,A,0,,,302 72ND ST
3059080009,11209,7205,3RD,AVE,3,5908,9,A,0,,,
3059080008,11209,7207,3RD,AVE,3,5908,8,A,0,,,
3059070042,11209,7210,3RD,AVE,3,5907,42,A,0,,,
3059080007,11209,7211,3RD,AVE,3,5908,7,A,0,,,
3059070044,11209,7214,3RD,AVE,3,5907,44,A,0,,,
3059080005,11209,7215,3RD,AVE,3,5908,5,A,0,,,
3059080004,11209,7217,3RD,AVE,3,5908,4,A,0,,GARDEN COMPLEX,
3059070046,11209,7218,3RD,AVE,3,5907,46,A,0,,,
3059080003,11209,7219,3RD,AVE,3,5908,3,B,0,,,
3059170041,11209,7306,3RD,AVE,3,5917,41,A,0,,,
3059180005,11209,7311,3RD,AVE,3,5918,5,A,0,,,
3059780040,11209,7902,3RD,AVE,3,5978,40,B,0,,,
3060250010,11209,8401,3RD,AVE,3,6025,10,A,0,,,304 84TH ST
3060440007,11209,8601,3RD,AVE,3,6044,7,A,0,,,302 86TH ST
3060620005,11209,8805,3RD,AVE,3,6062,5,A,0,,,
3060640001,11209,8909,3RD,AVE,3,6064,1,A,0,,,
3061030104,11209,9215,3RD,AVE,3,6103,104,A,0,,,
3061330025,11209,9902,3RD,AVE,3,6133,25,A,1,,NON-EVICT COOP/CONDO,
3061370063,11209,9935,3RD,AVE,3,6137,63,A,0,J-51,J-51,
3058730005,11209,6915 TO 6925,4TH,AVE,3,5873,5,A,0,,GARDEN COMPLEX,
3058910058,11209,7032,4TH,AVE,3,5891,58,B,0,,,
3058920006,11209,7101,4TH,AVE,3,5892,6,A,0,,,
3058920001,11209,7123,4TH,AVE,3,5892,1,A,0,,,
3059090001,11209,7201,4TH,AVE,3,5909,1,A,1,,NON-EVICT COOP/CONDO,
3059080037,11209,7212,4TH,AVE,3,5908,37,A,0,,,
3059080043,11209,7214 TO 7224,4TH,AVE,3,5908,43,A,0,,,
3059190006,11209,7301,4TH,AVE,3,5919,6,A,0,,,
3059190001,11209,7311 TO 7321,4TH,AVE,3,5919,1,A,0,,,
3059300001,11209,7401,4TH,AVE,3,5930,1,A,0,,,
3059400038,11209,7500 TO 7504,4TH,AVE,3,5940,38,A,0,,,
3059510001,11209,7609,4TH,AVE,3,5951,1,A,1,,NON-EVICT COOP/CONDO,
3059610005,11209,7709,4TH,AVE,3,5961,5,A,0,,,
3059610003,11209,7715,4TH,AVE,3,5961,3,A,0,,,
3059690038,11209,7802,4TH,AVE,3,5969,38,A,0,,,
3059690044,11209,7814 TO 7826,4TH,AVE,3,5969,44,A,0,,,
3059700001,11209,7825,4TH,AVE,3,5970,1,B,0,,,
3059800001,11209,7901,4TH,AVE,3,5980,1,A,1,,NON-EVICT COOP/CONDO,
3059790046,11209,7920,4TH,AVE,3,5979,46,A,0,,,
3059880039,11209,8000,4TH,AVE,3,5988,39,A,0,,,
3059880045,11209,8020,4TH,AVE,3,5988,45,A,1,,NON-EVICT COOP/CONDO,
3059980001,11209,8105,4TH,AVE,3,5998,1,A,1,,NON-EVICT COOP/CONDO,
3060080006,11209,8201 TO 8213,4TH,AVE,3,6008,6,A,0,,,
3060080001,11209,8215,4TH,AVE,3,6008,1,A,0,,,
3060170038,11209,8300 TO 8302,4TH,AVE,3,6017,38,A,0,,,
3060250032,11209,8402 TO 8412,4TH,AVE,3,6025,32,A,0,J-51,J-51,
3060250037,11209,8414,4TH,AVE,3,6025,37,A,0,,,
3060260001,11209,8415,4TH,AVE,3,6026,1,A,0,,,
3060340041,11209,8500,4TH,AVE,3,6034,41,A,0,,,
3060450001,11209,8625,4TH,AVE,3,6045,1,A,0,,,
3061220038,11209,9602,4TH,AVE,3,6122,38,A,1,,NON-EVICT COOP/CONDO,
3061270011,11209,9707,4TH,AVE,3,6127,11,A,1,,NON-EVICT COOP/CONDO,
3058930003,11209,7127,5TH,AVE,3,5893,3,A,0,,,
3058930002,11209,7129,5TH,AVE,3,5893,2,A,0,,,
3059100009,11209,7201,5TH,AVE,3,5910,9,A,0,,,506 72ND ST
3059100007,11209,7207,5TH,AVE,3,5910,7,A,0,,,
3059100006,11209,7209,5TH,AVE,3,5910,6,A,0,,,
3059100005,11209,7211,5TH,AVE,3,5910,5,A,0,,,
3059100004,11209,7215,5TH,AVE,3,5910,4,A,0,J-51,J-51,
3059100003,11209,7219,5TH,AVE,3,5910,3,A,0,,,
3059100002,11209,7221,5TH,AVE,3,5910,2,A,0,,,
3059100001,11209,7223,5TH,AVE,3,5910,1,A,0,,,501 73RD ST
3059300036,11209,7402,5TH,AVE,3,5930,36,A,0,,,476 74TH ST
3059310012,11209,7403,5TH,AVE,3,5931,12,A,0,,,
3059310011,11209,7405,5TH,AVE,3,5931,11,A,0,,,
3059310010,11209,7407,5TH,AVE,3,5931,10,A,0,,,
3059310009,11209,7411,5TH,AVE,3,5931,9,B,0,,,
3059890046,11209,8010,5TH,AVE,3,5989,46,A,0,,,
3059900001,11209,8025,5TH,AVE,3,5990,1,B,0,,,
3060450039,11209,8606,5TH,AVE,3,6045,39,A,0,,,
3060670005,11209,8915,5TH,AVE,3,6067,5,A,0,,,
3058740051,11209,6914,6TH,AVE,3,5874,51,A,0,,,
3058930047,11209,7002 TO 7012,6TH,AVE,3,5893,47,A,0,,,
3059810045,11209,7918,6TH,AVE,3,5981,45,A,0,,,
3059810046,11209,7922,6TH,AVE,3,5981,46,A,0,,,
3059910008,11209,8005,6TH,AVE,3,5991,8,A,0,,,
3060190041,11209,8302 TO 8312,6TH,AVE,3,6019,41,A,0,,,
3058690072,11209,65,70TH,ST,3,5869,72,A,0,,,
3058890014,11209,138,71ST,ST,3,5889,14,A,1,,NON-EVICT COOP/CONDO,
3058860001,11209,205,71ST,ST,3,5886,1,B,0,,GARDEN COMPLEX,
3059060001,11209,130,72ND,ST,3,5906,1,A,0,,,
3058890058,11209,145,72ND,ST,3,5889,58,A,1,,NON-EVICT COOP/CONDO,
3059070018,11209,220,72ND,ST,3,5907,18,A,0,,,
3059070034,11209,264,72ND,ST,3,5907,34,A,0,,,
3059070035,11209,266,72ND,ST,3,5907,35,A,0,,,
3059070036,11209,268,72ND,ST,3,5907,36,A,0,,,
3059070037,11209,270,72ND,ST,3,5907,37,A,0,,,
3058930001,11209,509,72ND,ST,3,5893,1,B,0,,,
3059170016,11209,230,73RD,ST,3,5917,16,A,0,,,
3059070064,11209,243,73RD,ST,3,5907,64,A,0,,,
3059170029,11209,254 TO 262,73RD,ST,3,5917,29,A,0,,,
3059070048,11209,279,73RD,ST,3,5907,48,A,0,,,
3059080001,11209,301,73RD,ST,3,5908,1,A,0,,,
3059190037,11209,484,73RD,ST,3,5919,37,A,0,,,
3059210020,11209,630,73RD,ST,3,5921,20,A,0,,,
3059210021,11209,632,73RD,ST,3,5921,21,A,0,,,
3059210026,11209,644,73RD,ST,3,5921,26,A,0,,,
3059210028,11209,648,73RD,ST,3,5921,28,A,0,,,
3059040001,11209,1 TO 17,74TH,ST,3,5904,1,A,0,,,
3059160062,11209,131,74TH,ST,3,5916,62,B,1,,NON-EVICT COOP/CONDO,
3059270024,11209,150,74TH,ST,3,5927,24,A,0,,,
3059280013,11209,218,74TH,ST,3,5928,13,A,0,,,
3059280028,11209,252 TO 272,74TH,ST,3,5928,28,A,0,,,
3059170053,11209,255,74TH,ST,3,5917,53,A,0,,,
3059170049,11209,265 TO 271,74TH,ST,3,5917,49,A,0,,GARDEN COMPLEX,
3059300031,11209,470 TO 474,74TH,ST,3,5930,31,A,0,,,
3059310013,11209,502 TO 512,74TH,ST,3,5931,13,A,0,,,7401 5TH AVE
3059310041,11209,586,74TH,ST,3,5931,41,A,0,,,
3059380015,11209,130,75TH,ST,3,5938,15,A,1,,NON-EVICT COOP/CONDO,130 BAY RIDGE PKWY
3059380023,11209,140,75TH,ST,3,5938,23,A,0,,,140 BAY RIDGE PKWY
3059390020,11209,252,75TH,ST,3,5939,20,A,0,,,
3059280055,11209,255,75TH,ST,3,5928,55,A,0,,,
3059400072,11209,325,76TH,ST,3,5940,72,A,0,,,
3059400045,11209,373 TO 383,76TH,ST,3,5940,45,A,0,,,
3059410001,11209,401,76TH,ST,3,5941,1,A,0,,,
3059510031,11209,462,76TH,ST,3,5951,31,A,0,,,
3059510033,11209,466,76TH,ST,3,5951,33,A,0,,,
3059510036,11209,470,76TH,ST,3,5951,36,A,0,,,
3059610007,11209,408,77TH,ST,3,5961,7,B,0,,,
3059620015,11209,518,77TH,ST,3,5962,15,A,0,,,
3059620016,11209,520,77TH,ST,3,5962,16,A,0,,,
3059620017,11209,522,77TH,ST,3,5962,17,A,0,,,
3059620018,11209,526,77TH,ST,3,5962,18,A,0,,,
3059620019,11209,528,77TH,ST,3,5962,19,A,0,,,
3059620039,11209,574,77TH,ST,3,5962,39,A,0,,,
3059590062,11209,243,78TH,ST,3,5959,62,A,1,,NON-EVICT COOP/CONDO,
3059680041,11209,280,78TH,ST,3,5968,41,A,0,,,
3059690010,11209,302 TO 306,78TH,ST,3,5969,10,B,0,,,
3059600069,11209,335,78TH,ST,3,5960,69,A,0,,,
3059610001,11209,405,78TH,ST,3,5961,1,A,0,,,
3059700018,11209,430,78TH,ST,3,5970,18,A,1,,NON-EVICT COOP/CONDO,
3059610063,11209,431,78TH,ST,3,5961,63,A,0,,,
3059610062,11209,433,78TH,ST,3,5961,62,A,0,,,
3059610061,11209,437,78TH,ST,3,5961,61,A,0,,,
3059610056,11209,447,78TH,ST,3,5961,56,A,0,,,
3059700028,11209,450,78TH,ST,3,5970,28,A,0,,,
3059610055,11209,451,78TH,ST,3,5961,55,A,0,,,
3059610051,11209,463,78TH,ST,3,5961,51,A,0,,,
3059610050,11209,465,78TH,ST,3,5961,50,A,0,,,
3059610049,11209,469,78TH,ST,3,5961,49,A,0,,,
3059610048,11209,471,78TH,ST,3,5961,48,A,0,,,
3059610047,11209,473,78TH,ST,3,5961,47,A,0,,,
3059780037,11209,270,79TH,ST,3,5978,37,A,0,,,
3059780038,11209,272,79TH,ST,3,5978,38,A,0,,,
3059790011,11209,302,79TH,ST,3,5979,11,A,0,421-A (1-15),ROOMING HOUSE 421-A (1-15),
3059790014,11209,314 TO 324,79TH,ST,3,5979,14,A,0,,GARDEN COMPLEX,
3059790036,11209,370,79TH,ST,3,5979,36,B,0,,,
3059800021,11209,434,79TH,ST,3,5980,21,A,0,,,
3059710001,11209,509,79TH,ST,3,5971,1,A,0,,,
3059720001,11209,601 TO 603,79TH,ST,3,5972,1,A,1,,NON-EVICT COOP/CONDO,
3059880010,11209,302,80TH,ST,3,5988,10,A,0,,,
3059790001,11209,305,80TH,ST,3,5979,1,A,0,,,
3059880013,11209,314,80TH,ST,3,5988,13,A,0,421-A (1-15),421-A (1-15),
3059880026,11209,344,80TH,ST,3,5988,26,A,0,,,
3059900010,11209,510,80TH,ST,3,5990,10,A,0,,,8001 5TH AVE
3059810059,11209,553,80TH,ST,3,5981,59,A,0,,GARDEN COMPLEX,
3059810058,11209,555,80TH,ST,3,5981,58,A,0,,,
3059810057,11209,559,80TH,ST,3,5981,57,A,0,,,
3059810056,11209,561,80TH,ST,3,5981,56,A,0,,,
3059810055,11209,565,80TH,ST,3,5981,55,A,0,,,
3059810054,11209,567,80TH,ST,3,5981,54,A,0,,,
3059810053,11209,571,80TH,ST,3,5981,53,A,0,,,
3059810052,11209,573,80TH,ST,3,5981,52,A,0,,,
3059810047,11209,575,80TH,ST,3,5981,47,A,0,,,
3059910010,11209,608,80TH,ST,3,5991,10,A,0,,,
3059910011,11209,612,80TH,ST,3,5991,11,B,0,,,
3059910012,11209,614,80TH,ST,3,5991,12,A,0,,,
3059910013,11209,618,80TH,ST,3,5991,13,A,0,,,
3059910014,11209,620,80TH,ST,3,5991,14,A,0,,,
3059910015,11209,624,80TH,ST,3,5991,15,A,0,,,
3059870045,11209,273 TO 283,81ST,ST,3,5987,45,A,0,,,
3059880001,11209,301 TO 311,81ST,ST,3,5988,1,A,0,,,
3059980009,11209,408,81ST,ST,3,5998,9,A,0,,GARDEN COMPLEX,
3059960048,11209,279,82ND,ST,3,5996,48,A,0,,,
3059970076,11209,315,82ND,ST,3,5997,76,A,0,,,
3059970075,11209,319,82ND,ST,3,5997,75,A,0,,,
3059970074,11209,323,82ND,ST,3,5997,74,A,0,,,
3059970072,11209,325,82ND,ST,3,5997,72,A,0,,,
3059970070,11209,327,82ND,ST,3,5997,70,A,0,J-51,J-51,
3060090009,11209,502 TO 510,82ND,ST,3,6009,9,A,0,,,
3059990001,11209,507,82ND,ST,3,5999,1,A,0,,,
3059990086,11209,511,82ND,ST,3,5999,86,A,0,421-A (1-15),ROOMING HOUSE 421-A (1-15),
3059990085,11209,515,82ND,ST,3,5999,85,A,0,,,
3060090010,11209,516,82ND,ST,3,6009,10,A,0,,,
3059990084,11209,517,82ND,ST,3,5999,84,A,0,,GARDEN COMPLEX,
3059990083,11209,519,82ND,ST,3,5999,83,A,0,,,
3059990082,11209,521,82ND,ST,3,5999,82,A,0,,,
3059990081,11209,523,82ND,ST,3,5999,81,A,0,,,
3059990080,11209,525,82ND,ST,3,5999,80,A,0,,,
3059990079,11209,529,82ND,ST,3,5999,79,A,0,,,
3059990077,11209,531,82ND,ST,3,5999,77,A,0,,,
3060090018,11209,532,82ND,ST,3,6009,18,A,0,,,
3059990076,11209,533,82ND,ST,3,5999,76,A,0,,,
3059990074,11209,537,82ND,ST,3,5999,74,A,0,,,
3060090019,11209,538,82ND,ST,3,6009,19,A,0,,,
3059990071,11209,539,82ND,ST,3,5999,71,B,0,,,
3060090020,11209,540,82ND,ST,3,6009,20,A,0,,,
3059990069,11209,541,82ND,ST,3,5999,69,A,0,,,
3060090021,11209,544,82ND,ST,3,6009,21,A,0,,,
3059990068,11209,545,82ND,ST,3,5999,68,A,0,,,
3060090022,11209,546,82ND,ST,3,6009,22,A,0,,GARDEN COMPLEX,
3059990067,11209,549,82ND,ST,3,5999,67,A,0,,,
3060090023,11209,550,82ND,ST,3,6009,23,A,0,,,
3059990066,11209,551,82ND,ST,3,5999,66,B,0,,,
3060090024,11209,552,82ND,ST,3,6009,24,A,0,,GARDEN COMPLEX,
3060090025,11209,556,82ND,ST,3,6009,25,A,0,,,
3059990063,11209,557,82ND,ST,3,5999,63,A,0,,,
3060090026,11209,558,82ND,ST,3,6009,26,A,0,,,
3059990062,11209,559,82ND,ST,3,5999,62,A,0,,,
3059990061,11209,561,82ND,ST,3,5999,61,A,0,,,
3060090027,11209,562,82ND,ST,3,6009,27,A,0,,,
3060090028,11209,564,82ND,ST,3,6009,28,A,0,,,
3059990058,11209,567,82ND,ST,3,5999,58,A,0,,,
3060090029,11209,568,82ND,ST,3,6009,29,A,0,,,
3060090030,11209,570,82ND,ST,3,6009,30,A,0,,,
3059990056,11209,571,82ND,ST,3,5999,56,B,0,,,
3060090031,11209,574,82ND,ST,3,6009,31,A,0,,,
3059990054,11209,575,82ND,ST,3,5999,54,A,0,,,
3060090033,11209,580,82ND,ST,3,6009,33,A,0,,GARDEN COMPLEX,
3060060046,11209,279,83RD,ST,3,6006,46,A,0,,,
3060170010,11209,302,83RD,ST,3,6017,10,A,0,,,
3060080068,11209,439,83RD,ST,3,6008,68,B,0,,,
3060080067,11209,441,83RD,ST,3,6008,67,A,0,,,
3060080066,11209,443,83RD,ST,3,6008,66,A,0,,,
3060190010,11209,506,83RD,ST,3,6019,10,A,0,,,8301 5TH AVE
3060190011,11209,514,83RD,ST,3,6019,11,A,0,,,
3060190014,11209,520,83RD,ST,3,6019,14,A,0,,,
3060090070,11209,521,83RD,ST,3,6009,70,A,0,,,
3060190015,11209,524,83RD,ST,3,6019,15,A,0,,,
3060090069,11209,525,83RD,ST,3,6009,69,A,0,,,
3060190016,11209,528,83RD,ST,3,6019,16,A,0,,,
3060190017,11209,530,83RD,ST,3,6019,17,A,0,,,
3060090067,11209,531,83RD,ST,3,6009,67,A,0,,,
3060190018,11209,532,83RD,ST,3,6019,18,A,0,,,
3060090066,11209,535,83RD,ST,3,6009,66,A,0,,,
3060090064,11209,539,83RD,ST,3,6009,64,A,0,,,
3060090063,11209,543,83RD,ST,3,6009,63,A,0,,,
3060190035,11209,568,83RD,ST,3,6019,35,A,0,,,
3060190037,11209,576,83RD,ST,3,6019,37,A,0,,,
3060190038,11209,578,83RD,ST,3,6019,38,A,0,,,
3060190039,11209,580,83RD,ST,3,6019,39,A,0,,,
3060240038,11209,278,84TH,ST,3,6024,38,A,0,,,
3060170001,11209,305,84TH,ST,3,6017,1,A,0,,,
3060180051,11209,461 TO 473,84TH,ST,3,6018,51,A,0,,,
3060260041,11209,484,84TH,ST,3,6026,41,A,0,,,
3060270031,11209,580,84TH,ST,3,6027,31,A,0,,,
3060240047,11209,279,85TH,ST,3,6024,47,A,0,,,
3060330040,11209,280,85TH,ST,3,6033,40,A,0,,ROOMING HOUSE,85028506 3RD AVE
3060340007,11209,310,85TH,ST,3,6034,7,A,0,,,
3060250001,11209,311,85TH,ST,3,6025,1,A,0,,,
3060350006,11209,402,85TH,ST,3,6035,6,A,0,,,
3060260079,11209,411,85TH,ST,3,6026,79,A,0,,,
3060260078,11209,415,85TH,ST,3,6026,78,A,0,,,
3060260077,11209,417,85TH,ST,3,6026,77,B,0,,,
3060350040,11209,488,85TH,ST,3,6035,40,A,0,,,8502 5TH AVE
3060270058,11209,537 TO 543,85TH,ST,3,6027,58,A,0,,,
3060270053,11209,545,85TH,ST,3,6027,53,A,0,,,
3060270045,11209,565,85TH,ST,3,6027,45,A,0,,,
3060330070,11209,227 TO 229,86TH,ST,3,6033,70,A,0,,,
3060430034,11209,266,86TH,ST,3,6043,34,A,0,,,
3060430035,11209,270,86TH,ST,3,6043,35,A,0,,,
3060430036,11209,272,86TH,ST,3,6043,36,A,0,,,
3060430037,11209,274,86TH,ST,3,6043,37,B,0,,,
3060430038,11209,280,86TH,ST,3,6043,38,A,0,,,
3060340001,11209,301 TO 309,86TH,ST,3,6034,1,A,0,,,
3060340076,11209,321,86TH,ST,3,6034,76,A,0,,,
3060340074,11209,325,86TH,ST,3,6034,74,B,0,,GARDEN COMPLEX,
3060340067,11209,339,86TH,ST,3,6034,67,A,0,,,
3060340060,11209,345 TO 359,86TH,ST,3,6034,60,A,0,,GARDEN COMPLEX,
3060340056,11209,367,86TH,ST,3,6034,56,B,0,,,
3060340055,11209,371,86TH,ST,3,6034,55,A,0,,,
3060340049,11209,373 TO 385,86TH,ST,3,6034,49,A,0,,,
3060450006,11209,406,86TH,ST,3,6045,6,A,0,,,8601 4TH AVE
3060430047,11209,275,87TH,ST,3,6043,47,A,0,,,
3060440054,11209,357 TO 359,87TH,ST,3,6044,54,A,0,,,
3060490037,11209,374,87TH,ST,3,6049,37,A,0,,,
3060450044,11209,455,87TH,ST,3,6045,44,A,0,,,86228624 5TH AVE
3060500034,11209,466,87TH,ST,3,6050,34,A,0,,,
3060470049,11209,137,88TH,ST,3,6047,49,A,0,,,
3060600022,11209,150,88TH,ST,3,6060,22,A,0,,,
3060600024,11209,156,88TH,ST,3,6060,24,B,0,,,
3060600026,11209,160 TO 164,88TH,ST,3,6060,26,A,0,J-51,J-51,
3060610035,11209,260,88TH,ST,3,6061,35,A,0,,,
3060490054,11209,351,88TH,ST,3,6049,54,A,0,,,
3060620034,11209,380,88TH,ST,3,6062,34,A,0,,,
3060500061,11209,411,88TH,ST,3,6050,61,A,0,,,
3060500060,11209,413,88TH,ST,3,6050,60,A,0,,,
3060780031,11209,20 TO 40,89TH,ST,3,6078,31,A,0,,,
3060600051,11209,151,89TH,ST,3,6060,51,B,0,,,
3060600049,11209,155,89TH,ST,3,6060,49,B,0,,,
3060620001,11209,305,89TH,ST,3,6062,1,A,0,,,
3060640004,11209,308,89TH,ST,3,6064,4,A,0,,,8901 3RD AVE
3060640013,11209,336,89TH,ST,3,6064,13,A,0,,,
3060640014,11209,338,89TH,ST,3,6064,14,A,0,,,
3060640015,11209,340,89TH,ST,3,6064,15,A,0,,,
3060640016,11209,342,89TH,ST,3,6064,16,B,0,,,
3060640116,11209,344,89TH,ST,3,6064,116,A,0,,,
3060640017,11209,348,89TH,ST,3,6064,17,A,0,,,
3060640018,11209,350,89TH,ST,3,6064,18,A,0,,,
3060640019,11209,352,89TH,ST,3,6064,19,A,0,,,
3060640020,11209,356,89TH,ST,3,6064,20,A,0,,,
3060640021,11209,358,89TH,ST,3,6064,21,A,0,,,
3060640022,11209,360,89TH,ST,3,6064,22,A,0,,,
3060640122,11209,362,89TH,ST,3,6064,122,A,0,,,
3060810019,11209,332 TO 336,90TH,ST,3,6081,19,A,0,,,
3060810025,11209,344,90TH,ST,3,6081,25,A,0,,,
3060810027,11209,348,90TH,ST,3,6081,27,A,0,,,
3060810028,11209,350,90TH,ST,3,6081,28,A,0,,,
3060810029,11209,354,90TH,ST,3,6081,29,A,0,,,
3060810061,11209,378,90TH,ST,3,6081,61,A,0,,,
3060810062,11209,382,90TH,ST,3,6081,62,A,0,,,
3060820022,11209,438,90TH,ST,3,6082,22,A,0,,,
3060800053,11209,265,91ST,ST,3,6080,53,A,0,,,
3060800050,11209,271,91ST,ST,3,6080,50,A,0,,,
3060850037,11209,278,91ST,ST,3,6085,37,B,0,,,9102 3RD AVE
3060860017,11209,324,91ST,ST,3,6086,17,A,0,,,
3060860020,11209,330,91ST,ST,3,6086,20,B,0,,,
3060860021,11209,334,91ST,ST,3,6086,21,A,0,,,
3060810083,11209,351,91ST,ST,3,6081,83,A,0,,,
3060810082,11209,353,91ST,ST,3,6081,82,A,0,,,
3060860033,11209,354,91ST,ST,3,6086,33,A,0,,,
3060810081,11209,355,91ST,ST,3,6081,81,A,0,,,
3060810080,11209,357,91ST,ST,3,6081,80,A,0,,,
3060810079,11209,359,91ST,ST,3,6081,79,A,0,,,
3060810078,11209,361,91ST,ST,3,6081,78,A,0,,,
3060810077,11209,363,91ST,ST,3,6081,77,A,0,,,
3060860041,11209,372,91ST,ST,3,6086,41,A,0,,,
3060810074,11209,373,91ST,ST,3,6081,74,A,0,421-A (1-15),421-A (1-15),
3060810073,11209,377,91ST,ST,3,6081,73,A,0,,,
3060830052,11209,55,92ND,ST,3,6083,52,A,0,,,
3061010026,11209,146 TO 152,92ND,ST,3,6101,26,A,0,,,
3061020028,11209,254,92ND,ST,3,6102,28,A,0,,,
3060860082,11209,315,92ND,ST,3,6086,82,A,0,421-A (1-15),421-A (1-15),
3061030011,11209,320,92ND,ST,3,6103,11,B,0,,,
3060860081,11209,321,92ND,ST,3,6086,81,A,0,,,
3061030012,11209,324,92ND,ST,3,6103,12,B,0,,,
3060860077,11209,331,92ND,ST,3,6086,77,A,0,,,
3061030015,11209,332 TO 336,92ND,ST,3,6103,15,A,0,,,
3061030017,11209,338 TO 342,92ND,ST,3,6103,17,A,0,,,
3060860065,11209,351,92ND,ST,3,6086,65,B,0,,,
3060860045,11209,373,92ND,ST,3,6086,45,B,0,,,
3061030029,11209,378,92ND,ST,3,6103,29,A,0,,,
3061030031,11209,380,92ND,ST,3,6103,31,A,0,J-51,J-51,
3060890055,11209,555,92ND,ST,3,6089,55,A,0,,,
3061040017,11209,20,93RD,ST,3,6104,17,A,1,,NON-EVICT COOP/CONDO,
3061000039,11209,67,93RD,ST,3,6100,39,A,0,,,
3061020047,11209,275,93RD,ST,3,6102,47,A,0,,,
3061030001,11209,303,93RD,ST,3,6103,1,A,0,,,9223 3RD AVE
3061030055,11209,329 TO 333,93RD,ST,3,6103,55,B,0,,,
3061070017,11209,334,93RD,ST,3,6107,17,A,0,421-A (1-15),421-A (1-15),
3061070025,11209,354,93RD,ST,3,6107,25,A,0,,GARDEN COMPLEX,
3061070029,11209,364,93RD,ST,3,6107,29,A,0,,,
3061030039,11209,385,93RD,ST,3,6103,39,A,0,,,
3061110014,11209,16,94TH,ST,3,6111,14,A,1,,NON-EVICT COOP/CONDO,
3061140006,11209,310,94TH,ST,3,6114,6,A,0,,,
3061140031,11209,378,94TH,ST,3,6114,31,A,0,,,
3061180012,11209,506,94TH,ST,3,6118,12,A,0,,,
3061150151,11209,125 TO 135,95TH,ST,3,6115,151,A,0,421-A (1-15),421-A (1-15),
3061150042,11209,145,95TH,ST,3,6115,42,A,0,,,
3061200023,11209,150,95TH,ST,3,6120,23,A,1,,NON-EVICT COOP/CONDO,
3061140001,11209,305,95TH,ST,3,6114,1,A,0,,,
3061170026,11209,360,95TH,ST,3,6117,26,A,0,,,
3061140053,11209,361,95TH,ST,3,6114,53,A,0,,,
3061170029,11209,364,95TH,ST,3,6117,29,A,0,,,
3061140049,11209,367,95TH,ST,3,6114,49,A,0,,,
3061140044,11209,371,95TH,ST,3,6114,44,A,0,,,
3061170031,11209,376,95TH,ST,3,6117,31,A,0,,,
3061170032,11209,386,95TH,ST,3,6117,32,A,0,,,9502 4TH AVE
3061180042,11209,443,95TH,ST,3,6118,42,A,0,,,
3061230038,11209,450,95TH,ST,3,6123,38,A,0,,,
3061240012,11209,120,96TH,ST,3,6124,12,A,0,,,
3061200046,11209,125,96TH,ST,3,6120,46,A,0,,,
3061200039,11209,149,96TH,ST,3,6120,39,B,0,,,
3061210020,11209,244,96TH,ST,3,6121,20,A,0,,,
3061160041,11209,245,96TH,ST,3,6116,41,A,0,,,
3061220001,11209,302,96TH,ST,3,6122,1,A,1,,NON-EVICT COOP/CONDO,
3061170001,11209,305,96TH,ST,3,6117,1,A,0,,,
3061170067,11209,309,96TH,ST,3,6117,67,A,0,J-51,J-51,
3061170066,11209,313,96TH,ST,3,6117,66,A,0,,,
3061220022,11209,336 TO 338,96TH,ST,3,6122,22,A,0,,,
3061170040,11209,367,96TH,ST,3,6117,40,A,0,,,
3061170036,11209,373,96TH,ST,3,6117,36,A,0,,,
3061250018,11209,226,97TH,ST,3,6125,18,A,0,,,
3061290012,11209,312,97TH,ST,3,6129,12,A,1,421-A (16),421-A (16),
3061260036,11209,368,97TH,ST,3,6126,36,A,0,,,
3061340007,11209,302,99TH,ST,3,6134,7,A,0,,,
3061300001,11209,303,99TH,ST,3,6130,1,A,0,,,
3061300053,11209,313,99TH,ST,3,6130,53,B,0,,,
3061317501,11209,411,99TH,ST,3,6131,7501,A,1,421-G,421-G COOP/CONDO PLAN FILE,
3061420052,11209,172 TO 174,BATTERY,AVE,3,6142,52,A,0,421-A (1-15),421-A (1-15),
3059380031,11209,150,BAY RIDGE,PKWY,3,5938,31,A,0,,,
3059380032,11209,152,BAY RIDGE,PKWY,3,5938,32,A,0,,,
3059380033,11209,154,BAY RIDGE,PKWY,3,5938,33,A,0,,,
3059390017,11209,230,BAY RIDGE,PKWY,3,5939,17,A,0,,,
3059280056,11209,251,BAY RIDGE,PKWY,3,5928,56,A,0,,,
3059290054,11209,353,BAY RIDGE,PKWY,3,5929,54,A,0,,,
3059400026,11209,354,BAY RIDGE,PKWY,3,5940,26,A,0,,,
3059400030,11209,360,BAY RIDGE,PKWY,3,5940,30,A,0,,,
3059410006,11209,402,BAY RIDGE,PKWY,3,5941,6,A,1,,NON-EVICT COOP/CONDO,
3058840037,11209,7040,COLONIAL,RD,3,5884,37,A,0,,,
3058890003,11209,7101,COLONIAL,RD,3,5889,3,A,1,,NON-EVICT COOP/CONDO,
3060830038,11209,9102 TO 9106,COLONIAL,RD,3,6083,38,A,0,,,
3060830041,11209,9108 TO 9124,COLONIAL,RD,3,6083,41,A,0,,,
3060840001,11209,9115,COLONIAL,RD,3,6084,1,A,0,,,
3060100001,11209,8214 TO 8224,FORT HAMILTON,PKWY,3,6010,1,B,0,,,
3060360030,11209,8502,FORT HAMILTON,PKWY,3,6036,30,A,1,,NON-EVICT COOP/CONDO,
3060370001,11209,8513 TO 8523,FORT HAMILTON,PKWY,3,6037,1,A,0,,,
3060360037,11209,8520,FORT HAMILTON,PKWY,3,6036,37,A,0,,,
3060520021,11209,8602,FORT HAMILTON,PKWY,3,6052,21,A,0,,,
3060530008,11209,8615,FORT HAMILTON,PKWY,3,6053,8,A,0,,,
3060520039,11209,8646,FORT HAMILTON,PKWY,3,6052,39,A,1,,NON-EVICT COOP/CONDO,
3060690013,11209,8829,FORT HAMILTON,PKWY,3,6069,13,A,0,,,
3060690004,11209,8831,FORT HAMILTON,PKWY,3,6069,4,A,0,,,
3060900020,11209,9013,FORT HAMILTON,PKWY,3,6090,20,B,0,,,
3060900019,11209,9015,FORT HAMILTON,PKWY,3,6090,19,A,0,,,
3060900017,11209,9019,FORT HAMILTON,PKWY,3,6090,17,A,0,,,
3060900015,11209,9023,FORT HAMILTON,PKWY,3,6090,15,A,0,,,
3060900014,11209,9025,FORT HAMILTON,PKWY,3,6090,14,B,0,,,
3060900005,11209,9031,FORT HAMILTON,PKWY,3,6090,5,A,1,,NON-EVICT COOP/CONDO,
3060890044,11209,9040,FORT HAMILTON,PKWY,3,6089,44,A,1,,NON-EVICT COOP/CONDO,
3061100052,11209,9330,FORT HAMILTON,PKWY,3,6110,52,A,0,,,
3061230049,11209,9524,FORT HAMILTON,PKWY,3,6123,49,A,1,,NON-EVICT COOP/CONDO,
3060530023,11209,16,GATLING,PL,3,6053,23,A,0,,,
3060900035,11209,116,GATLING,PL,3,6090,35,A,0,,,
3060900037,11209,120,GATLING,PL,3,6090,37,A,0,,,
3060900039,11209,124 TO 128,GATLING,PL,3,6090,39,A,0,,,
3060680022,11209,59,GELSTON,AVE,3,6068,22,A,0,,,
3060670047,11209,92,GELSTON,AVE,3,6067,47,A,0,,,
3061100020,11209,159 TO 167,GELSTON,AVE,3,6110,20,A,0,,,
3061100017,11209,173,GELSTON,AVE,3,6110,17,A,0,,,
3061100014,11209,179,GELSTON,AVE,3,6110,14,A,0,,,
3061100010,11209,183,GELSTON,AVE,3,6110,10,A,0,,,
3061090043,11209,190 TO 194,GELSTON,AVE,3,6109,43,A,0,,,
3061100006,11209,199,GELSTON,AVE,3,6110,6,A,0,,,
3061090046,11209,200,GELSTON,AVE,3,6109,46,A,0,,,
3061090049,11209,208,GELSTON,AVE,3,6109,49,A,0,,,
3061090052,11209,214,GELSTON,AVE,3,6109,52,A,0,,,
3058810038,11209,15,MACKAY,PL,3,5881,38,A,0,,,
3058820075,11209,49 TO 53,MACKAY,PL,3,5882,75,A,0,,,
3061010005,11209,19 TO 23,MARINE,AVE,3,6101,5,A,0,,,
3061000028,11209,28,MARINE,AVE,3,6100,28,A,0,,GARDEN COMPLEX,
3061150032,11209,100,MARINE,AVE,3,6115,32,A,0,,,
3061160008,11209,101,MARINE,AVE,3,6116,8,A,0,,,
3061150037,11209,112,MARINE,AVE,3,6115,37,A,0,,,
3061160001,11209,123 TO 127,MARINE,AVE,3,6116,1,B,0,,,
3061200029,11209,128 TO 146,MARINE,AVE,3,6120,29,A,0,,,
3061210003,11209,149,MARINE,AVE,3,6121,3,A,1,,NON-EVICT COOP/CONDO,
3061240028,11209,150,MARINE,AVE,3,6124,28,A,0,,,
3061250001,11209,185 TO 201,MARINE,AVE,3,6125,1,B,1,,NON-EVICT COOP/CONDO,
3061290056,11209,202,MARINE,AVE,3,6129,56,A,0,,,
3061290059,11209,210,MARINE,AVE,3,6129,59,A,0,,,
3061260001,11209,301,MARINE,AVE,3,6126,1,A,0,,,
3061300006,11209,302,MARINE,AVE,3,6130,6,A,0,,,
3061260058,11209,323,MARINE,AVE,3,6126,58,A,0,,,
3061260052,11209,325,MARINE,AVE,3,6126,52,A,1,,NON-EVICT COOP/CONDO,
3061260041,11209,351,MARINE,AVE,3,6126,41,A,1,,NON-EVICT COOP/CONDO,
3061310024,11209,402,MARINE,AVE,3,6131,24,A,0,,,
3058690005,11209,6901,NARROWS,AVE,3,5869,5,A,1,,NON-EVICT COOP/CONDO,
3060990001,11209,15 TO 35,OLIVER,ST,3,6099,1,A,1,,NON-EVICT COOP/CONDO,
3061000013,11209,20,OLIVER,ST,3,6100,13,A,0,,,
3060990051,11209,61,OLIVER,ST,3,6099,51,A,1,,COOP/CONDO PLAN FILE,
3058710069,11209,237,OVINGTON,AVE,3,5871,69,A,0,,,
3058710058,11209,267,OVINGTON,AVE,3,5871,58,A,0,,,
3058720007,11209,315,OVINGTON,AVE,3,5872,7,A,0,,,
3058910023,11209,316,OVINGTON,AVE,3,5891,23,A,0,,,
3058910024,11209,318,OVINGTON,AVE,3,5891,24,A,0,,,
3058910025,11209,320,OVINGTON,AVE,3,5891,25,A,0,,,
3058910026,11209,322,OVINGTON,AVE,3,5891,26,A,0,,,
3058910028,11209,326,OVINGTON,AVE,3,5891,28,A,0,,,
3058720071,11209,333,OVINGTON,AVE,3,5872,71,A,0,,,
3058730084,11209,415,OVINGTON,AVE,3,5873,84,A,0,,,
3058920016,11209,420,OVINGTON,AVE,3,5892,16,A,0,,,
3058920035,11209,460,OVINGTON,AVE,3,5892,35,A,1,,NON-EVICT COOP/CONDO,
3058730057,11209,479,OVINGTON,AVE,3,5873,57,A,0,,,
3058930013,11209,506,OVINGTON,AVE,3,5893,13,A,0,,,
3058740084,11209,515,OVINGTON,AVE,3,5874,84,A,0,,,
3058930020,11209,522,OVINGTON,AVE,3,5893,20,A,0,,,
3058930021,11209,524,OVINGTON,AVE,3,5893,21,A,0,,,
3058930022,11209,526,OVINGTON,AVE,3,5893,22,A,0,,,
3058930024,11209,530,OVINGTON,AVE,3,5893,24,A,0,,,
3058930025,11209,532,OVINGTON,AVE,3,5893,25,A,0,,,
3058740072,11209,537 TO 547,OVINGTON,AVE,3,5874,72,A,0,,,
3058930027,11209,538,OVINGTON,AVE,3,5893,27,A,0,,,
3058930028,11209,540,OVINGTON,AVE,3,5893,28,A,0,,GARDEN COMPLEX,
3058930029,11209,542,OVINGTON,AVE,3,5893,29,A,0,,,
3058740063,11209,555,OVINGTON,AVE,3,5874,63,A,0,,,
3058930037,11209,560,OVINGTON,AVE,3,5893,37,A,0,,,
3058740058,11209,571,OVINGTON,AVE,3,5874,58,A,0,,,
3058940001,11209,610,OVINGTON,AVE,3,5894,1,A,0,,,
3058700037,11209,6902 TO 6912,RIDGE,BLVD,3,5870,37,A,0,,,
3058700044,11209,6914,RIDGE,BLVD,3,5870,44,A,0,,,
3058860004,11209,7001 TO 7007,RIDGE,BLVD,3,5886,4,A,0,,,
3058850103,11209,7002,RIDGE,BLVD,3,5885,103,A,0,,,
3058860003,11209,7009,RIDGE,BLVD,3,5886,3,A,0,,,
3058850111,11209,7022,RIDGE,BLVD,3,5885,111,A,0,,,
3058890037,11209,7100 TO 7112,RIDGE,BLVD,3,5889,37,A,0,,,
3059060018,11209,7200 TO 7224,RIDGE,BLVD,3,5906,18,A,1,,NON-EVICT COOP/CONDO,160190 72ND ST
3059070006,11209,7201,RIDGE,BLVD,3,5907,6,A,0,,,
3059280006,11209,7401,RIDGE,BLVD,3,5928,6,A,0,,,
3059270031,11209,7410,RIDGE,BLVD,3,5927,31,A,0,,,
3059270043,11209,7420,RIDGE,BLVD,3,5927,43,A,0,,,
3059390006,11209,7501,RIDGE,BLVD,3,5939,6,A,1,,NON-EVICT COOP/CONDO,
3059380040,11209,7502 TO 7514,RIDGE,BLVD,3,5938,40,A,0,,,
3059590001,11209,7721,RIDGE,BLVD,3,5959,1,A,0,,,
3059950044,11209,8116 TO 8126,RIDGE,BLVD,3,5995,44,A,0,,,
3060420036,11209,8602 TO 8624,RIDGE,BLVD,3,6042,36,A,0,,,
3060480005,11209,8701 TO 8711,RIDGE,BLVD,3,6048,5,A,0,,,
3060470031,11209,8718,RIDGE,BLVD,3,6047,31,A,0,,,
3060600032,11209,8802 TO 8812,RIDGE,BLVD,3,6060,32,A,0,,,
3060850001,11209,9115,RIDGE,BLVD,3,6085,1,B,0,,,
3061020006,11209,9205,RIDGE,BLVD,3,6102,6,A,0,,,
3061010044,11209,9214,RIDGE,BLVD,3,6101,44,A,0,,,
3061050028,11209,9302 TO 9312,RIDGE,BLVD,3,6105,28,B,0,,,
3061110040,11209,9430,RIDGE,BLVD,3,6111,40,A,1,,NON-EVICT COOP/CONDO,
3061110057,11209,9480,RIDGE,BLVD,3,6111,57,A,0,,,
3058680007,11209,6901,SHORE,RD,3,5868,7,A,0,,,
3058810003,11209,7005 TO 7019,SHORE,RD,3,5881,3,A,0,,,
3058870001,11209,7119,SHORE,RD,3,5887,1,A,0,J-51,J-51,
3059040002,11209,7259 TO 7261,SHORE,RD,3,5904,2,A,0,,,
3059250053,11209,7401,SHORE,RD,3,5925,53,A,1,,NON-EVICT COOP/CONDO,
3060400001,11209,8701 TO 8723,SHORE,RD,3,6040,1,A,0,,,
3060580001,11209,8801,SHORE,RD,3,6058,1,A,0,,,
3060830001,11209,9101,SHORE,RD,3,6083,1,A,0,J-51,J-51,
3060990013,11209,9201 TO 9227,SHORE,RD,3,6099,13,A,1,,NON-EVICT COOP/CONDO,
3060990010,11209,9229,SHORE,RD,3,6099,10,A,0,,,
3061000006,11209,9269,SHORE,RD,3,6100,6,A,0,,,
3061000001,11209,9277 TO 9289,SHORE,RD,3,6100,1,A,0,,,
3061040004,11209,9303,SHORE,RD,3,6104,4,A,0,,,
3061040001,11209,9323,SHORE,RD,3,6104,1,A,1,,NON-EVICT COOP/CONDO,
3061110001,11209,9411,SHORE,RD,3,6111,1,A,1,,NON-EVICT COOP/CONDO,
3061150006,11209,9425,SHORE,RD,3,6115,6,A,1,,NON-EVICT COOP/CONDO,
3061150001,11209,9437,SHORE,RD,3,6115,1,A,1,,NON-EVICT COOP/CONDO,
3061207502,11209,9511,SHORE,RD,3,6120,7502,A,0,,,
3061240005,11209,9601,SHORE,RD,3,6124,5,A,0,,,
3061290001,11209,9747,SHORE,RD,3,6129,1,A,0,,,
3061330001,11209,9949,SHORE,RD,3,6133,1,A,0,,,
3075560018,11210,135,AMERSFORT,PL,3,7556,18,A,0,,,
3075770025,11210,3111,AURELIA,CT,3,7577,25,A,0,,,
3075780057,11210,3210,AVENUE H,,3,7578,57,A,0,,,
3075600001,11210,3215,AVENUE H,,3,7560,1,A,1,,NON-EVICT COOP/CONDO,
3075780062,11210,3220,AVENUE H,,3,7578,62,A,1,,NON-EVICT COOP/CONDO,
3075790029,11210,3310,AVENUE H,,3,7579,29,B,1,,NON-EVICT COOP/CONDO,
3075620001,11210,3413,AVENUE H,,3,7562,1,A,0,,GARDEN COMPLEX,
3075710006,11210,2511,AVENUE I,,3,7571,6,A,0,421-A (1-15),421-A (1-15),
3075750006,11210,2901,AVENUE I,,3,7575,6,A,1,,COOP/CONDO PLAN FILE,
3075760001,11210,3021,AVENUE I,,3,7576,1,A,0,,,
3075770006,11210,3101,AVENUE I,,3,7577,6,A,0,,,
3075770001,11210,3115 TO 3123,AVENUE I,,3,7577,1,A,0,,,
3075780001,11210,3211,AVENUE I,,3,7578,1,A,0,,,
3075980058,11210,3402,AVENUE I,,3,7598,58,A,0,,,
3075840006,11210,2003,AVENUE J,,3,7584,6,A,0,,,
3075930006,11210,2901,AVENUE J,,3,7593,6,A,0,,,
3075980006,11210,3401,AVENUE J,,3,7598,6,A,0,,,
3076000006,11210,3601,AVENUE J,,3,7600,6,A,0,,,
3076180042,11210,3602,AVENUE J,,3,7618,42,A,0,,,
3076360046,11210,3614,AVENUE K,,3,7636,46,A,0,,,
3078080036,11210,3728,AVENUE K,,3,7808,36,A,0,,,
3078090014,11210,3906,AVENUE K,,3,7809,14,A,0,,,
3078130136,11210,4200,AVENUE K,,3,7813,136,A,0,,,
3077900001,11210,4211,AVENUE K,,3,7790,1,A,0,,,
3076200005,11210,2005,AVENUE L,,3,7620,5,A,0,,,
3076550045,11210,3720,AVENUE L,,3,7655,45,A,0,,GARDEN COMPLEX,
3078100019,11210,3801,AVENUE L,,3,7810,19,A,0,,,
3076740047,11210,2016,AVENUE N,,3,7674,47,A,0,,,
3067670006,11210,2020,AVENUE O,,3,6767,6,A,0,,,
3067700001,11210,2302,AVENUE O,,3,6770,1,A,0,,,
3076800001,11210,2607 TO 2615,AVENUE O,,3,7680,1,A,1,,NON-EVICT COOP/CONDO,
3052250034,11210,2657,BEDFORD,AVE,3,5225,34,A,0,,,
3052250031,11210,2665,BEDFORD,AVE,3,5225,31,A,0,,,
3052450045,11210,2744,BEDFORD,AVE,3,5245,45,A,0,,GARDEN COMPLEX,
3052460006,11210,2835,BEDFORD,AVE,3,5246,6,A,1,,NON-EVICT COOP/CONDO,
3067720001,11210,3619,BEDFORD,AVE,3,6772,1,A,0,,,
3067710006,11210,3620,BEDFORD,AVE,3,6771,6,A,0,,,
3049810050,11210,1402,BROOKLYN,AVE,3,4981,50,A,0,,SECTION 610 OF PHFL,
3050000200,11210,1405,BROOKLYN,AVE,3,5000,200,A,0,,SECTION 610 OF PHFL,
3050000010,11210,1489,BROOKLYN,AVE,3,5000,10,A,0,421-A (16),GARDEN COMPLEX 421-A (16),
3050000009,11210,1495,BROOKLYN,AVE,3,5000,9,A,0,421-A (16),GARDEN COMPLEX 421-A (16),
3075630151,11210,1608,BROOKLYN,AVE,3,7563,151,A,0,,,
3075640031,11210,1611 TO 1617,BROOKLYN,AVE,3,7564,31,A,0,421-A (16),421-A (16),
3075630058,11210,1626,BROOKLYN,AVE,3,7563,58,A,0,421-A (16),GARDEN COMPLEX 421-A (16),
3075640026,11210,1629,BROOKLYN,AVE,3,7564,26,A,0,421-A (16),421-A (16),
3075630059,11210,1630,BROOKLYN,AVE,3,7563,59,A,0,421-A (16),GARDEN COMPLEX 421-A (16),
3075640122,11210,1641,BROOKLYN,AVE,3,7564,122,A,0,421-A (1-15),421-A (1-15),
3075640121,11210,1643,BROOKLYN,AVE,3,7564,121,A,0,421-A (1-15),421-A (1-15),
3075820013,11210,1755,BROOKLYN,AVE,3,7582,13,A,0,421-A (16),421-A (16),
3075820012,11210,1757,BROOKLYN,AVE,3,7582,12,A,0,421-A (16),421-A (16),
3075990055,11210,1814,BROOKLYN,AVE,3,7599,55,B,0,,,
3075990059,11210,1830,BROOKLYN,AVE,3,7599,59,A,0,,,
3052200032,11210,732,E 21ST,ST,3,5220,32,A,0,,,
3052200034,11210,738,E 21ST,ST,3,5220,34,A,0,,GARDEN COMPLEX,
3067670026,11210,1660,E 21ST,ST,3,6767,26,A,0,,,
3067680070,11210,1675,E 21ST,ST,3,6768,70,A,0,,,
3067680054,11210,1695,E 21ST,ST,3,6768,54,A,0,,,
3075500019,11210,837,E 22ND,ST,3,7550,19,A,0,,,
3067680017,11210,1582,E 22ND,ST,3,6768,17,A,0,,,
3067680020,11210,1590,E 22ND,ST,3,6768,20,A,0,,,
3075500068,11210,754,E 23RD,ST,3,7550,68,A,0,,,
3052280019,11210,545,E 26TH,ST,3,5228,19,A,0,,,
3052250060,11210,554,E 26TH,ST,3,5225,60,A,0,,,
3052260010,11210,567,E 26TH,ST,3,5226,10,A,0,,,
3052250066,11210,570,E 26TH,ST,3,5225,66,A,0,,,
3052250068,11210,572,E 26TH,ST,3,5225,68,A,0,,,
3052250069,11210,574,E 26TH,ST,3,5225,69,B,0,,,
3052460047,11210,600,E 26TH,ST,3,5246,47,A,0,,,
3052470006,11210,657,E 26TH,ST,3,5247,6,A,0,,,
3075900023,11210,945,E 26TH,ST,3,7590,23,A,0,,,
3075540048,11210,712,E 27TH,ST,3,7554,48,A,0,,,
3075550031,11210,723,E 27TH,ST,3,7555,31,A,0,,,
3075540056,11210,724,E 27TH,ST,3,7554,56,A,0,,,
3075730020,11210,861,E 27TH,ST,3,7573,20,A,0,,,
3052290001,11210,586,E 28TH,ST,3,5229,1,A,0,,,
3052510014,11210,641,E 28TH,ST,3,5251,14,A,0,421-A (16),IH UNIT 421-A (16),
3075730066,11210,848,E 28TH,ST,3,7573,66,A,0,,,
3075730074,11210,866,E 28TH,ST,3,7573,74,A,0,,,
3075730076,11210,872,E 28TH,ST,3,7573,76,A,0,,,
3052300001,11210,584,E 29TH,ST,3,5230,1,A,0,,,
3052510038,11210,620,E 29TH,ST,3,5251,38,A,0,,,
3052510052,11210,650,E 29TH,ST,3,5251,52,B,0,,,
3075930041,11210,909,E 29TH,ST,3,7593,41,A,1,,COOP/CONDO PLAN FILE,
3075930030,11210,937,E 29TH,ST,3,7593,30,A,0,,,
3075590011,11210,777,E 31ST,ST,3,7559,11,A,0,,,
3075760069,11210,850,E 31ST,ST,3,7576,69,A,0,,,
3076300046,11210,1102,E 31ST,ST,3,7630,46,A,0,,,
3049960002,11210,585,E 32ND,ST,3,4996,2,A,0,,,
3049950001,11210,586,E 32ND,ST,3,4995,1,A,0,421-A (16),421-A (16),
3049950002,11210,596,E 32ND,ST,3,4995,2,A,0,421-A (16),421-A (16),
3075600034,11210,715,E 32ND,ST,3,7560,34,A,0,,,
3075590051,11210,720,E 32ND,ST,3,7559,51,A,0,,,
3075600033,11210,729,E 32ND,ST,3,7560,33,A,0,421-A (16),421-A (16),
3075590057,11210,730,E 32ND,ST,3,7559,57,A,0,421-A (16),421-A (16),
3075600032,11210,731,E 32ND,ST,3,7560,32,A,0,421-A (16),421-A (16),
3075590059,11210,740,E 32ND,ST,3,7559,59,A,0,,,
3075590068,11210,762,E 32ND,ST,3,7559,68,A,0,421-A (16),421-A (16),
3075590069,11210,764,E 32ND,ST,3,7559,69,A,0,421-A (16),421-A (16),
3075600013,11210,771,E 32ND,ST,3,7560,13,A,0,421-A (16),421-A (16),
3075590001,11210,782 TO 794,E 32ND,ST,3,7559,1,A,0,,,
3049980009,11210,799,E 34TH,ST,3,4998,9,A,0,421-A (16),GARDEN COMPLEX 421-A (16),
3075620013,11210,971,E 34TH,ST,3,7562,13,A,0,,,
3075620012,11210,977,E 34TH,ST,3,7562,12,A,0,421-A (16),421-A (16),
3075620011,11210,979,E 34TH,ST,3,7562,11,A,0,421-A (16),421-A (16),
3075980053,11210,1103 TO 1113,E 34TH,ST,3,7598,53,A,0,,,
3075620051,11210,860,E 35TH,ST,3,7562,51,A,0,421-A (16),421-A (16),
3075620052,11210,862,E 35TH,ST,3,7562,52,A,0,421-A (16),421-A (16),
3075620067,11210,898 TO 900,E 35TH,ST,3,7562,67,A,0,,,
3075990019,11210,1075 TO 1077,E 35TH,ST,3,7599,19,A,0,,,
3076170025,11210,1145,E 35TH,ST,3,7617,25,A,0,,,
3076350028,11210,1235,E 35TH,ST,3,7635,28,A,0,,,
3076170063,11210,1006 TO 1022,E 36TH,ST,3,7617,63,A,0,,,
3077220029,11210,885,E 38TH,ST,3,7722,29,A,0,,,
3076370049,11210,1240,E 38TH,ST,3,7637,49,A,0,,,
3052200001,11210,2021 TO 2025,FARRAGUT,RD,3,5220,1,A,0,421-A (16),421-A (16),
3052260001,11210,2601,FARRAGUT,RD,3,5226,1,A,0,,,
3052260039,11210,2625,FARRAGUT,RD,3,5226,39,A,0,,,
3052490040,11210,2628,FARRAGUT,RD,3,5249,40,A,0,,,1422 FLATBUSH AVE
3052500014,11210,2724,FARRAGUT,RD,3,5250,14,A,0,,,612 E 28TH ST
3050070043,11210,3216,FARRAGUT,RD,3,5007,43,A,0,421-A (16),421-A (16),
3049970006,11210,3301,FARRAGUT,RD,3,4997,6,A,0,,,
3049980008,11210,3405,FARRAGUT,RD,3,4998,8,A,0,421-A (16),421-A (16),
3050090039,11210,3408,FARRAGUT,RD,3,5009,39,A,0,421-A (16),421-A (16),
3050090040,11210,3410,FARRAGUT,RD,3,5009,40,A,0,421-A (16),421-A (16),
3049980004,11210,3415,FARRAGUT,RD,3,4998,4,A,0,421-A (1-15),421-A (1-15),
3050100040,11210,3506,FARRAGUT,RD,3,5010,40,A,0,421-A (16),GARDEN COMPLEX 421-A (16),
3050100041,11210,3508,FARRAGUT,RD,3,5010,41,A,0,421-A (16),GARDEN COMPLEX 421-A (16),
3050100042,11210,3512,FARRAGUT,RD,3,5010,42,A,0,421-A (16),GARDEN COMPLEX 421-A (16),
3050100043,11210,3514,FARRAGUT,RD,3,5010,43,A,0,421-A (16),GARDEN COMPLEX 421-A (16),
3052270013,11210,1357,FLATBUSH,AVE,3,5227,13,A,0,421-A (1-15),421-A (1-15),
3052287501,11210,1407 TO 1419,FLATBUSH,AVE,3,5228,7501,A,0,421-A (16),421-A (16),
3052500011,11210,1427,FLATBUSH,AVE,3,5250,11,A,0,,,
3052500010,11210,1429 TO 1431,FLATBUSH,AVE,3,5250,10,A,0,,,
3052517501,11210,1457 TO 1471,FLATBUSH,AVE,3,5251,7501,A,0,421-A (16),421-A (16),
3075790010,11210,1655,FLATBUSH,AVE,3,7579,10,A,1,,NON-EVICT COOP/CONDO,
3076170038,11210,1766,FLATBUSH,AVE,3,7617,38,B,0,421-A (1-15),421-A (1-15),1123 E 35TH ST
3076180030,11210,1789 TO 1795,FLATBUSH,AVE,3,7618,30,A,0,,,
3052200064,11210,2007,FOSTER,AVE,3,5220,64,A,0,,,
3052200058,11210,2015,FOSTER,AVE,3,5220,58,A,0,,,
3052210073,11210,2105,FOSTER,AVE,3,5221,73,B,0,,,
3052210071,11210,2111,FOSTER,AVE,3,5221,71,A,0,,,
3052210069,11210,2117,FOSTER,AVE,3,5221,69,A,0,,,
3052210064,11210,2121,FOSTER,AVE,3,5221,64,A,0,,,
3052220093,11210,2205,FOSTER,AVE,3,5222,93,A,0,,,
3052240140,11210,2347,FOSTER,AVE,3,5224,140,A,0,,,
3052240138,11210,2353,FOSTER,AVE,3,5224,138,A,0,,,
3052270017,11210,2506 TO 2508,FOSTER,AVE,3,5227,17,A,0,421-A (16),421-A (16),
3052270032,11210,2530,FOSTER,AVE,3,5227,32,A,0,,,
3052130062,11210,2617,FOSTER,AVE,3,5213,62,A,0,,,
3052290083,11210,2720,FOSTER,AVE,3,5229,83,A,0,,,
3052300072,11210,2810,FOSTER,AVE,3,5230,72,A,0,,,
3052150062,11210,2817,FOSTER,AVE,3,5215,62,B,0,,GARDEN COMPLEX,
3052300076,11210,2818,FOSTER,AVE,3,5230,76,A,0,,,
3052310072,11210,2902,FOSTER,AVE,3,5231,72,A,0,,,
3052160060,11210,2913,FOSTER,AVE,3,5216,60,A,0,,,
3049640047,11210,3101,FOSTER,AVE,3,4964,47,A,0,,SECTION 610 OF PHFL,
3049670040,11210,3301,FOSTER,AVE,3,4967,40,A,0,,SECTION 610 OF PHFL,
3075480043,11210,2004,GLENWOOD,RD,3,7548,43,A,0,,,
3075520047,11210,2420,GLENWOOD,RD,3,7552,47,A,0,,,
3052460001,11210,2513 TO 2523,GLENWOOD,RD,3,5246,1,A,1,,NON-EVICT COOP/CONDO,
3052470001,11210,2601,GLENWOOD,RD,3,5247,1,A,1,,NON-EVICT COOP/CONDO,
3075540038,11210,2610,GLENWOOD,RD,3,7554,38,B,0,,,
3075540043,11210,2620,GLENWOOD,RD,3,7554,43,A,0,,,
3050060006,11210,3111,GLENWOOD,RD,3,5006,6,A,0,,,
3050070006,11210,3201,GLENWOOD,RD,3,5007,6,A,0,,,
3075600040,11210,3206,GLENWOOD,RD,3,7560,40,A,0,421-A (16),GARDEN COMPLEX 421-A (16),
3075600041,11210,3208,GLENWOOD,RD,3,7560,41,A,0,421-A (16),GARDEN COMPLEX 421-A (16),
3050070001,11210,3223,GLENWOOD,RD,3,5007,1,A,0,,,
3075610041,11210,3308,GLENWOOD,RD,3,7561,41,A,0,421-A (16),421-A (16),
3050080001,11210,3321,GLENWOOD,RD,3,5008,1,A,0,421-A (16),GARDEN COMPLEX 421-A (16),
3075620041,11210,3408,GLENWOOD,RD,3,7562,41,A,0,421-A (16),421-A (16),
3050090001,11210,3421,GLENWOOD,RD,3,5009,1,A,0,421-A (16),421-A (16),828 E 35TH ST
3077220039,11210,3802,GLENWOOD,RD,3,7722,39,A,0,,,
3078080004,11210,19,HUBBARD,PL,3,7808,4,A,0,,,
3052480022,11210,36,KENILWORTH,PL,3,5248,22,A,0,,,
3052480012,11210,50,KENILWORTH,PL,3,5248,12,A,1,,NON-EVICT COOP/CONDO,
3052480001,11210,74,KENILWORTH,PL,3,5248,1,B,0,,,
3075567501,11210,108,KENILWORTH,PL,3,7556,7501,A,0,421-A (1-15),421-A (1-15),
3075570019,11210,113,KENILWORTH,PL,3,7557,19,A,0,,GARDEN COMPLEX,
3075560053,11210,120,KENILWORTH,PL,3,7556,53,A,0,,,
3049640040,11210,1350,NEW YORK,AVE,3,4964,40,A,0,,SECTION 610 OF PHFL,
3049810001,11210,1401,NEW YORK,AVE,3,4981,1,A,0,,SECTION 610 OF PHFL,
3049950030,11210,1402,NEW YORK,AVE,3,4995,30,A,0,,SECTION 610 OF PHFL,
3049970017,11210,1463,NEW YORK,AVE,3,4997,17,A,0,421-A (16),421-A (16),
3049967501,11210,1488,NEW YORK,AVE,3,4996,7501,A,0,,,3223 FARRAGUT RD
3050070047,11210,1506,NEW YORK,AVE,3,5007,47,A,0,421-A (1-15),421-A (1-15),
3050080035,11210,1507,NEW YORK,AVE,3,5008,35,A,0,421-A (16),GARDEN COMPLEX 421-A (16),
3050070048,11210,1508,NEW YORK,AVE,3,5007,48,A,0,421-A (1-15),421-A (1-15),
3050080034,11210,1509,NEW YORK,AVE,3,5008,34,A,0,421-A (16),GARDEN COMPLEX 421-A (16),
3050080031,11210,1517,NEW YORK,AVE,3,5008,31,A,0,421-A (16),421-A (16),
3050080030,11210,1519,NEW YORK,AVE,3,5008,30,A,0,421-A (16),421-A (16),
3050070054,11210,1522,NEW YORK,AVE,3,5007,54,A,0,421-A (16),421-A (16),
3050070055,11210,1524,NEW YORK,AVE,3,5007,55,A,0,421-A (16),421-A (16),
3050080026,11210,1525,NEW YORK,AVE,3,5008,26,A,0,421-A (16),GARDEN COMPLEX 421-A (16),
3050080025,11210,1527,NEW YORK,AVE,3,5008,25,A,0,421-A (16),GARDEN COMPLEX 421-A (16),
3050070058,11210,1530,NEW YORK,AVE,3,5007,58,B,0,,,
3050070059,11210,1532,NEW YORK,AVE,3,5007,59,B,0,,,
3050070062,11210,1538,NEW YORK,AVE,3,5007,62,A,0,421-A (16),GARDEN COMPLEX 421-A (16),
3050070067,11210,1554,NEW YORK,AVE,3,5007,67,A,0,421-A (16),421-A (16),
3050070068,11210,1556,NEW YORK,AVE,3,5007,68,A,0,421-A (16),421-A (16),
3050080011,11210,1565,NEW YORK,AVE,3,5008,11,A,0,421-A (16),GARDEN COMPLEX 421-A (16),
3075610037,11210,1595,NEW YORK,AVE,3,7561,37,A,0,421-A (16),421-A (16),
3075610032,11210,1603,NEW YORK,AVE,3,7561,32,A,0,421-A (16),421-A (16),
3075610033,11210,1605,NEW YORK,AVE,3,7561,33,A,0,421-A (16),421-A (16),
3075600055,11210,1610,NEW YORK,AVE,3,7560,55,A,0,,,
3075600056,11210,1612,NEW YORK,AVE,3,7560,56,A,0,,,
3075600057,11210,1620,NEW YORK,AVE,3,7560,57,A,0,421-A (16),421-A (16),
3075610018,11210,1643,NEW YORK,AVE,3,7561,18,A,0,421-A (16),421-A (16),
3075610017,11210,1645,NEW YORK,AVE,3,7561,17,A,0,421-A (16),421-A (16),
3075970042,11210,1779,NEW YORK,AVE,3,7597,42,A,0,,GARDEN COMPLEX,
3075970036,11210,1783,NEW YORK,AVE,3,7597,36,A,0,,GARDEN COMPLEX,
3075970034,11210,1791,NEW YORK,AVE,3,7597,34,A,0,,,
3052310034,11210,1946 TO 1950,NOSTRAND,AVE,3,5231,34,A,0,,,
3052310042,11210,1964,NOSTRAND,AVE,3,5231,42,A,0,,,
3049947501,11210,2001,NOSTRAND,AVE,3,4994,7501,A,0,421-A (16),GARDEN COMPLEX 421-A (16),
3052520039,11210,2020 TO 2022,NOSTRAND,AVE,3,5252,39,A,0,J-51,J-51,
3052520040,11210,2026,NOSTRAND,AVE,3,5252,40,A,0,421-A (16),421-A (16),
3052520042,11210,2030,NOSTRAND,AVE,3,5252,42,A,0,,,
3052520046,11210,2040,NOSTRAND,AVE,3,5252,46,B,0,,,
3052520048,11210,2044,NOSTRAND,AVE,3,5252,48,A,0,,,
3050050026,11210,2047,NOSTRAND,AVE,3,5005,26,B,0,,GARDEN COMPLEX,
3052520049,11210,2048,NOSTRAND,AVE,3,5252,49,A,0,,,
3052520051,11210,2054,NOSTRAND,AVE,3,5252,51,B,0,,GARDEN COMPLEX,
3050050020,11210,2063 TO 2075,NOSTRAND,AVE,3,5005,20,B,0,,GARDEN COMPLEX,
3052520056,11210,2064,NOSTRAND,AVE,3,5252,56,B,0,,GARDEN COMPLEX,
3052520061,11210,2080,NOSTRAND,AVE,3,5252,61,A,0,,GARDEN COMPLEX,
3052520062,11210,2082,NOSTRAND,AVE,3,5252,62,A,0,,,
3052520064,11210,2084,NOSTRAND,AVE,3,5252,64,A,0,,,
3075937501,11210,2362 TO 2364,NOSTRAND,AVE,3,7593,7501,A,0,421-A (1-15),421-A (1-15),
3076120038,11210,2389,NOSTRAND,AVE,3,7612,38,A,0,,,
3076110054,11210,2400,NOSTRAND,AVE,3,7611,54,A,0,,,
3076120034,11210,2401,NOSTRAND,AVE,3,7612,34,A,0,,,
3076120032,11210,2405,NOSTRAND,AVE,3,7612,32,A,0,,,
3076120011,11210,2425,NOSTRAND,AVE,3,7612,11,A,0,,,
3076110073,11210,2450,NOSTRAND,AVE,3,7611,73,A,0,,,
3076300027,11210,2501,NOSTRAND,AVE,3,7630,27,A,0,,,
3076300012,11210,2525,NOSTRAND,AVE,3,7630,12,A,0,,,
3076480016,11210,2635,NOSTRAND,AVE,3,7648,16,A,0,,,
3052280046,11210,1298,ROGERS,AVE,3,5228,46,A,0,,,
3052280060,11210,1320,ROGERS,AVE,3,5228,60,A,0,,RENT,
3052280064,11210,1330,ROGERS,AVE,3,5228,64,A,0,,,
3052290017,11210,1355 TO 1363,ROGERS,AVE,3,5229,17,A,0,,,1345 ROGERS AVE
3023710050,11211,31,AINSLIE,ST,3,2371,50,A,0,,GARDEN COMPLEX,
3023740016,11211,52 TO 56,AINSLIE,ST,3,2374,16,A,0,421-A (16),421-A (16),
3023720001,11211,65 TO 71,AINSLIE,ST,3,2372,1,A,0,421-A (1-15),GARDEN COMPLEX 421-A (1-15),
3023750005,11211,66 TO 70,AINSLIE,ST,3,2375,5,A,0,421-A (1-15),421-A (1-15),440 KEAP ST
3027680037,11211,147,AINSLIE,ST,3,2768,37,A,0,,,
3027680035,11211,151,AINSLIE,ST,3,2768,35,A,0,,,
3027760011,11211,226,AINSLIE,ST,3,2776,11,A,0,421-A (16),421-A (16),
3027780010,11211,294 TO 296,AINSLIE,ST,3,2778,10,A,0,,,
3027210010,11211,14,BAYARD,ST,3,2721,10,A,0,421-A (1-15),GARDEN COMPLEX 421-A (1-15),
3022910001,11211,101,BEDFORD,AVE,3,2291,1,A,0,421-A (1-15),GARDEN COMPLEX 421-A (1-15),
3022980008,11211,111,BEDFORD,AVE,3,2298,8,A,0,,,
3022980007,11211,113,BEDFORD,AVE,3,2298,7,A,0,,,
3022980006,11211,115,BEDFORD,AVE,3,2298,6,A,0,,,
3022980005,11211,117,BEDFORD,AVE,3,2298,5,A,0,,,
3022980004,11211,119,BEDFORD,AVE,3,2298,4,A,0,,,
3022980003,11211,121,BEDFORD,AVE,3,2298,3,A,0,,,
3022980002,11211,123,BEDFORD,AVE,3,2298,2,A,0,,,
3022980001,11211,125,BEDFORD,AVE,3,2298,1,A,0,,,
3023200009,11211,167,BEDFORD,AVE,3,2320,9,A,0,,,
3023200008,11211,169,BEDFORD,AVE,3,2320,8,A,0,,,
3023280006,11211,187,BEDFORD,AVE,3,2328,6,A,0,,,
3023280005,11211,189,BEDFORD,AVE,3,2328,5,A,0,,,
3023280004,11211,191,BEDFORD,AVE,3,2328,4,A,0,,,
3023280003,11211,193,BEDFORD,AVE,3,2328,3,A,0,,,
3023280002,11211,195,BEDFORD,AVE,3,2328,2,A,0,,,
3023367501,11211,201,BEDFORD,AVE,3,2336,7501,A,0,421-A (1-15),421-A (1-15),
3023360001,11211,213,BEDFORD,AVE,3,2336,1,A,0,,,
3023440001,11211,223,BEDFORD,AVE,3,2344,1,A,0,,,
3023930005,11211,281 TO 283,BEDFORD,AVE,3,2393,5,A,0,,,
3023930004,11211,285,BEDFORD,AVE,3,2393,4,A,0,,GARDEN COMPLEX,
3023930002,11211,287 TO 289,BEDFORD,AVE,3,2393,2,A,0,,,
3024317501,11211,337,BEDFORD,AVE,3,2431,7501,A,0,,,
3024440009,11211,351,BEDFORD,AVE,3,2444,9,A,0,,,134 S 4TH ST
3024567502,11211,400,BEDFORD,AVE,3,2456,7502,A,0,421-A (1-15),421-A (1-15),
3022110002,11211,637,BEDFORD,AVE,3,2211,2,A,0,421-A (1-15),GARDEN COMPLEX 421-A (1-15),
3022110001,11211,639,BEDFORD,AVE,3,2211,1,A,0,421-A (1-15),GARDEN COMPLEX 421-A (1-15),
3022250007,11211,667,BEDFORD,AVE,3,2225,7,A,0,,,
3242120024,11211,45 TO 55,BORINQUEN,PL,3,24212,24,A,0,421-A (16),GARDEN COMPLEX 421-A (16),
3024110001,11211,125,BORINQUEN,PL,3,2411,1,A,0,421-A (1-15),GARDEN COMPLEX 421-A (1-15),
3024110017,11211,145,BORINQUEN,PL,3,2411,17,A,0,J-51,J-51,326328 S 1ST ST
3021320016,11211,158 TO 164,BROADWAY,,3,2132,16,A,0,421-A (16),GARDEN COMPLEX 421-A (16),
3021330018,11211,216,BROADWAY,,3,2133,18,A,0,421-A (1-15),421-A (1-15),191 S 8TH ST
3021400017,11211,248 TO 252,BROADWAY,,3,2140,17,A,0,,,
3021427501,11211,312,BROADWAY,,3,2142,7501,A,0,421-A (16),421-A (16),
3024610020,11211,319,BROADWAY,,3,2461,20,A,0,421-A (16),421-A (16),
3024627502,11211,329 TO 335,BROADWAY,,3,2462,7502,A,0,421-A (16),GARDEN COMPLEX 421-A (16),304 RODNEY ST
3024620027,11211,339 TO 341,BROADWAY,,3,2462,27,B,0,,ROOMING HOUSE,
3024627501,11211,343,BROADWAY,,3,2462,7501,A,0,421-A (1-15),GARDEN COMPLEX 421-A (1-15),
3024620025,11211,345,BROADWAY,,3,2462,25,A,0,,,
3021530001,11211,358,BROADWAY,,3,2153,1,A,0,,,
3024630040,11211,359 TO 365,BROADWAY,,3,2463,40,A,0,,,
3021530002,11211,360,BROADWAY,,3,2153,2,A,0,,,
3024640032,11211,407 TO 409,BROADWAY,,3,2464,32,A,0,421-A (1-15),421-A (1-15),
3024640030,11211,413,BROADWAY,,3,2464,30,A,0,421-A (1-15),421-A (1-15),
3024650051,11211,451,BROADWAY,,3,2465,51,A,0,,,
3027660019,11211,20,BUSHWICK,AVE,3,2766,19,A,0,,,
3029190007,11211,55,BUSHWICK,AVE,3,2919,7,B,0,,MRTE,
3027780019,11211,58,BUSHWICK,AVE,3,2778,19,A,0,421-A (1-15),GARDEN COMPLEX 421-A (1-15),
3029190002,11211,69,BUSHWICK,AVE,3,2919,2,A,0,,,
3027780023,11211,70 TO 72,BUSHWICK,AVE,3,2778,23,A,0,421-A (16),GARDEN COMPLEX 421-A (16),
3027840021,11211,90,BUSHWICK,AVE,3,2784,21,A,0,,,
3021730025,11211,184,CLYMER,ST,3,2173,25,B,0,,GARDEN COMPLEX,
3021697508,11211,185,CLYMER,ST,3,2169,7508,A,0,421-A (1-15),421-A (1-15),
3021737505,11211,192,CLYMER,ST,3,2173,7505,A,0,421-A (1-15),421-A (1-15),
3027560019,11211,36,CONSELYEA,ST,3,2756,19,A,0,421-A (1-15),421-A (1-15),
3027510036,11211,37,CONSELYEA,ST,3,2751,36,A,0,421-A (16),421-A (16),
3027580018,11211,114,CONSELYEA,ST,3,2758,18,A,0,,,
3027540039,11211,137,CONSELYEA,ST,3,2754,39,A,0,,,
3027590015,11211,146,CONSELYEA,ST,3,2759,15,A,0,,,
3027540034,11211,147,CONSELYEA,ST,3,2754,34,A,0,,,
3027600016,11211,180A,CONSELYEA,ST,3,2760,16,A,0,,,
3027600015,11211,180,CONSELYEA,ST,3,2760,15,A,0,,,
3028850032,11211,29 TO 39,DEBEVOISE,AVE,3,2885,32,A,0,,GARDEN COMPLEX,
3027610053,11211,13 TO 19,DEVOE,ST,3,2761,53,A,0,421-A (1-15),421-A (1-15),
3027620029,11211,67,DEVOE,ST,3,2762,29,A,0,,,
3027620026,11211,73,DEVOE,ST,3,2762,26,A,0,,,
3027630001,11211,85 TO 93,DEVOE,ST,3,2763,1,A,0,,,
3027690013,11211,114,DEVOE,ST,3,2769,13,A,0,,,
3027640036,11211,135,DEVOE,ST,3,2764,36,A,0,,,
3027650028,11211,187,DEVOE,ST,3,2765,28,A,0,421-A (1-15),GARDEN COMPLEX 421-A (1-15),
3029160065,11211,227R,DEVOE,ST,3,2916,65,A,0,,,
3029160061,11211,235,DEVOE,ST,3,2916,61,A,0,,,
3029160059,11211,239,DEVOE,ST,3,2916,59,A,0,,,
3029190020,11211,242,DEVOE,ST,3,2919,20,A,0,,,
3029160057,11211,243,DEVOE,ST,3,2916,57,A,0,,,
3029190023,11211,246,DEVOE,ST,3,2919,23,A,0,,GARDEN COMPLEX,
3029160055,11211,247,DEVOE,ST,3,2916,55,A,0,,,
3029160053,11211,251,DEVOE,ST,3,2916,53,A,0,421-A (1-15),GARDEN COMPLEX 421-A (1-15),
3029160052,11211,253,DEVOE,ST,3,2916,52,A,0,,GARDEN COMPLEX,
3029200016,11211,260,DEVOE,ST,3,2920,16,A,0,421-A (16),421-A (16),
3029160048,11211,261,DEVOE,ST,3,2916,48,A,0,,,
3029200017,11211,264,DEVOE,ST,3,2920,17,A,0,421-A (16),421-A (16),
3029200018,11211,268,DEVOE,ST,3,2920,18,A,0,421-A (16),421-A (16),
3029200019,11211,270,DEVOE,ST,3,2920,19,A,0,421-A (1-15),421-A (1-15),
3029200022,11211,276,DEVOE,ST,3,2920,22,A,0,421-A (1-15),421-A (1-15),
3029170025,11211,285R,DEVOE,ST,3,2917,25,A,0,,,
3029200026,11211,286,DEVOE,ST,3,2920,26,A,0,,,
3029200027,11211,288,DEVOE,ST,3,2920,27,A,0,,,
3029170021,11211,293,DEVOE,ST,3,2917,21,A,0,421-A (1-15),GARDEN COMPLEX 421-A (1-15),
3029180044,11211,307,DEVOE,ST,3,2918,44,A,0,,,
3021690018,11211,102,DIVISION,AVE,3,2169,18,A,0,421-A (1-15),421-A (1-15),
3021570024,11211,103,DIVISION,AVE,3,2157,24,A,0,J-51,J-51,
3021520030,11211,279 TO 281,DIVISION,AVE,3,2152,30,A,0,J-51,GARDEN COMPLEX J-51,
3021520028,11211,283 TO 285,DIVISION,AVE,3,2152,28,A,0,,GARDEN COMPLEX,
3022997502,11211,469 TO 479,DRIGGS,AVE,3,2299,7502,A,0,421-A (1-15),GARDEN COMPLEX 421-A (1-15),
3023120022,11211,506,DRIGGS,AVE,3,2312,22,A,0,,,
3023200020,11211,534,DRIGGS,AVE,3,2320,20,A,0,,,
3023200022,11211,538,DRIGGS,AVE,3,2320,22,A,0,,,
3023200025,11211,548,DRIGGS,AVE,3,2320,25,A,0,,,
3023200026,11211,552,DRIGGS,AVE,3,2320,26,A,0,,,
3023280019,11211,558,DRIGGS,AVE,3,2328,19,A,0,,,
3023280021,11211,564,DRIGGS,AVE,3,2328,21,A,0,,,
3023280023,11211,568,DRIGGS,AVE,3,2328,23,A,0,,,
3023290002,11211,571,DRIGGS,AVE,3,2329,2,A,0,,,
3023537503,11211,625 TO 629,DRIGGS,AVE,3,2353,7503,A,0,421-A (1-15),421-A (1-15),
3023520025,11211,642,DRIGGS,AVE,3,2352,25,A,0,,,
3023667501,11211,658,DRIGGS,AVE,3,2366,7501,A,0,421-A (16),421-A (16),
3024070001,11211,725,DRIGGS,AVE,3,2407,1,A,0,,,
3024190007,11211,743,DRIGGS,AVE,3,2419,7,A,0,,,
3024190006,11211,749,DRIGGS,AVE,3,2419,6,A,0,,,
3024310022,11211,774,DRIGGS,AVE,3,2431,22,A,0,,,
3024320002,11211,777,DRIGGS,AVE,3,2432,2,A,0,421-A (1-15),421-A (1-15),
3024310025,11211,778,DRIGGS,AVE,3,2431,25,A,0,,GARDEN COMPLEX,
3024440028,11211,808,DRIGGS,AVE,3,2444,28,B,0,,,
3021330001,11211,853,DRIGGS,AVE,3,2133,1,A,0,,,
3021320026,11211,854,DRIGGS,AVE,3,2132,26,A,0,,,
3021380024,11211,864,DRIGGS,AVE,3,2138,24,A,0,421-A (1-15),421-A (1-15),
3021380029,11211,878,DRIGGS,AVE,3,2138,29,A,0,,,
3021480004,11211,907 TO 911,DRIGGS,AVE,3,2148,4,A,0,,,
3024687501,11211,15,DUNHAM,PL,3,2468,7501,A,0,,,
3027367501,11211,32,FROST,ST,3,2736,7501,A,0,,,
3027310033,11211,37,FROST,ST,3,2731,33,A,0,,,
3027327501,11211,53 TO 59,FROST,ST,3,2732,7501,A,0,,GARDEN COMPLEX,
3027380016,11211,110,FROST,ST,3,2738,16,A,0,,,
3027390010,11211,134,FROST,ST,3,2739,10,A,0,,,
3027340035,11211,135 TO 139,FROST,ST,3,2734,35,A,0,421-A (16),421-A (16),
3027340030,11211,149,FROST,ST,3,2734,30,A,0,,,
3027340029,11211,151,FROST,ST,3,2734,29,A,0,421-A (1-15),421-A (1-15),
3027390019,11211,152,FROST,ST,3,2739,19,A,0,,,
3027400013,11211,174,FROST,ST,3,2740,13,A,0,,,
3027400015,11211,178,FROST,ST,3,2740,15,A,0,,,
3027400016,11211,180,FROST,ST,3,2740,16,A,0,,,
3027400017,11211,182,FROST,ST,3,2740,17,A,0,,,
3027350032,11211,189,FROST,ST,3,2735,32,A,0,,,
3028570063,11211,205,FROST,ST,3,2857,63,A,0,421-A (1-15),421-A (1-15),
3028660021,11211,226,FROST,ST,3,2866,21,A,0,,,
3028570048,11211,233,FROST,ST,3,2857,48,A,0,,,
3028660027,11211,236,FROST,ST,3,2866,27,A,0,,,
3028570046,11211,237,FROST,ST,3,2857,46,A,0,,GARDEN COMPLEX,
3028660028,11211,238,FROST,ST,3,2866,28,A,0,,,
3028660031,11211,244,FROST,ST,3,2866,31,A,0,421-G,421-G,
3028570042,11211,245,FROST,ST,3,2857,42,A,0,421-A (1-15),421-A (1-15),
3027760024,11211,293,GRAHAM,AVE,3,2776,24,A,0,421-A (1-15),421-A (1-15),
3027777502,11211,300,GRAHAM,AVE,3,2777,7502,A,0,J-51,GARDEN COMPLEX J-51,
3027710001,11211,310,GRAHAM,AVE,3,2771,1,A,0,421-A (16),GARDEN COMPLEX 421-A (16),
3027710003,11211,314,GRAHAM,AVE,3,2771,3,A,0,,,
3027700024,11211,319,GRAHAM,AVE,3,2770,24,A,0,421-A (16),GARDEN COMPLEX 421-A (16),
3027640029,11211,321,GRAHAM,AVE,3,2764,29,A,0,,,
3027490022,11211,385,GRAHAM,AVE,3,2749,22,A,0,,,
3027340022,11211,447,GRAHAM,AVE,3,2734,22,A,0,,,
3027350007,11211,450,GRAHAM,AVE,3,2735,7,A,0,,,
3023930013,11211,180,GRAND,ST,3,2393,13,A,0,,,180 BORINQUEN PL
3023930025,11211,212,GRAND,ST,3,2393,25,A,0,,,
3023930026,11211,214,GRAND,ST,3,2393,26,A,0,,,
3023827502,11211,227,GRAND,ST,3,2382,7502,A,0,421-A (1-15),421-A (1-15),
3023940020,11211,258 TO 262,GRAND,ST,3,2394,20,A,0,,,
3023950002,11211,272 TO 274,GRAND,ST,3,2395,2,A,0,,GARDEN COMPLEX,
3023950004,11211,276,GRAND,ST,3,2395,4,A,0,421-A (1-15),421-A (1-15),
3023830028,11211,301,GRAND,ST,3,2383,28,A,0,421-A (1-15),421-A (1-15),
3023960012,11211,340,GRAND,ST,3,2396,12,A,0,421-A (1-15),421-A (1-15),
3023860021,11211,431,GRAND,ST,3,2386,21,A,0,421-A (1-15),GARDEN COMPLEX 421-A (1-15),
3023990001,11211,456,GRAND,ST,3,2399,1,A,0,,,
3023870033,11211,461,GRAND,ST,3,2387,33,A,0,421-A (1-15),421-A (1-15),
3027857502,11211,522,GRAND,ST,3,2785,7502,A,0,421-A (16),421-A (16),
3027797503,11211,535,GRAND,ST,3,2779,7503,A,0,421-A (16),421-A (16),
3027790031,11211,555,GRAND,ST,3,2779,31,A,0,421-A (16),GARDEN COMPLEX 421-A (16),
3027850024,11211,556,GRAND,ST,3,2785,24,A,0,,,
3027850025,11211,560,GRAND,ST,3,2785,25,A,0,,,
3027800029,11211,611,GRAND,ST,3,2780,29,A,0,421-A (1-15),421-A (1-15),
3027870010,11211,630,GRAND,ST,3,2787,10,A,0,421-A (16),GARDEN COMPLEX 421-A (16),
3027870023,11211,666,GRAND,ST,3,2787,23,A,0,,,
3027810029,11211,667,GRAND,ST,3,2781,29,A,0,,GARDEN COMPLEX,
3027880008,11211,676,GRAND,ST,3,2788,8,A,0,,,
3027880009,11211,678,GRAND,ST,3,2788,9,A,0,,,
3027820041,11211,679,GRAND,ST,3,2782,41,A,0,421-A (1-15),GARDEN COMPLEX 421-A (1-15),
3027827502,11211,685 TO 695,GRAND,ST,3,2782,7502,A,0,,GARDEN COMPLEX,
3027880012,11211,690,GRAND,ST,3,2788,12,A,0,,,
3027880013,11211,692,GRAND,ST,3,2788,13,A,0,,,
3027820035,11211,697,GRAND,ST,3,2782,35,A,0,421-A (1-15),421-A (1-15),
3027880018,11211,706,GRAND,ST,3,2788,18,A,0,,,
3027887502,11211,710,GRAND,ST,3,2788,7502,A,0,421-A (16),421-A (16),
3027880021,11211,716,GRAND,ST,3,2788,21,A,0,,,
3027830038,11211,739,GRAND,ST,3,2783,38,A,0,,,
3027890011,11211,740 TO 750,GRAND,ST,3,2789,11,A,0,,,
3027830035,11211,749 TO 751,GRAND,ST,3,2783,35,A,0,,,
3027830034,11211,753,GRAND,ST,3,2783,34,A,0,,,
3027830032,11211,755,GRAND,ST,3,2783,32,A,0,,,
3027890017,11211,756,GRAND,ST,3,2789,17,A,0,,,
3027890018,11211,760,GRAND,ST,3,2789,18,A,0,,,
3027890019,11211,762,GRAND,ST,3,2789,19,A,0,,,
3027830029,11211,765,GRAND,ST,3,2783,29,A,0,,,
3027890020,11211,766,GRAND,ST,3,2789,20,A,0,,,
3027840035,11211,775,GRAND,ST,3,2784,35,A,0,,,
3027840034,11211,779,GRAND,ST,3,2784,34,A,0,,,
3027840033,11211,783,GRAND,ST,3,2784,33,A,0,,,
3027900012,11211,790,GRAND,ST,3,2790,12,B,0,,,
3029220047,11211,845,GRAND,ST,3,2922,47,A,0,421-A (1-15),421-A (1-15),
3029220034,11211,881 TO 889,GRAND,ST,3,2922,34,A,0,421-A (1-15),421-A (1-15),1 OLIVE ST
3029230026,11211,895,GRAND,ST,3,2923,26,A,0,,,
3029230025,11211,897,GRAND,ST,3,2923,25,A,0,421-A (1-15),421-A (1-15),
3029240055,11211,931,GRAND,ST,3,2924,55,A,0,,,
3029240049,11211,949,GRAND,ST,3,2924,49,A,0,,,
3029240047,11211,955,GRAND,ST,3,2924,47,A,0,,,
3022070032,11211,12 TO 16,HARRISON,AVE,3,2207,32,A,0,,,
3022140001,11211,41,HARRISON,AVE,3,2214,1,A,0,421-A (1-15),421-A (1-15),
3022280001,11211,61 TO 77,HARRISON,AVE,3,2228,1,A,0,,,
3023140023,11211,10,HAVEMEYER,ST,3,2314,23,A,0,421-A (1-15),421-A (1-15),
3023140025,11211,14,HAVEMEYER,ST,3,2314,25,A,0,,,
3023140026,11211,16,HAVEMEYER,ST,3,2314,26,A,0,,GARDEN COMPLEX,
3023220023,11211,28,HAVEMEYER,ST,3,2322,23,A,0,J-51,J-51,
3023230002,11211,41,HAVEMEYER,ST,3,2323,2,A,0,,,
3023230001,11211,43,HAVEMEYER,ST,3,2323,1,A,0,,,
3023310003,11211,45,HAVEMEYER,ST,3,2331,3,A,0,,,
3023380027,11211,66 TO 70,HAVEMEYER,ST,3,2338,27,A,0,421-A (16),421-A (16),245 N 5TH ST
3023390006,11211,69,HAVEMEYER,ST,3,2339,6,A,0,,,
3023680023,11211,82 TO 84,HAVEMEYER,ST,3,2368,23,A,0,,,
3023680029,11211,94,HAVEMEYER,ST,3,2368,29,A,0,,,
3023840003,11211,103,HAVEMEYER,ST,3,2384,3,A,0,,,
3023840001,11211,107,HAVEMEYER,ST,3,2384,1,A,0,,,
3024087504,11211,132 TO 136,HAVEMEYER,ST,3,2408,7504,A,0,J-51,J-51,
3024200022,11211,160,HAVEMEYER,ST,3,2420,22,A,0,,,
3024200028,11211,164,HAVEMEYER,ST,3,2420,28,A,0,,,
3024217501,11211,165,HAVEMEYER,ST,3,2421,7501,A,0,421-A (16),421-A (16),
3024340006,11211,179 TO 183,HAVEMEYER,ST,3,2434,6,A,0,,,242 S 3RD ST
3024330025,11211,182,HAVEMEYER,ST,3,2433,25,A,0,,,
3022050040,11211,163,HEWES,ST,3,2205,40,A,0,,GARDEN COMPLEX,
3022050032,11211,169,HEWES,ST,3,2205,32,A,0,,GARDEN COMPLEX,
3022050034,11211,173 TO 175,HEWES,ST,3,2205,34,A,0,,,
3022130009,11211,248,HEWES,ST,3,2213,9,A,0,,GARDEN COMPLEX,
3024390001,11211,362,HEWES,ST,3,2439,1,A,0,,,
3024380020,11211,383,HEWES,ST,3,2438,20,B,0,,,
3024250032,11211,393,HEWES,ST,3,2425,32,A,0,,,
3021990039,11211,145,HOOPER,ST,3,2199,39,A,0,,,
3022060003,11211,168,HOOPER,ST,3,2206,3,A,0,,,
3022060007,11211,178 TO 180,HOOPER,ST,3,2206,7,B,0,,,
3022060011,11211,186,HOOPER,ST,3,2206,11,A,0,,,
3024630024,11211,293 TO 295,HOOPER,ST,3,2463,24,A,0,,,
3024630021,11211,301,HOOPER,ST,3,2463,21,A,0,,,
3024500022,11211,319,HOOPER,ST,3,2450,22,A,0,,GARDEN COMPLEX,
3024250008,11211,378,HOOPER,ST,3,2425,8,A,0,,,
3024250010,11211,380,HOOPER,ST,3,2425,10,A,0,,,
3024120019,11211,381,HOOPER,ST,3,2412,19,A,0,,,
3024130001,11211,390,HOOPER,ST,3,2413,1,A,0,,,
3023680036,11211,21,HOPE,ST,3,2368,36,A,0,,,
3023680034,11211,25,HOPE,ST,3,2368,34,A,0,421-A (1-15),421-A (1-15),
3023680033,11211,27,HOPE,ST,3,2368,33,A,0,421-A (1-15),421-A (1-15),
3023680031,11211,29 TO 31,HOPE,ST,3,2368,31,A,0,421-A (1-15),421-A (1-15),
3023830016,11211,30,HOPE,ST,3,2383,16,A,0,421-A (1-15),421-A (1-15),
3023740001,11211,123,HOPE,ST,3,2374,1,A,0,421-A (16),421-A (16),
3023860007,11211,130,HOPE,ST,3,2386,7,A,0,421-A (16),421-A (16),429 KEAP ST
3023870002,11211,140,HOPE,ST,3,2387,2,A,0,421-A (1-15),GARDEN COMPLEX 421-A (1-15),
3023870007,11211,156,HOPE,ST,3,2387,7,A,0,421-A (1-15),GARDEN COMPLEX 421-A (1-15),
3027830024,11211,299,HUMBOLDT,ST,3,2783,24,A,0,,,
3027780003,11211,318,HUMBOLDT,ST,3,2778,3,A,0,,GARDEN COMPLEX,
3027607502,11211,371,HUMBOLDT,ST,3,2760,7502,A,0,421-A (1-15),421-A (1-15),
3027600024,11211,385,HUMBOLDT,ST,3,2760,24,A,0,,ROOMING HOUSE,
3027500025,11211,409,HUMBOLDT,ST,3,2750,25,A,0,,ROOMING HOUSE,
3027500023,11211,413,HUMBOLDT,ST,3,2750,23,A,0,,,
3027500022,11211,415,HUMBOLDT,ST,3,2750,22,A,0,,,
3027500021,11211,417,HUMBOLDT,ST,3,2750,21,A,0,,,
3027500020,11211,419,HUMBOLDT,ST,3,2750,20,A,0,421-A (1-15),421-A (1-15),
3027350025,11211,471,HUMBOLDT,ST,3,2735,25,A,0,,,
3028570004,11211,476,HUMBOLDT,ST,3,2857,4,A,0,,,
3028570106,11211,480,HUMBOLDT,ST,3,2857,106,A,0,,,
3027410047,11211,15,JACKSON,ST,3,2741,47,A,0,421-A (1-15),GARDEN COMPLEX 421-A (1-15),
3027420031,11211,69,JACKSON,ST,3,2742,31,A,0,,,
3027480012,11211,100,JACKSON,ST,3,2748,12,A,0,,,
3027480015,11211,104,JACKSON,ST,3,2748,15,A,0,,,
3027500015,11211,178,JACKSON,ST,3,2750,15,A,0,,GARDEN COMPLEX,
3027457504,11211,179,JACKSON,ST,3,2745,7504,B,0,,,
3027450030,11211,183,JACKSON,ST,3,2745,30,A,0,,,
3027500018,11211,184,JACKSON,ST,3,2750,18,A,0,,,
3028750058,11211,243,JACKSON,ST,3,2875,58,A,0,,,
3028840020,11211,254,JACKSON,ST,3,2884,20,B,0,,,
3028850023,11211,276 TO 284,JACKSON,ST,3,2885,23,A,0,,GARDEN COMPLEX,
3028850028,11211,302 TO 312,JACKSON,ST,3,2885,28,A,0,,GARDEN COMPLEX,
3029190036,11211,7,JUDGE,ST,3,2919,36,A,0,,,
3029200004,11211,14,JUDGE,ST,3,2920,4,A,0,,,
3029190032,11211,15,JUDGE,ST,3,2919,32,A,0,,GARDEN COMPLEX,
3029200005,11211,16,JUDGE,ST,3,2920,5,A,0,,,
3029190030,11211,17,JUDGE,ST,3,2919,30,A,0,,GARDEN COMPLEX,
3029200007,11211,20,JUDGE,ST,3,2920,7,A,0,,,
3029190027,11211,21,JUDGE,ST,3,2919,27,A,0,,,
3022010013,11211,250,KEAP,ST,3,2201,13,A,0,,,
3024630001,11211,312,KEAP,ST,3,2463,1,A,0,421-A (16),421-A (16),
3024630002,11211,314,KEAP,ST,3,2463,2,A,0,421-A (16),421-A (16),
3024490016,11211,331,KEAP,ST,3,2449,16,A,0,,,
3024500006,11211,332,KEAP,ST,3,2450,6,A,0,,,
3024370003,11211,350,KEAP,ST,3,2437,3,B,0,,ARTICLE 11,
3023877501,11211,418,KEAP,ST,3,2387,7501,A,0,421-A (1-15),421-A (1-15),
3023720005,11211,462,KEAP,ST,3,2372,5,A,0,,,
3023710042,11211,467,KEAP,ST,3,2371,42,A,0,,,
3023710034,11211,487,KEAP,ST,3,2371,34,A,0,,,
3028840028,11211,15,KINGSLAND,AVE,3,2884,28,A,0,421-A (1-15),421-A (1-15),
3028840027,11211,17,KINGSLAND,AVE,3,2884,27,A,0,421-A (1-15),421-A (1-15),
3028840025,11211,21,KINGSLAND,AVE,3,2884,25,A,0,,,
3028840022,11211,25,KINGSLAND,AVE,3,2884,22,A,0,,,
3028840021,11211,27,KINGSLAND,AVE,3,2884,21,A,0,,,
3028850020,11211,28 TO 34,KINGSLAND,AVE,3,2885,20,A,0,,GARDEN COMPLEX,
3028750056,11211,33,KINGSLAND,AVE,3,2875,56,A,0,,,
3028750053,11211,39,KINGSLAND,AVE,3,2875,53,A,0,,,
3028570035,11211,79,KINGSLAND,AVE,3,2857,35,A,0,421-A (1-15),421-A (1-15),
3022000004,11211,111,LEE,AVE,3,2200,4,A,0,,GARDEN COMPLEX,
3027800020,11211,235,LEONARD,ST,3,2780,20,A,0,,,
3027750008,11211,246,LEONARD,ST,3,2775,8,A,0,,GARDEN COMPLEX,
3027480003,11211,334,LEONARD,ST,3,2748,3,A,0,,,
3027430005,11211,352,LEONARD,ST,3,2743,5,B,0,,,
3027420024,11211,357,LEONARD,ST,3,2742,24,A,0,,,
3027320012,11211,395,LEONARD,ST,3,2732,12,A,0,421-A (1-15),421-A (1-15),
3027800005,11211,494,LORIMER,ST,3,2780,5,A,0,421-A (1-15),GARDEN COMPLEX 421-A (1-15),
3027680003,11211,538,LORIMER,ST,3,2768,3,A,0,,,
3027680004,11211,542,LORIMER,ST,3,2768,4,A,0,,,
3027570001,11211,584,LORIMER,ST,3,2757,1,A,0,,,
3027360028,11211,679,LORIMER,ST,3,2736,28,A,0,,,
3027370006,11211,684,LORIMER,ST,3,2737,6,A,0,,,
3027320002,11211,706 TO 708,LORIMER,ST,3,2732,2,A,0,,,
3027210032,11211,719,LORIMER,ST,3,2721,32,A,0,,,
3027220002,11211,720,LORIMER,ST,3,2722,2,A,0,,,
3027220003,11211,722,LORIMER,ST,3,2722,3,A,0,,,
3027220004,11211,724,LORIMER,ST,3,2722,4,A,0,,,
3027220005,11211,726,LORIMER,ST,3,2722,5,A,0,,,
3027220105,11211,728,LORIMER,ST,3,2722,105,A,0,,GARDEN COMPLEX,
3027220006,11211,730,LORIMER,ST,3,2722,6,A,0,,GARDEN COMPLEX,
3027690019,11211,283,MANHATTAN,AVE,3,2769,19,A,0,,,
3027700010,11211,292,MANHATTAN,AVE,3,2770,10,A,0,,,
3027530028,11211,327,MANHATTAN,AVE,3,2753,28,A,0,,,
3027530025,11211,333,MANHATTAN,AVE,3,2753,25,A,0,,,
3027540002,11211,334,MANHATTAN,AVE,3,2754,2,A,0,,,
3027540003,11211,336,MANHATTAN,AVE,3,2754,3,A,0,,,
3027540004,11211,338,MANHATTAN,AVE,3,2754,4,A,0,,,
3027490001,11211,348 TO 350,MANHATTAN,AVE,3,2749,1,A,0,,GARDEN COMPLEX,
3027480025,11211,349,MANHATTAN,AVE,3,2748,25,A,0,,,
3027480024,11211,351,MANHATTAN,AVE,3,2748,24,A,0,,,
3027430025,11211,367,MANHATTAN,AVE,3,2743,25,A,0,,,
3027440003,11211,368,MANHATTAN,AVE,3,2744,3,A,0,421-A (1-15),421-A (1-15),
3027430023,11211,371,MANHATTAN,AVE,3,2743,23,A,0,,,
3027440006,11211,374,MANHATTAN,AVE,3,2744,6,A,0,,,
3027387501,11211,387,MANHATTAN,AVE,3,2738,7501,A,0,421-A (1-15),421-A (1-15),
3027347502,11211,410,MANHATTAN,AVE,3,2734,7502,A,0,,GARDEN COMPLEX,
3023690019,11211,8,MARCY,AVE,3,2369,19,A,0,421-A (16),421-A (16),2 MARCY AVE
3023840017,11211,40 TO 42,MARCY,AVE,3,2384,17,A,0,,,
3024090117,11211,82,MARCY,AVE,3,2409,117,A,0,421-A (1-15),GARDEN COMPLEX 421-A (1-15),
3024090016,11211,86,MARCY,AVE,3,2409,16,A,0,421-A (1-15),GARDEN COMPLEX 421-A (1-15),
3028930053,11211,41,MASPETH,AVE,3,2893,53,A,0,,,
3028930153,11211,43,MASPETH,AVE,3,2893,153,A,0,421-A (1-15),421-A (1-15),
3028930052,11211,45,MASPETH,AVE,3,2893,52,A,0,421-A (1-15),421-A (1-15),
3028930051,11211,47,MASPETH,AVE,3,2893,51,A,0,421-A (1-15),421-A (1-15),
3028930050,11211,49,MASPETH,AVE,3,2893,50,A,0,421-A (1-15),421-A (1-15),
3029070119,11211,58,MASPETH,AVE,3,2907,119,A,0,421-A (1-15),GARDEN COMPLEX 421-A (1-15),
3029070120,11211,60,MASPETH,AVE,3,2907,120,A,0,421-A (1-15),GARDEN COMPLEX 421-A (1-15),
3028930042,11211,61 TO 65,MASPETH,AVE,3,2893,42,A,0,421-A (1-15),GARDEN COMPLEX 421-A (1-15),
3029070021,11211,64,MASPETH,AVE,3,2907,21,A,0,421-A (1-15),GARDEN COMPLEX 421-A (1-15),
3029070022,11211,66,MASPETH,AVE,3,2907,22,A,0,421-A (1-15),GARDEN COMPLEX 421-A (1-15),
3029070023,11211,68,MASPETH,AVE,3,2907,23,A,0,421-A (1-15),GARDEN COMPLEX 421-A (1-15),
3027420009,11211,280,MEEKER,AVE,3,2742,9,A,0,421-A (16),421-A (16),
3027380010,11211,352,MEEKER,AVE,3,2738,10,A,0,421-A (16),GARDEN COMPLEX 421-A (16),
3023647501,11211,136 TO 138,METROPOLITAN,AVE,3,2364,7501,B,1,,COOP/CONDO PLAN FILE,
3023580023,11211,143,METROPOLITAN,AVE,3,2358,23,A,0,,,
3023650010,11211,170,METROPOLITAN,AVE,3,2365,10,A,0,,,
3023660010,11211,222,METROPOLITAN,AVE,3,2366,10,A,0,,,
3023660011,11211,224,METROPOLITAN,AVE,3,2366,11,A,0,,,
3023660012,11211,228,METROPOLITAN,AVE,3,2366,12,A,0,,,
3023660013,11211,232,METROPOLITAN,AVE,3,2366,13,A,0,,,
3023660015,11211,238,METROPOLITAN,AVE,3,2366,15,A,0,,,
3023690011,11211,370,METROPOLITAN,AVE,3,2369,11,A,0,,,
3023690012,11211,374,METROPOLITAN,AVE,3,2369,12,A,0,,,
3023690013,11211,378,METROPOLITAN,AVE,3,2369,13,A,0,,,
3023690015,11211,386,METROPOLITAN,AVE,3,2369,15,A,0,,,
3023690016,11211,390,METROPOLITAN,AVE,3,2369,16,A,0,,,
3023690017,11211,394,METROPOLITAN,AVE,3,2369,17,A,0,,,
3023717501,11211,496 TO 512,METROPOLITAN,AVE,3,2371,7501,A,0,,GARDEN COMPLEX,491 KEAP ST
3027560001,11211,519 TO 523,METROPOLITAN,AVE,3,2756,1,A,0,,,
3027610009,11211,520,METROPOLITAN,AVE,3,2761,9,A,0,,,
3027610010,11211,522,METROPOLITAN,AVE,3,2761,10,A,0,,,
3027560046,11211,527 TO 531,METROPOLITAN,AVE,3,2756,46,A,0,,,
3027610020,11211,552,METROPOLITAN,AVE,3,2761,20,B,0,,,
3027610021,11211,554,METROPOLITAN,AVE,3,2761,21,A,0,,,
3027560036,11211,561,METROPOLITAN,AVE,3,2756,36,A,0,,,
3027570038,11211,591 TO 593,METROPOLITAN,AVE,3,2757,38,A,0,,,
3027570036,11211,595 TO 599,METROPOLITAN,AVE,3,2757,36,A,0,,,
3027620005,11211,596,METROPOLITAN,AVE,3,2762,5,A,0,421-A (16),GARDEN COMPLEX 421-A (16),
3027570034,11211,601,METROPOLITAN,AVE,3,2757,34,A,0,,GARDEN COMPLEX,
3027570033,11211,605,METROPOLITAN,AVE,3,2757,33,A,0,,GARDEN COMPLEX,
3027620015,11211,628,METROPOLITAN,AVE,3,2762,15,A,0,,,
3027627501,11211,630,METROPOLITAN,AVE,3,2762,7501,B,0,,,
3027580035,11211,661,METROPOLITAN,AVE,3,2758,35,A,0,,,
3027580028,11211,677,METROPOLITAN,AVE,3,2758,28,A,0,,,
3027630022,11211,680,METROPOLITAN,AVE,3,2763,22,A,0,,,
3027580027,11211,681,METROPOLITAN,AVE,3,2758,27,A,0,,,
3027630023,11211,684,METROPOLITAN,AVE,3,2763,23,A,0,,,
3027590036,11211,713,METROPOLITAN,AVE,3,2759,36,A,0,421-A (1-15),421-A (1-15),
3027590034,11211,717,METROPOLITAN,AVE,3,2759,34,A,0,,,
3027650012,11211,758,METROPOLITAN,AVE,3,2765,12,A,0,,,
3027650013,11211,760,METROPOLITAN,AVE,3,2765,13,A,0,,,
3029160027,11211,864,METROPOLITAN,AVE,3,2916,27,A,0,,GARDEN COMPLEX,
3029160032,11211,878,METROPOLITAN,AVE,3,2916,32,A,0,421-A (16),GARDEN COMPLEX 421-A (16),
3029160033,11211,880 TO 882,METROPOLITAN,AVE,3,2916,33,A,0,421-A (16),GARDEN COMPLEX 421-A (16),
3029130071,11211,917,METROPOLITAN,AVE,3,2913,71,A,0,,GARDEN COMPLEX,
3029170004,11211,918,METROPOLITAN,AVE,3,2917,4,A,0,,,
3029130070,11211,921,METROPOLITAN,AVE,3,2913,70,A,0,,GARDEN COMPLEX,
3029170007,11211,924,METROPOLITAN,AVE,3,2917,7,A,0,,,
3029130069,11211,925,METROPOLITAN,AVE,3,2913,69,A,0,,,
3029130068,11211,929,METROPOLITAN,AVE,3,2913,68,A,0,,,
3029130067,11211,933,METROPOLITAN,AVE,3,2913,67,A,0,,,
3029130066,11211,935,METROPOLITAN,AVE,3,2913,66,A,0,,,
3029170011,11211,936,METROPOLITAN,AVE,3,2917,11,A,0,421-A (1-15),421-A (1-15),
3029130065,11211,939,METROPOLITAN,AVE,3,2913,65,A,0,,,
3029130063,11211,945,METROPOLITAN,AVE,3,2913,63,A,0,,,
3029130062,11211,947,METROPOLITAN,AVE,3,2913,62,A,0,,,
3029130061,11211,949,METROPOLITAN,AVE,3,2913,61,A,0,,,
3029130060,11211,953,METROPOLITAN,AVE,3,2913,60,B,0,,,
3029130059,11211,955,METROPOLITAN,AVE,3,2913,59,B,0,,,
3029130054,11211,977,METROPOLITAN,AVE,3,2913,54,A,0,,,
3029130053,11211,979,METROPOLITAN,AVE,3,2913,53,A,0,,,
3029130052,11211,983,METROPOLITAN,AVE,3,2913,52,A,0,,,
3023040007,11211,130,N 10TH,ST,3,2304,7,A,0,,,
3023040008,11211,132,N 10TH,ST,3,2304,8,A,0,,,
3023040015,11211,148,N 10TH,ST,3,2304,15,A,0,421-A (1-15),421-A (1-15),
3023040018,11211,150,N 10TH,ST,3,2304,18,A,0,,,
3023040019,11211,152,N 10TH,ST,3,2304,19,A,0,,,
3022980029,11211,171,N 10TH,ST,3,2298,29,A,0,,,
3023050015,11211,178,N 10TH,ST,3,2305,15,A,0,,,
3023050016,11211,180,N 10TH,ST,3,2305,16,A,0,,,
3023050017,11211,182,N 10TH,ST,3,2305,17,A,0,,,
3023070001,11211,250,N 10TH,ST,3,2307,1,A,0,421-A (1-15),421-A (1-15),
3022900026,11211,141,N 11TH,ST,3,2290,26,A,0,,,
3022980013,11211,174,N 11TH,ST,3,2298,13,A,0,421-A (16),421-A (16),
3022920029,11211,203 TO 209,N 11TH,ST,3,2292,29,A,0,421-A (16),GARDEN COMPLEX 421-A (16),
3022910017,11211,206 TO 210,N 12TH,ST,3,2291,17,A,0,421-A (1-15),GARDEN COMPLEX 421-A (1-15),
3023640013,11211,95,N 1ST,ST,3,2364,13,A,0,,,
3023640113,11211,97,N 1ST,ST,3,2364,113,A,0,,,
3023800012,11211,132,N 1ST,ST,3,2380,12,A,0,,,
3023497501,11211,45 TO 53,N 3RD,ST,3,2349,7501,A,0,421-A (1-15),421-A (1-15),
3023500026,11211,107,N 3RD,ST,3,2350,26,A,0,,,
3023420029,11211,91,N 4TH,ST,3,2342,29,A,0,,,
3023430023,11211,127,N 4TH,ST,3,2343,23,A,0,,,
3023447503,11211,155 TO 159,N 4TH,ST,3,2344,7503,A,0,421-A (1-15),421-A (1-15),
3023407502,11211,20,N 5TH,ST,3,2340,7502,A,0,,SECTION 610 OF PHFL,
3023440016,11211,170,N 5TH,ST,3,2344,16,A,0,421-A (1-15),421-A (1-15),
3023370041,11211,191 TO 193,N 5TH,ST,3,2337,41,A,0,,,
3023460011,11211,226,N 5TH,ST,3,2346,11,A,0,,,
3023380038,11211,231,N 5TH,ST,3,2338,38,A,0,,,
3023460020,11211,246,N 5TH,ST,3,2346,20,A,0,,,
3023247501,11211,27,N 6TH,ST,3,2324,7501,A,0,421-A (1-15),421-A (1-15) SECTION 610 OF PHFL,
3023270035,11211,135,N 6TH,ST,3,2327,35,A,0,,GARDEN COMPLEX,
3023357501,11211,140 TO 146,N 6TH,ST,3,2335,7501,A,0,,,122129 N 5TH ST
3023290040,11211,195,N 6TH,ST,3,2329,40,A,0,,,
3023290037,11211,201,N 6TH,ST,3,2329,37,A,0,,,
3023290035,11211,207,N 6TH,ST,3,2329,35,A,0,,,
3023290034,11211,211,N 6TH,ST,3,2329,34,A,0,,,
3023290033,11211,213,N 6TH,ST,3,2329,33,A,0,,,
3023370014,11211,214,N 6TH,ST,3,2337,14,A,0,,,
3023290032,11211,215,N 6TH,ST,3,2329,32,A,0,,,
3023370018,11211,222,N 6TH,ST,3,2337,18,A,0,,,
3023380012,11211,250 TO 252,N 6TH,ST,3,2338,12,B,0,,,
3023380018,11211,262,N 6TH,ST,3,2338,18,A,0,,,
3023310046,11211,279,N 6TH,ST,3,2331,46,A,0,,,
3023250009,11211,62,N 7TH,ST,3,2325,9,A,0,,,
3023250010,11211,64,N 7TH,ST,3,2325,10,A,0,,,
3023250016,11211,76,N 7TH,ST,3,2325,16,A,0,,,
3023250017,11211,78,N 7TH,ST,3,2325,17,A,0,,,
3023260011,11211,102,N 7TH,ST,3,2326,11,A,0,,,
3023180029,11211,109,N 7TH,ST,3,2318,29,A,0,,,
3023260015,11211,110,N 7TH,ST,3,2326,15,A,0,,,
3023190030,11211,143,N 7TH,ST,3,2319,30,A,0,,,
3023280008,11211,166,N 7TH,ST,3,2328,8,A,0,,,185 BEDFORD AVE
3023200028,11211,179 TO 181,N 7TH,ST,3,2320,28,A,0,421-A (16),421-A (16),
3023210034,11211,213,N 7TH,ST,3,2321,34,A,0,,,
3023210033,11211,215,N 7TH,ST,3,2321,33,B,0,,,
3023290010,11211,218,N 7TH,ST,3,2329,10,A,0,,,
3023220028,11211,247 TO 251,N 7TH,ST,3,2322,28,A,0,421-A (1-15),421-A (1-15),
3023220027,11211,257,N 7TH,ST,3,2322,27,A,0,,,
3023310007,11211,296,N 7TH,ST,3,2331,7,A,0,421-A (1-15),421-A (1-15),
3023310008,11211,298,N 7TH,ST,3,2331,8,A,0,421-A (1-15),421-A (1-15),
3023200010,11211,172,N 8TH,ST,3,2320,10,A,0,,,
3023120036,11211,173,N 8TH,ST,3,2312,36,A,0,,,
3023200011,11211,174,N 8TH,ST,3,2320,11,A,0,,,
3023120035,11211,175,N 8TH,ST,3,2312,35,A,0,,,
3023200012,11211,176,N 8TH,ST,3,2320,12,A,0,,,
3023120034,11211,177,N 8TH,ST,3,2312,34,A,0,,,
3023120033,11211,179,N 8TH,ST,3,2312,33,A,0,,,
3023120031,11211,183,N 8TH,ST,3,2312,31,A,0,,,
3023130029,11211,203,N 8TH,ST,3,2313,29,A,0,421-A (1-15),GARDEN COMPLEX 421-A (1-15),
3023130028,11211,205,N 8TH,ST,3,2313,28,A,0,421-A (1-15),GARDEN COMPLEX 421-A (1-15),
3023130013,11211,221 TO 223,N 8TH,ST,3,2313,13,A,0,421-A (1-15),421-A (1-15),
3023140031,11211,247,N 8TH,ST,3,2314,31,A,0,,,
3023220010,11211,248,N 8TH,ST,3,2322,10,A,0,421-A (1-15),421-A (1-15),
3023140030,11211,249,N 8TH,ST,3,2314,30,A,0,,,
3023140029,11211,251,N 8TH,ST,3,2314,29,A,0,,,
3023140028,11211,253,N 8TH,ST,3,2314,28,A,0,,,
3023140027,11211,255,N 8TH,ST,3,2314,27,A,0,,,
3023150031,11211,287,N 8TH,ST,3,2315,31,A,0,,,
3023230016,11211,294,N 8TH,ST,3,2323,16,A,0,,,
3023230017,11211,296,N 8TH,ST,3,2323,17,A,0,,,
3023230018,11211,298,N 8TH,ST,3,2323,18,A,0,,,
3023230019,11211,300,N 8TH,ST,3,2323,19,B,0,,ROOMING HOUSE,
3023030031,11211,103,N 9TH,ST,3,2303,31,A,0,,,
3023040035,11211,137,N 9TH,ST,3,2304,35,A,0,,,
3023040034,11211,139,N 9TH,ST,3,2304,34,A,0,,,
3023110012,11211,140,N 9TH,ST,3,2311,12,A,0,,,
3023040033,11211,141,N 9TH,ST,3,2304,33,A,0,,,
3023110013,11211,142,N 9TH,ST,3,2311,13,A,0,,,
3023110014,11211,144,N 9TH,ST,3,2311,14,A,0,,,
3023110015,11211,146,N 9TH,ST,3,2311,15,A,0,,,
3023110016,11211,148,N 9TH,ST,3,2311,16,A,0,,,
3023120020,11211,194,N 9TH,ST,3,2312,20,A,0,,,
3023060001,11211,199 TO 225,N 9TH,ST,3,2306,1,A,0,421-A (1-15),421-A (1-15),220 N 10TH ST
3023070038,11211,235 TO 239,N 9TH,ST,3,2307,38,A,0,421-A (1-15),421-A (1-15),
3023070027,11211,261 TO 263,N 9TH,ST,3,2307,27,A,0,421-A (1-15),421-A (1-15),
3029200031,11211,27,OLIVE,ST,3,2920,31,A,0,,,
3029120020,11211,30,ORIENT,AVE,3,2912,20,A,0,,,
3029120023,11211,42,ORIENT,AVE,3,2912,23,A,0,,,
3029070049,11211,57,ORIENT,AVE,3,2907,49,A,0,,,
3029070047,11211,59,ORIENT,AVE,3,2907,47,A,0,,,
3022190035,11211,222,PENN,ST,3,2219,35,A,0,,,
3022200032,11211,284,PENN,ST,3,2220,32,A,0,,,5052 HARRISON AVE
3027790012,11211,26,POWERS,ST,3,2779,12,A,0,,,
3027790013,11211,28,POWERS,ST,3,2779,13,A,0,,,
3027800010,11211,68,POWERS,ST,3,2780,10,A,0,,,
3027740038,11211,71,POWERS,ST,3,2774,38,A,0,,,
3027800016,11211,78,POWERS,ST,3,2780,16,A,0,,,
3027800018,11211,82,POWERS,ST,3,2780,18,A,0,,,
3027740032,11211,83,POWERS,ST,3,2774,32,A,0,421-A (1-15),421-A (1-15),
3027740031,11211,85,POWERS,ST,3,2774,31,A,0,,,
3027810009,11211,100,POWERS,ST,3,2781,9,A,0,,,
3027810010,11211,102,POWERS,ST,3,2781,10,A,0,,,
3027750034,11211,115,POWERS,ST,3,2775,34,A,0,,,
3027770031,11211,189,POWERS,ST,3,2777,31,A,0,421-A (1-15),421-A (1-15),
3027840012,11211,234,POWERS,ST,3,2784,12,A,0,,,
3027840013,11211,236,POWERS,ST,3,2784,13,A,0,,,
3027840014,11211,238,POWERS,ST,3,2784,14,A,0,,,
3027840114,11211,240,POWERS,ST,3,2784,114,A,0,,,
3029200043,11211,253,POWERS,ST,3,2920,43,A,0,,,
3029200041,11211,257,POWERS,ST,3,2920,41,A,0,,,
3029200040,11211,259,POWERS,ST,3,2920,40,A,0,,GARDEN COMPLEX,
3029200036,11211,267,POWERS,ST,3,2920,36,A,0,,,
3029220022,11211,280,POWERS,ST,3,2922,22,A,0,,,
3029230012,11211,320,POWERS,ST,3,2923,12,B,0,,GARDEN COMPLEX,
3027210001,11211,3,RICHARDSON,ST,3,2721,1,A,0,,,592594 UNION AVE
3027210051,11211,9,RICHARDSON,ST,3,2721,51,A,0,,,
3021930011,11211,140,RODNEY,ST,3,2193,11,A,0,,,
3021940031,11211,234,RODNEY,ST,3,2194,31,A,0,,,
3024490001,11211,322 TO 328,RODNEY,ST,3,2449,1,A,0,,,
3024360004,11211,344,RODNEY,ST,3,2436,4,A,0,,,
3023140001,11211,63,ROEBLING,ST,3,2314,1,A,0,421-A (1-15),GARDEN COMPLEX 421-A (1-15),
3023290029,11211,102,ROEBLING,ST,3,2329,29,A,0,,,
3023380002,11211,117,ROEBLING,ST,3,2338,2,A,0,,,
3024080007,11211,195,ROEBLING,ST,3,2408,7,A,0,,ART V,218226 S 1ST ST
3024070026,11211,210,ROEBLING,ST,3,2407,26,A,0,,,209213 S 2ND ST
3024200005,11211,211 TO 217,ROEBLING,ST,3,2420,5,A,0,,ART V,
3024190026,11211,220,ROEBLING,ST,3,2419,26,A,0,,,
3024320019,11211,244,ROEBLING,ST,3,2432,19,A,0,,,
3021390027,11211,324 TO 326,ROEBLING,ST,3,2139,27,A,0,,,197 S 9TH ST
3021480023,11211,340,ROEBLING,ST,3,2148,23,A,0,,,
3021820045,11211,155,ROSS,ST,3,2182,45,A,0,,,
3021870027,11211,166,ROSS,ST,3,2187,27,A,0,,GARDEN COMPLEX,
3021830058,11211,189,ROSS,ST,3,2183,58,A,0,,,
3021880020,11211,204 TO 206,ROSS,ST,3,2188,20,A,0,,,
3021830052,11211,205,ROSS,ST,3,2183,52,A,0,,GARDEN COMPLEX,
3022187505,11211,145,RUTLEDGE,ST,3,2218,7505,A,0,421-A (1-15),421-A (1-15),
3021600018,11211,50 TO 56,S 11TH,ST,3,2160,18,A,0,,,
3024050012,11211,116,S 1ST,ST,3,2405,12,A,0,,,
3024050014,11211,120,S 1ST,ST,3,2405,14,A,0,,,
3024060014,11211,156 TO 158,S 1ST,ST,3,2406,14,A,0,,,
3024060016,11211,160,S 1ST,ST,3,2406,16,A,0,,,
3023930041,11211,165,S 1ST,ST,3,2393,41,A,0,,,
3024070012,11211,198 TO 200,S 1ST,ST,3,2407,12,A,0,,ART V,
3024070014,11211,202,S 1ST,ST,3,2407,14,A,0,,ART V,
3024070015,11211,204,S 1ST,ST,3,2407,15,A,0,,ART V,
3024070017,11211,206 TO 208,S 1ST,ST,3,2407,17,A,0,,ART V,
3023947501,11211,207,S 1ST,ST,3,2394,7501,A,0,421-A (1-15),GARDEN COMPLEX 421-A (1-15),
3023947502,11211,209 TO 211,S 1ST,ST,3,2394,7502,A,0,421-A (1-15),GARDEN COMPLEX 421-A (1-15),
3023940028,11211,221,S 1ST,ST,3,2394,28,A,0,,,
3024080012,11211,228,S 1ST,ST,3,2408,12,A,0,,ART V,
3024080014,11211,232 TO 234,S 1ST,ST,3,2408,14,A,0,,ART V,
3023950029,11211,239,S 1ST,ST,3,2395,29,A,0,,,
3023950025,11211,249,S 1ST,ST,3,2395,25,A,0,,,
3024090008,11211,260,S 1ST,ST,3,2409,8,B,0,,SECTION 610 OF PHFL,
3024090009,11211,262,S 1ST,ST,3,2409,9,B,0,,SECTION 610 OF PHFL,
3024090011,11211,264,S 1ST,ST,3,2409,11,B,0,,SECTION 610 OF PHFL,
3024090014,11211,274,S 1ST,ST,3,2409,14,A,0,421-A (1-15),GARDEN COMPLEX 421-A (1-15),
3023967501,11211,275,S 1ST,ST,3,2396,7501,A,0,421-A (1-15),GARDEN COMPLEX 421-A (1-15),
3024090015,11211,276,S 1ST,ST,3,2409,15,B,0,,SECTION 610 OF PHFL,
3023960027,11211,279,S 1ST,ST,3,2396,27,B,0,,SECTION 610 OF PHFL,
3023960026,11211,283,S 1ST,ST,3,2396,26,B,0,,,
3023960025,11211,285,S 1ST,ST,3,2396,25,B,0,,SECTION 610 OF PHFL,
3023960024,11211,287,S 1ST,ST,3,2396,24,B,0,,SECTION 610 OF PHFL,
3024120013,11211,356,S 1ST,ST,3,2412,13,A,0,,,
3024120016,11211,360,S 1ST,ST,3,2412,16,A,0,,,
3023990022,11211,377,S 1ST,ST,3,2399,22,A,0,,,
3024040045,11211,75,S 2ND,ST,3,2404,45,A,0,,,
3024040044,11211,77,S 2ND,ST,3,2404,44,A,0,,,
3024040036,11211,93,S 2ND,ST,3,2404,36,A,0,,,
3024050039,11211,115,S 2ND,ST,3,2405,39,A,0,,,
3024050032,11211,131,S 2ND,ST,3,2405,32,A,0,,,
3024060038,11211,155,S 2ND,ST,3,2406,38,A,0,,,
3024060037,11211,159,S 2ND,ST,3,2406,37,B,0,,,
3024180018,11211,160 TO 164,S 2ND,ST,3,2418,18,A,0,,,
3024190009,11211,184,S 2ND,ST,3,2419,9,A,0,,,
3024190012,11211,188,S 2ND,ST,3,2419,12,A,0,,,
3024190019,11211,202,S 2ND,ST,3,2419,19,A,0,,,
3024080040,11211,231 TO 237,S 2ND,ST,3,2408,40,A,0,,ART V,
3024080038,11211,233 TO 235,S 2ND,ST,3,2408,38,A,0,,ART V,
3024080037,11211,237,S 2ND,ST,3,2408,37,A,0,,ART V,237 S 2ND ST
3024087502,11211,241,S 2ND,ST,3,2408,7502,A,0,,,
3024090027,11211,269,S 2ND,ST,3,2409,27,B,0,,SECTION 610 OF PHFL,
3024090026,11211,273,S 2ND,ST,3,2409,26,A,0,,,
3024210014,11211,278,S 2ND,ST,3,2421,14,A,0,,,
3024210016,11211,282,S 2ND,ST,3,2421,16,A,0,,,
3024210018,11211,286,S 2ND,ST,3,2421,18,A,0,,,
3024110027,11211,335,S 2ND,ST,3,2411,27,A,0,,,
3024240006,11211,354,S 2ND,ST,3,2424,6,B,0,,ARTICLE 11,
3024120033,11211,355,S 2ND,ST,3,2412,33,B,0,,ARTICLE 11,
3024240009,11211,358,S 2ND,ST,3,2424,9,A,0,,ARTICLE 11,
3024120030,11211,359,S 2ND,ST,3,2412,30,B,0,,ARTICLE 11,
3024240012,11211,362,S 2ND,ST,3,2424,12,B,0,,,
3024240014,11211,366,S 2ND,ST,3,2424,14,B,0,,ARTICLE 11,
3024120027,11211,367,S 2ND,ST,3,2412,27,B,0,,ARTICLE 11,
3024240016,11211,370,S 2ND,ST,3,2424,16,B,0,,ARTICLE 11,
3024120025,11211,373,S 2ND,ST,3,2412,25,B,0,,ARTICLE 11,
3024130031,11211,385,S 2ND,ST,3,2413,31,B,0,,ARTICLE 11,
3024170044,11211,91,S 3RD,ST,3,2417,44,A,0,,,
3024170043,11211,93,S 3RD,ST,3,2417,43,A,0,,,
3024170042,11211,97,S 3RD,ST,3,2417,42,A,0,,,
3024170041,11211,99,S 3RD,ST,3,2417,41,A,0,,,
3024170039,11211,101,S 3RD,ST,3,2417,39,A,0,,,
3024300016,11211,118,S 3RD,ST,3,2430,16,A,0,,,
3024310017,11211,160,S 3RD,ST,3,2431,17,A,0,,,
3024310019,11211,162,S 3RD,ST,3,2431,19,A,0,421-A (1-15),421-A (1-15),
3024320009,11211,182,S 3RD,ST,3,2432,9,B,0,,,
3024320012,11211,188,S 3RD,ST,3,2432,12,A,0,,GARDEN COMPLEX,
3024337502,11211,208,S 3RD,ST,3,2433,7502,A,0,,,
3024200043,11211,209 TO 211,S 3RD,ST,3,2420,43,A,0,,ART V,211 S 3RD ST
3024200041,11211,213,S 3RD,ST,3,2420,41,B,0,,SECTION 610 OF PHFL,
3024200040,11211,217,S 3RD,ST,3,2420,40,A,0,,GARDEN COMPLEX,
3024330012,11211,218,S 3RD,ST,3,2433,12,A,0,,GARDEN COMPLEX,
3024207504,11211,219,S 3RD,ST,3,2420,7504,A,0,421-A (16),421-A (16),
3024200037,11211,221,S 3RD,ST,3,2420,37,A,0,,,
3024330015,11211,224,S 3RD,ST,3,2433,15,A,0,,,
3024330018,11211,228 TO 230,S 3RD,ST,3,2433,18,A,0,,,
3024200034,11211,229,S 3RD,ST,3,2420,34,A,0,,,
3024330020,11211,232,S 3RD,ST,3,2433,20,A,0,,GARDEN COMPLEX,
3024340008,11211,244,S 3RD,ST,3,2434,8,B,0,,SECTION 610 OF PHFL,
3024210037,11211,245,S 3RD,ST,3,2421,37,A,0,,,
3024210035,11211,247,S 3RD,ST,3,2421,35,B,0,,ARTICLE 11,
3024360006,11211,300,S 3RD,ST,3,2436,6,A,0,,GARDEN COMPLEX,
3024360010,11211,310,S 3RD,ST,3,2436,10,A,0,,,
3024360013,11211,314 TO 318,S 3RD,ST,3,2436,13,A,0,,,
3024370009,11211,334 TO 336,S 3RD,ST,3,2437,9,A,0,,,
3024370011,11211,338 TO 340,S 3RD,ST,3,2437,11,A,0,,,
3024240035,11211,347,S 3RD,ST,3,2424,35,B,0,,ARTICLE 11,
3024240032,11211,353 TO 355,S 3RD,ST,3,2424,32,A,0,,,
3024240031,11211,357 TO 359,S 3RD,ST,3,2424,31,B,0,,GARDEN COMPLEX,
3024380012,11211,376,S 3RD,ST,3,2438,12,A,0,,,
3024250045,11211,377,S 3RD,ST,3,2425,45,A,0,421-A (1-15),421-A (1-15),
3024250044,11211,379,S 3RD,ST,3,2425,44,A,0,,,
3024380014,11211,380,S 3RD,ST,3,2438,14,A,0,,GARDEN COMPLEX,
3024250040,11211,383 TO 385,S 3RD,ST,3,2425,40,A,0,,,
3024420011,11211,70 TO 74,S 4TH,ST,3,2442,11,A,0,421-A (1-15),421-A (1-15),
3024300029,11211,117,S 4TH,ST,3,2430,29,A,0,,,
3024310001,11211,139,S 4TH,ST,3,2431,1,A,0,,,
3024310038,11211,145,S 4TH,ST,3,2431,38,A,0,,,
3024447501,11211,146,S 4TH,ST,3,2444,7501,A,0,421-A (1-15),GARDEN COMPLEX 421-A (1-15),
3024310031,11211,155 TO 159,S 4TH,ST,3,2431,31,A,0,,,
3024320030,11211,185,S 4TH,ST,3,2432,30,A,0,,,
3024320025,11211,201,S 4TH,ST,3,2432,25,A,0,,GARDEN COMPLEX,
3024330032,11211,233,S 4TH,ST,3,2433,32,A,0,,GARDEN COMPLEX,
3024330027,11211,243,S 4TH,ST,3,2433,27,A,0,,,
3024470008,11211,252,S 4TH,ST,3,2447,8,A,0,,,
3024360026,11211,313,S 4TH,ST,3,2436,26,A,0,,,
3024360025,11211,315,S 4TH,ST,3,2436,25,A,0,,,
3024360022,11211,319,S 4TH,ST,3,2436,22,A,0,421-A (16),421-A (16),
3024490014,11211,324,S 4TH,ST,3,2449,14,B,0,,,
3024370037,11211,339,S 4TH,ST,3,2437,37,A,0,,,
3024370035,11211,343,S 4TH,ST,3,2437,35,A,0,,,
3024500014,11211,348,S 4TH,ST,3,2450,14,A,0,,,
3024370026,11211,363,S 4TH,ST,3,2437,26,A,0,,,
3024517501,11211,370 TO 372,S 4TH,ST,3,2451,7501,A,0,421-A (1-15),GARDEN COMPLEX 421-A (1-15),
3024380036,11211,373 TO 375,S 4TH,ST,3,2438,36,B,0,,,
3024510004,11211,376,S 4TH,ST,3,2451,4,A,0,,,
3024510005,11211,378 TO 380,S 4TH,ST,3,2451,5,A,0,,,
3024510007,11211,382,S 4TH,ST,3,2451,7,A,0,,,
3024380030,11211,387,S 4TH,ST,3,2438,30,A,0,,,
3024380027,11211,399,S 4TH,ST,3,2438,27,A,0,,,
3024510016,11211,400,S 4TH,ST,3,2451,16,A,0,,,
3024380026,11211,401,S 4TH,ST,3,2438,26,A,0,,,
3024520003,11211,406,S 4TH,ST,3,2452,3,A,0,,,
3024520006,11211,414,S 4TH,ST,3,2452,6,A,0,,,
3024520007,11211,416,S 4TH,ST,3,2452,7,A,0,,,
3024440011,11211,141,S 5TH,ST,3,2444,11,A,0,,,
3024477501,11211,263 TO 275,S 5TH,ST,3,2447,7501,A,0,421-A (16),421-A (16),
3024607501,11211,282,S 5TH,ST,3,2460,7501,A,0,421-A (1-15),421-A (1-15),
3024500029,11211,371,S 5TH,ST,3,2450,29,A,0,,,
3024517502,11211,381,S 5TH,ST,3,2451,7502,A,0,421-A (1-15),GARDEN COMPLEX 421-A (1-15),374 S 4TH ST
3024510030,11211,385,S 5TH,ST,3,2451,30,A,0,,,
3024640004,11211,396,S 5TH,ST,3,2464,4,A,0,421-A (16),421-A (16),
3024510019,11211,407,S 5TH,ST,3,2451,19,A,0,,,
3024520038,11211,415,S 5TH,ST,3,2452,38,A,0,,,
3024520036,11211,417,S 5TH,ST,3,2452,36,B,0,,,
3024650006,11211,434,S 5TH,ST,3,2465,6,A,0,,,
3024657501,11211,442,S 5TH,ST,3,2465,7501,A,0,,,
3021360012,11211,72,S 8TH,ST,3,2136,12,A,0,,,
3021370008,11211,100,S 8TH,ST,3,2137,8,A,0,,,
3021310034,11211,101 TO 103,S 8TH,ST,3,2131,34,B,0,,00000 GARDEN COMPLEX,
3021310032,11211,105,S 8TH,ST,3,2131,32,B,0,,GARDEN COMPLEX,
3021390007,11211,176 TO 180,S 8TH,ST,3,2139,7,A,0,,GARDEN COMPLEX,
3021390014,11211,190,S 8TH,ST,3,2139,14,A,0,,,
3021360032,11211,73,S 9TH,ST,3,2136,32,A,0,,,
3021470021,11211,142,S 9TH,ST,3,2147,21,A,0,,,
3021380034,11211,159,S 9TH,ST,3,2138,34,A,0,421-A (1-15),GARDEN COMPLEX 421-A (1-15),
3021390034,11211,189,S 9TH,ST,3,2139,34,A,0,,,
3021390032,11211,193 TO 195,S 9TH,ST,3,2139,32,A,0,,,
3027510013,11211,18,SKILLMAN,AVE,3,2751,13,A,0,,,
3027510016,11211,24,SKILLMAN,AVE,3,2751,16,A,0,,,
3027460045,11211,25,SKILLMAN,AVE,3,2746,45,A,0,421-A (1-15),GARDEN COMPLEX 421-A (1-15),216 MEEKER AVE
3027510017,11211,26,SKILLMAN,AVE,3,2751,17,A,0,,,
3027460043,11211,27 TO 29,SKILLMAN,AVE,3,2746,43,A,0,,,
3027520009,11211,60,SKILLMAN,AVE,3,2752,9,A,0,,,
3027470033,11211,73,SKILLMAN,AVE,3,2747,33,A,0,,,
3027480032,11211,111,SKILLMAN,AVE,3,2748,32,A,0,,,
3027480026,11211,123,SKILLMAN,AVE,3,2748,26,A,0,,,347 MANHATTAN AVE
3027540012,11211,138,SKILLMAN,AVE,3,2754,12,A,0,,,
3027540013,11211,140,SKILLMAN,AVE,3,2754,13,A,0,,,
3027497503,11211,143 TO 145,SKILLMAN,AVE,3,2749,7503,A,0,,,
3027540018,11211,150,SKILLMAN,AVE,3,2754,18,A,0,,,
3027550013,11211,172,SKILLMAN,AVE,3,2755,13,A,0,421-A (1-15),421-A (1-15),
3027550016,11211,178,SKILLMAN,AVE,3,2755,16,A,0,421-A (1-15),GARDEN COMPLEX 421-A (1-15),
3027500028,11211,187,SKILLMAN,AVE,3,2750,28,A,0,,,
3028930021,11211,236A,SKILLMAN,AVE,3,2893,21,A,0,421-A (1-15),421-A (1-15),
3028930020,11211,236,SKILLMAN,AVE,3,2893,20,A,0,421-A (1-15),421-A (1-15),
3028930023,11211,238A,SKILLMAN,AVE,3,2893,23,A,0,421-A (1-15),421-A (1-15),
3028930022,11211,238,SKILLMAN,AVE,3,2893,22,A,0,421-A (1-15),421-A (1-15),
3028930024,11211,240A,SKILLMAN,AVE,3,2893,24,A,0,421-A (1-15),421-A (1-15),
3028840031,11211,253,SKILLMAN,AVE,3,2884,31,A,0,421-A (1-15),421-A (1-15),
3028840030,11211,255,SKILLMAN,AVE,3,2884,30,A,0,421-A (1-15),421-A (1-15),
3024520019,11211,213,UNION,AVE,3,2452,19,A,0,,,
3030400001,11211,234 TO 238,UNION,AVE,3,3040,1,A,0,,,
3030400004,11211,244,UNION,AVE,3,3040,4,A,0,,,
3030400005,11211,246,UNION,AVE,3,3040,5,A,0,421-A (1-15),GARDEN COMPLEX 421-A (1-15),
3030310004,11211,268,UNION,AVE,3,3031,4,A,0,,,
3024260001,11211,281,UNION,AVE,3,2426,1,A,0,,GARDEN COMPLEX,
3030220003,11211,290,UNION,AVE,3,3022,3,A,0,421-A (16),421-A (16),
3027910001,11211,306,UNION,AVE,3,2791,1,A,0,,GARDEN COMPLEX,
3024130016,11211,313,UNION,AVE,3,2413,16,A,0,,GARDEN COMPLEX,
3024000013,11211,335,UNION,AVE,3,2400,13,A,0,,GARDEN COMPLEX,
3024000012,11211,337,UNION,AVE,3,2400,12,A,0,,,
3023870019,11211,365,UNION,AVE,3,2387,19,A,0,,GARDEN COMPLEX,
3023870018,11211,367,UNION,AVE,3,2387,18,A,0,,GARDEN COMPLEX,
3027790003,11211,372 TO 374,UNION,AVE,3,2779,3,A,0,,,
3023750016,11211,395,UNION,AVE,3,2375,16,A,0,421-A (1-15),421-A (1-15),385 UNION AVE
3027670005,11211,414,UNION,AVE,3,2767,5,A,0,,ROOMING HOUSE,
3027670007,11211,420,UNION,AVE,3,2767,7,A,0,,,
3027610004,11211,436,UNION,AVE,3,2761,4,A,0,,,
3027610005,11211,438,UNION,AVE,3,2761,5,A,0,421-A (16),GARDEN COMPLEX 421-A (16),
3023150021,11211,505,UNION,AVE,3,2315,21,A,0,421-A (16),GARDEN COMPLEX 421-A (16),
3023150014,11211,525,UNION,AVE,3,2315,14,A,0,,,
3027360001,11211,544,UNION,AVE,3,2736,1,A,0,421-A (1-15),GARDEN COMPLEX 421-A (1-15),
3027310001,11211,568,UNION,AVE,3,2731,1,A,0,421-A (1-15),GARDEN COMPLEX 421-A (1-15),
3027210002,11211,596,UNION,AVE,3,2721,2,A,0,,,
3027210003,11211,598,UNION,AVE,3,2721,3,A,0,,,
3022920019,11211,619,UNION,AVE,3,2292,19,A,0,,,
3021820021,11211,156,WILSON,ST,3,2182,21,A,0,,,
3021820023,11211,160 TO 162,WILSON,ST,3,2182,23,A,0,,,
3021830011,11211,190,WILSON,ST,3,2183,11,A,0,,,
3021830016,11211,198 TO 202,WILSON,ST,3,2183,16,A,0,,,
3023070022,11211,5,WITHERS,ST,3,2307,22,A,0,421-A (16),GARDEN COMPLEX 421-A (16),
3027410012,11211,30,WITHERS,ST,3,2741,12,A,0,,,
3027360047,11211,31,WITHERS,ST,3,2736,47,A,0,,,
3027360042,11211,37,WITHERS,ST,3,2736,42,A,0,,,
3027360041,11211,41,WITHERS,ST,3,2736,41,A,0,,,
3027360032,11211,59,WITHERS,ST,3,2736,32,A,0,,,
3027380038,11211,111,WITHERS,ST,3,2738,38,A,0,,,
3027380036,11211,115,WITHERS,ST,3,2738,36,B,0,,,
3027430020,11211,124,WITHERS,ST,3,2743,20,A,0,421-A (16),421-A (16),
3027430021,11211,126,WITHERS,ST,3,2743,21,A,0,,,
3027390036,11211,151,WITHERS,ST,3,2739,36,A,0,,,
3027390035,11211,153,WITHERS,ST,3,2739,35,A,0,,GARDEN COMPLEX,
3027390032,11211,159,WITHERS,ST,3,2739,32,A,0,,,
3027390031,11211,161,WITHERS,ST,3,2739,31,B,0,,,
3027400031,11211,197,WITHERS,ST,3,2740,31,A,0,,,
3027450020,11211,200,WITHERS,ST,3,2745,20,A,0,421-A (1-15),421-A (1-15),
3028750047,11211,258,WITHERS,ST,3,2875,47,A,0,,,
3028750048,11211,260,WITHERS,ST,3,2875,48,A,0,,,
3028750049,11211,262,WITHERS,ST,3,2875,49,A,0,,,
3028750023,11211,152,WOODPOINT,RD,3,2875,23,A,0,421-A (1-15),421-A (1-15),
3028750025,11211,156,WOODPOINT,RD,3,2875,25,A,0,421-A (1-15),421-A (1-15),
3028750026,11211,160,WOODPOINT,RD,3,2875,26,A,0,421-A (1-15),421-A (1-15),
3028750028,11211,164,WOODPOINT,RD,3,2875,28,A,0,421-A (1-15),421-A (1-15),
3028930010,11211,201,WOODPOINT,RD,3,2893,10,A,0,,,
3028930008,11211,207,WOODPOINT,RD,3,2893,8,A,0,421-A (1-15),421-A (1-15),
3028930007,11211,209,WOODPOINT,RD,3,2893,7,A,0,421-A (1-15),421-A (1-15),
3023090024,11211,138,WYTHE,AVE,3,2309,24,A,0,,,
3023090025,11211,144,WYTHE,AVE,3,2309,25,A,0,,,
3023090026,11211,146,WYTHE,AVE,3,2309,26,A,0,,,
3023250020,11211,172R,WYTHE,AVE,3,2325,20,A,0,,,
3021360010,11211,431,WYTHE,AVE,3,2136,10,A,0,,,
3035180133,11212,69,AMBOY,ST,3,3518,133,A,0,421-A (16),GARDEN COMPLEX 421-A (16),
3035390036,11212,178,AMBOY,ST,3,3539,36,A,0,,,
3035560041,11212,254,AMBOY,ST,3,3556,41,A,0,421-A (16),421-A (16),
3036220014,11212,563,AMBOY,ST,3,3622,14,A,0,,,
3035320001,11212,19,BLAKE,AVE,3,3532,1,A,0,J-51,J-51 ARTICLES 14 & 15,
3037800027,11212,444,BLAKE,AVE,3,3780,27,A,0,,,
3034970051,11212,54,BRISTOL,ST,3,3497,51,B,0,,,
3035200032,11212,85,BRISTOL,ST,3,3520,32,A,0,,,
3035190057,11212,136,BRISTOL,ST,3,3519,57,A,0,,,
3035747501,11212,367,BRISTOL,ST,3,3574,7501,A,0,,,193 LIVONIA AVE
3036000044,11212,456,BRISTOL,ST,3,3600,44,A,0,,,
3036130009,11212,531 TO 541,BRISTOL,ST,3,3613,9,A,0,,,
3036230036,11212,544,BRISTOL,ST,3,3623,36,A,0,,GARDEN COMPLEX,
3035210036,11212,93,CHESTER,ST,3,3521,36,A,0,,,
3035430108,11212,231 TO 235,CHESTER,ST,3,3543,108,A,0,421-A (16),421-A (16),
3035890021,11212,381,CHESTER,ST,3,3589,21,A,0,,GARDEN COMPLEX,
3036027502,11212,437 TO 479,CHESTER,ST,3,3602,7502,A,0,,,
3036140032,11212,497,CHESTER,ST,3,3614,32,B,0,,,
3036130038,11212,510,CHESTER,ST,3,3613,38,B,0,,,
3036130042,11212,518,CHESTER,ST,3,3613,42,A,0,,GARDEN COMPLEX,
3036140026,11212,519,CHESTER,ST,3,3614,26,B,0,,,
3036130047,11212,532,CHESTER,ST,3,3613,47,A,0,,GARDEN COMPLEX,
3036130053,11212,546,CHESTER,ST,3,3613,53,B,0,,,
3036240058,11212,618,CHESTER,ST,3,3624,58,A,0,,GARDEN COMPLEX,
3036920020,11212,40,CHRISTOPHER,AVE,3,3692,20,A,0,,,
3038110128,11212,388,CHRISTOPHER,AVE,3,3811,128,A,0,421-A (16),421-A (16),
3038560006,11212,565,CHRISTOPHER,AVE,3,3856,6,B,0,,,
3047180036,11212,9702 TO 9710,CHURCH,AVE,3,4718,36,A,0,,,505 ROCKAWAY PKWY
3046280036,11212,1035,CLARKSON,AVE,3,4628,36,A,0,,,
3035570002,11212,183,DUMONT,AVE,3,3557,2,A,0,,,
3035570004,11212,189,DUMONT,AVE,3,3557,4,B,0,J-51,J-51,
3035600048,11212,269,DUMONT,AVE,3,3560,48,A,0,,,
3035600047,11212,273,DUMONT,AVE,3,3560,47,B,0,,,
3037770002,11212,405,DUMONT,AVE,3,3777,2,A,0,,,
3046260006,11212,202,E 91ST,ST,3,4626,6,A,0,,,
3046270001,11212,207,E 91ST,ST,3,4627,1,A,0,,,
3046460001,11212,285,E 91ST,ST,3,4646,1,A,0,,,
3045940041,11212,100,E 92ND,ST,3,4594,41,A,0,,,
3046110064,11212,123,E 92ND,ST,3,4611,64,A,0,,,
3046280001,11212,203,E 92ND,ST,3,4628,1,A,0,,GARDEN COMPLEX,1020 WINTHROP ST
3046270031,11212,278,E 92ND,ST,3,4627,31,A,0,,,
3046470001,11212,279,E 92ND,ST,3,4647,1,A,0,,,
3046470034,11212,333,E 92ND,ST,3,4647,34,A,0,,,
3046670046,11212,435,E 92ND,ST,3,4667,46,A,0,,,
3046890038,11212,455,E 92ND,ST,3,4689,38,A,0,,,
3046890031,11212,459,E 92ND,ST,3,4689,31,A,0,,,
3046890025,11212,473,E 92ND,ST,3,4689,25,A,0,,,
3045960049,11212,87 TO 97,E 93RD,ST,3,4596,49,A,0,,,
3046470006,11212,274,E 93RD,ST,3,4647,6,A,0,,,
3046900032,11212,461,E 93RD,ST,3,4690,32,A,0,,,
3046900029,11212,469,E 93RD,ST,3,4690,29,A,0,,,
3046900028,11212,473,E 93RD,ST,3,4690,28,B,0,,ROOMING HOUSE,
3046900019,11212,493,E 93RD,ST,3,4690,19,A,0,,,
3046900018,11212,497,E 93RD,ST,3,4690,18,A,0,,,
3046900016,11212,501,E 93RD,ST,3,4690,16,B,0,,,
3046900012,11212,507,E 93RD,ST,3,4690,12,A,0,,,
3045970070,11212,35,E 94TH,ST,3,4597,70,A,0,,,
3045960039,11212,78,E 94TH,ST,3,4596,39,A,0,,,
3045960040,11212,80,E 94TH,ST,3,4596,40,A,0,,,
3045970053,11212,83 TO 85,E 94TH,ST,3,4597,53,A,0,,,
3045960042,11212,84,E 94TH,ST,3,4596,42,A,0,,,
3045960043,11212,86,E 94TH,ST,3,4596,43,A,0,,,
3046490001,11212,275,E 94TH,ST,3,4649,1,A,0,,,
3046490066,11212,279,E 94TH,ST,3,4649,66,A,0,,GARDEN COMPLEX,
3046490064,11212,287,E 94TH,ST,3,4649,64,B,0,,,
3046490063,11212,289,E 94TH,ST,3,4649,63,A,0,,,
3046490062,11212,293,E 94TH,ST,3,4649,62,A,0,,,
3046490061,11212,295,E 94TH,ST,3,4649,61,A,0,,,
3046490060,11212,299,E 94TH,ST,3,4649,60,A,0,,,
3046490059,11212,303,E 94TH,ST,3,4649,59,A,0,,,
3046490058,11212,305,E 94TH,ST,3,4649,58,A,0,,,
3046490057,11212,309,E 94TH,ST,3,4649,57,A,0,,,
3046490055,11212,313,E 94TH,ST,3,4649,55,A,0,,,
3046490054,11212,315,E 94TH,ST,3,4649,54,A,0,,,
3046680020,11212,376 TO 386,E 94TH,ST,3,4668,20,A,0,,,
3046680029,11212,398 TO 400,E 94TH,ST,3,4668,29,B,0,,,
3046690018,11212,405,E 94TH,ST,3,4669,18,A,0,,,
3046690015,11212,411,E 94TH,ST,3,4669,15,A,0,,,
3046680036,11212,414 TO 422,E 94TH,ST,3,4668,36,A,0,,,
3046910073,11212,447 TO 449,E 94TH,ST,3,4691,73,A,0,J-51,J-51,
3046900049,11212,448,E 94TH,ST,3,4690,49,A,0,,,
3046910069,11212,455,E 94TH,ST,3,4691,69,A,0,,,
3046900053,11212,458,E 94TH,ST,3,4690,53,A,0,,,
3046900054,11212,464,E 94TH,ST,3,4690,54,A,0,,,
3046900056,11212,468,E 94TH,ST,3,4690,56,A,0,,,
3046900061,11212,480,E 94TH,ST,3,4690,61,B,0,,,
3046900063,11212,484,E 94TH,ST,3,4690,63,B,0,,,
3046910054,11212,491,E 94TH,ST,3,4691,54,A,0,,,
3045980058,11212,75,E 95TH,ST,3,4598,58,A,0,,,
3046140068,11212,117,E 95TH,ST,3,4614,68,A,0,421-A (16),421-A (16),
3046300006,11212,178,E 95TH,ST,3,4630,6,A,0,,,
3046300040,11212,250,E 95TH,ST,3,4630,40,A,0,,,
3046490006,11212,270,E 95TH,ST,3,4649,6,A,0,,,
3046920080,11212,441,E 95TH,ST,3,4692,80,B,0,,,
3046910014,11212,446,E 95TH,ST,3,4691,14,B,0,,,
3046910024,11212,472,E 95TH,ST,3,4691,24,A,0,,,
3046910026,11212,476,E 95TH,ST,3,4691,26,A,0,,,
3045980024,11212,22 TO 24,E 96TH,ST,3,4598,24,A,0,,,
3045990048,11212,69 TO 71,E 96TH,ST,3,4599,48,A,0,,,
3045990043,11212,73 TO 83,E 96TH,ST,3,4599,43,A,0,,,
3046150001,11212,87,E 96TH,ST,3,4615,1,A,0,,,
3046150069,11212,99,E 96TH,ST,3,4615,69,A,0,,,
3046150041,11212,159,E 96TH,ST,3,4615,41,A,0,,,
3046320001,11212,171,E 96TH,ST,3,4632,1,A,0,J-51,J-51 SEC 608,
3046310014,11212,184,E 96TH,ST,3,4631,14,A,0,,,
3046310038,11212,250,E 96TH,ST,3,4631,38,A,0,,,
3046930032,11212,425,E 96TH,ST,3,4693,32,A,0,,,
3046930029,11212,443,E 96TH,ST,3,4693,29,A,0,,,
3047160059,11212,536 TO 544,E 96TH,ST,3,4716,59,A,0,,,
3046940059,11212,440,E 98TH,ST,3,4694,59,A,0,,,
3046940061,11212,446,E 98TH,ST,3,4694,61,A,0,,,
3036080006,11212,469,E 98TH,ST,3,3608,6,A,0,,GARDEN COMPLEX,
3046940067,11212,474,E 98TH,ST,3,4694,67,A,0,,,
3036200005,11212,523 TO 553,E 98TH,ST,3,3620,5,A,0,,,
3045970001,11212,1040,E NEW YORK,AVE,3,4597,1,A,0,421-A (16),421-A (16),
3045980001,11212,1070,E NEW YORK,AVE,3,4598,1,A,0,,,
3045980009,11212,1090,E NEW YORK,AVE,3,4598,9,A,0,,,
3013990145,11212,1169,E NEW YORK,AVE,3,1399,145,A,0,J-51,GARDEN COMPLEX J-51,
3014760036,11212,1293,E NEW YORK,AVE,3,1476,36,A,0,,GARDEN COMPLEX,
3014760032,11212,1301 TO 1303,E NEW YORK,AVE,3,1476,32,A,0,,GARDEN COMPLEX,
3014610037,11212,1543,E NEW YORK,AVE,3,1461,37,A,0,421-A (16),GARDEN COMPLEX 421-A (16),
3014610035,11212,1547,E NEW YORK,AVE,3,1461,35,A,0,421-A (16),GARDEN COMPLEX 421-A (16),
3014440029,11212,1723,E NEW YORK,AVE,3,1444,29,A,0,,GARDEN COMPLEX,
3037090115,11212,160,GLENMORE,AVE,3,3709,115,A,0,,GARDEN COMPLEX,
3035510032,11212,174,GRAFTON,ST,3,3551,32,A,0,,GARDEN COMPLEX,
3035510034,11212,180,GRAFTON,ST,3,3551,34,B,0,,,
3035510047,11212,208,GRAFTON,ST,3,3551,47,A,0,,GARDEN COMPLEX,
3035510049,11212,214 TO 218,GRAFTON,ST,3,3551,49,A,0,,GARDEN COMPLEX,47 DUMONT AVE
3035670016,11212,255,GRAFTON,ST,3,3567,16,A,0,421-A (16),GARDEN COMPLEX 421-A (16),
3035670010,11212,269,GRAFTON,ST,3,3567,10,A,0,,,
3036210001,11212,7,HEGEMAN,AVE,3,3621,1,A,0,,,
3036220056,11212,31 TO 47,HEGEMAN,AVE,3,3622,56,A,0,,ARTICLE 11,
3036230001,11212,71 TO 77,HEGEMAN,AVE,3,3623,1,A,0,,,
3036390035,11212,210 TO 212,HEGEMAN,AVE,3,3639,35,B,0,,GARDEN COMPLEX ARTICLE 11,
3034940028,11212,38,HERZL,ST,3,3494,28,A,0,,,
3035390005,11212,195,HERZL,ST,3,3539,5,A,0,421-A (16),421-A (16),
3035980007,11212,441,HERZL,ST,3,3598,7,A,0,,GARDEN COMPLEX,
3036090031,11212,450,HERZL,ST,3,3609,31,A,0,,GARDEN COMPLEX,
3036100023,11212,463,HERZL,ST,3,3610,23,A,0,,GARDEN COMPLEX,
3036090047,11212,490,HERZL,ST,3,3609,47,A,0,,,
3036090001,11212,500,HERZL,ST,3,3609,1,A,0,,,
3036200038,11212,530,HERZL,ST,3,3620,38,A,0,,,
3036210015,11212,537,HERZL,ST,3,3621,15,A,0,,,
3034970065,11212,445,HOPKINSON,AVE,3,3497,65,B,0,,,
3035400034,11212,600,HOPKINSON,AVE,3,3540,34,A,0,,,598600 THOMAS S BOYLAND ST
3035870024,11212,769,HOPKINSON,AVE,3,3587,24,A,0,,GARDEN COMPLEX,
3036000011,11212,859,HOPKINSON,AVE,3,3600,11,A,0,421-A (1-15),421-A (1-15),
3036000009,11212,865,HOPKINSON,AVE,3,3600,9,A,0,,GARDEN COMPLEX,
3036120021,11212,893,HOPKINSON,AVE,3,3612,21,A,0,,GARDEN COMPLEX,
3036110147,11212,906 TO 908,HOPKINSON,AVE,3,3611,147,A,0,,GARDEN COMPLEX,
3036230030,11212,939,HOPKINSON,AVE,3,3623,30,A,0,,,
3035110057,11212,620,HOWARD,AVE,3,3511,57,A,0,,,
3035120019,11212,623,HOWARD,AVE,3,3512,19,A,0,J-51,GARDEN COMPLEX J-51,
3035110058,11212,624,HOWARD,AVE,3,3511,58,A,0,,,
3035110060,11212,630,HOWARD,AVE,3,3511,60,A,0,,,
3035650035,11212,788,HOWARD,AVE,3,3565,35,A,0,,GARDEN COMPLEX,
3035650042,11212,802,HOWARD,AVE,3,3565,42,A,0,421-A (16),421-A (16),
3035650043,11212,806,HOWARD,AVE,3,3565,43,A,0,,,
3035650044,11212,808,HOWARD,AVE,3,3565,44,A,0,,GARDEN COMPLEX,
3035650049,11212,824,HOWARD,AVE,3,3565,49,A,0,,GARDEN COMPLEX,
3036967501,11212,75 TO 107,JUNIUS,ST,3,3696,7501,A,0,,,197 GLENMORE AVE
3037120033,11212,166,JUNIUS,ST,3,3712,33,A,0,,,
3046670001,11212,9201,KINGS,HWY,3,4667,1,A,0,,,
3046680069,11212,9302,KINGS,HWY,3,4668,69,A,0,,,
3046480033,11212,9325 TO 9327,KINGS,HWY,3,4648,33,A,0,,,
3046490024,11212,9407 TO 9427,KINGS,HWY,3,4649,24,A,0,,,
3046500070,11212,9507,KINGS,HWY,3,4650,70,A,0,,,
3046520076,11212,9708,KINGS,HWY,3,4652,76,A,0,421-A (16),421-A (16),
3046520080,11212,9712,KINGS,HWY,3,4652,80,A,0,421-A (16),421-A (16),
3046527501,11212,9720,KINGS,HWY,3,4652,7501,A,0,,,
3035140033,11212,17,LEGION,ST,3,3514,33,A,0,,,
3035820006,11212,341 TO 355,LEGION,ST,3,3582,6,B,0,,,
3035810001,11212,352,LEGION,ST,3,3581,1,A,0,,,
3035950013,11212,397,LEGION,ST,3,3595,13,A,0,,GARDEN COMPLEX,
3046500046,11212,1107 TO 1117,LENOX,RD,3,4650,46,A,0,,,
3046700047,11212,1118,LENOX,RD,3,4670,47,A,0,,GARDEN COMPLEX,
3046510046,11212,1119,LENOX,RD,3,4651,46,A,0,,,
3036920016,11212,90,LIBERTY,AVE,3,3692,16,A,0,,,
3036750025,11212,103 TO 105,LIBERTY,AVE,3,3675,25,A,0,421-A (16),421-A (16),2836 CHRISTOPHER AVE
3035660006,11212,7 TO 21,LIVONIA,AVE,3,3566,6,A,0,,ARTICLE 11,
3036200030,11212,30,LOTT,AVE,3,3620,30,A,0,,GARDEN COMPLEX,
3036100005,11212,51,LOTT,AVE,3,3610,5,A,0,,,
3036210035,11212,54,LOTT,AVE,3,3621,35,A,0,,GARDEN COMPLEX,
3036110007,11212,73,LOTT,AVE,3,3611,7,A,0,,GARDEN COMPLEX,
3036110005,11212,75,LOTT,AVE,3,3611,5,A,0,421-A (16),421-A (16),
3036150001,11212,165 TO 167,LOTT,AVE,3,3615,1,A,0,421-A (1-15),ARTICLE 11,
3036160001,11212,185 TO 197,LOTT,AVE,3,3616,1,A,0,,ARTICLE 11,
3036170040,11212,211,LOTT,AVE,3,3617,40,A,0,,,
3036170036,11212,227,LOTT,AVE,3,3617,36,A,0,,,
3036750007,11212,251,MOTHER GASTON,BLVD,3,3675,7,A,0,,,
3036750005,11212,253,MOTHER GASTON,BLVD,3,3675,5,A,0,421-A (16),421-A (16),
3037940028,11212,603,MOTHER GASTON,BLVD,3,3794,28,A,0,,GARDEN COMPLEX,
3036280001,11212,11 TO 21,NEW LOTS,AVE,3,3628,1,A,0,,SECTION 610 OF PHFL ARTICLE 11,230242 LOTT AVE
3038627501,11212,96,NEW LOTS,AVE,3,3862,7501,A,0,,,
3038570122,11212,115,NEW LOTS,AVE,3,3857,122,A,0,421-A (16),GARDEN COMPLEX 421-A (16),
3035960001,11212,45,NEWPORT,ST,3,3596,1,A,0,,GARDEN COMPLEX,
3036100034,11212,80,NEWPORT,ST,3,3610,34,A,0,,GARDEN COMPLEX,
3036100037,11212,86,NEWPORT,ST,3,3610,37,A,0,,,
3036120035,11212,140 TO 142,NEWPORT,ST,3,3612,35,A,0,,GARDEN COMPLEX,
3036020009,11212,167,NEWPORT,ST,3,3602,9,A,0,,GARDEN COMPLEX,483495 CHESTER ST
3036020006,11212,179,NEWPORT,ST,3,3602,6,A,0,421-A (1-15),421-A (1-15),
3036020004,11212,183,NEWPORT,ST,3,3602,4,A,0,421-A (1-15),421-A (1-15),
3036020002,11212,187,NEWPORT,ST,3,3602,2,A,0,421-A (1-15),421-A (1-15),
3036020001,11212,189,NEWPORT,ST,3,3602,1,A,0,421-A (1-15),421-A (1-15),
3035170031,11212,1574 TO 1576,PITKIN,AVE,3,3517,31,A,0,421-A (16),GARDEN COMPLEX 421-A (16),
3034890260,11212,1747,PITKIN,AVE,3,3489,260,A,0,,GARDEN COMPLEX,
3037090030,11212,1805,PITKIN,AVE,3,3709,30,A,0,,,
3037090232,11212,1821,PITKIN,AVE,3,3709,232,A,0,,,
3037090133,11212,1849,PITKIN,AVE,3,3709,133,A,0,421-A (1-15),421-A (1-15),
3037090131,11212,1853,PITKIN,AVE,3,3709,131,A,0,421-A (1-15),421-A (1-15),
3037630117,11212,281,POWELL,ST,3,3763,117,B,0,,,
3037630006,11212,303,POWELL,ST,3,3763,6,A,0,421-A (16),GARDEN COMPLEX 421-A (16),
3035090015,11212,669 TO 675,RALPH,AVE,3,3509,15,A,0,J-51,J-51 ARTICLES 14 & 15,
3035090012,11212,681,RALPH,AVE,3,3509,12,A,0,J-51,J-51 ARTICLES 14 & 15,
3035310021,11212,725,RALPH,AVE,3,3531,21,A,0,421-A (16),421-A (16),
3045920012,11212,94 TO 106,REMSEN,AVE,3,4592,12,A,0,,,
3046070010,11212,208,REMSEN,AVE,3,4607,10,B,0,421-A (1-15),421-A (1-15),
3046650067,11212,421,REMSEN,AVE,3,4665,67,A,0,,GARDEN COMPLEX,
3046650065,11212,431,REMSEN,AVE,3,4665,65,A,0,,GARDEN COMPLEX,
3035830001,11212,61 TO 71,RIVERDALE,AVE,3,3583,1,A,0,,GARDEN COMPLEX,
3035840004,11212,83 TO 89,RIVERDALE,AVE,3,3584,4,A,0,,,
3035840001,11212,91 TO 95,RIVERDALE,AVE,3,3584,1,A,0,,,
3035980033,11212,116,RIVERDALE,AVE,3,3598,33,A,0,,,
3036030025,11212,230,RIVERDALE,AVE,3,3603,25,A,0,,,
3045990038,11212,70,ROCKAWAY,PKWY,3,4599,38,A,0,,,
3046150006,11212,82 TO 92,ROCKAWAY,PKWY,3,4615,6,A,0,,,
3046150011,11212,94 TO 104,ROCKAWAY,PKWY,3,4615,11,A,0,,,
3046160064,11212,127,ROCKAWAY,PKWY,3,4616,64,A,0,,,
3046160063,11212,129,ROCKAWAY,PKWY,3,4616,63,A,0,,,
3046160062,11212,131,ROCKAWAY,PKWY,3,4616,62,A,0,,GARDEN COMPLEX,
3046160057,11212,143,ROCKAWAY,PKWY,3,4616,57,A,0,,,
3046160053,11212,149,ROCKAWAY,PKWY,3,4616,53,A,0,,,
3046150036,11212,154,ROCKAWAY,PKWY,3,4615,36,A,0,,,
3046160052,11212,155,ROCKAWAY,PKWY,3,4616,52,A,0,,,
3046330001,11212,165,ROCKAWAY,PKWY,3,4633,1,A,0,,,
3046320006,11212,166 TO 176,ROCKAWAY,PKWY,3,4632,6,A,0,,,
3046320011,11212,178,ROCKAWAY,PKWY,3,4632,11,A,0,,,
3046330065,11212,181 TO 195,ROCKAWAY,PKWY,3,4633,65,A,0,,,
3046320018,11212,196,ROCKAWAY,PKWY,3,4632,18,A,0,,,
3046320025,11212,214,ROCKAWAY,PKWY,3,4632,25,A,0,,,
3046520069,11212,275,ROCKAWAY,PKWY,3,4652,69,A,0,,,
3046510036,11212,322,ROCKAWAY,PKWY,3,4651,36,A,0,,,
3046720056,11212,373,ROCKAWAY,PKWY,3,4672,56,B,0,,,
3046720037,11212,405,ROCKAWAY,PKWY,3,4672,37,A,0,,,
3046710030,11212,416,ROCKAWAY,PKWY,3,4671,30,A,0,,,
3046940038,11212,425,ROCKAWAY,PKWY,3,4694,38,A,0,,,
3046930045,11212,426,ROCKAWAY,PKWY,3,4693,45,A,0,,,
3046930056,11212,450,ROCKAWAY,PKWY,3,4693,56,A,0,,,
3046930066,11212,466,ROCKAWAY,PKWY,3,4693,66,A,0,,,
3046930071,11212,488,ROCKAWAY,PKWY,3,4693,71,A,0,,,
3035210071,11212,512,ROCKAWAY,AVE,3,3521,71,A,0,421-A (1-15),421-A (1-15),
3047170046,11212,514 TO 524,ROCKAWAY,PKWY,3,4717,46,A,0,,,
3047180030,11212,525,ROCKAWAY,PKWY,3,4718,30,A,0,,,
3047170057,11212,540,ROCKAWAY,PKWY,3,4717,57,A,0,,,
3035750052,11212,688,ROCKAWAY,AVE,3,3575,52,A,0,,GARDEN COMPLEX,
3035750001,11212,702,ROCKAWAY,AVE,3,3575,1,A,0,,,233239 LIVONIA AVE
3035890038,11212,730,ROCKAWAY,AVE,3,3589,38,B,0,,,
3036027501,11212,774,ROCKAWAY,AVE,3,3602,7501,A,0,,,
3036020043,11212,790,ROCKAWAY,AVE,3,3602,43,B,0,,,
3036250033,11212,890,ROCKAWAY,AVE,3,3625,33,A,0,,,
3036250035,11212,894,ROCKAWAY,AVE,3,3625,35,A,0,,GARDEN COMPLEX,
3036250036,11212,898,ROCKAWAY,AVE,3,3625,36,A,0,,GARDEN COMPLEX,
3036250040,11212,906,ROCKAWAY,AVE,3,3625,40,A,0,,,
3036250041,11212,910,ROCKAWAY,AVE,3,3625,41,A,0,,GARDEN COMPLEX,
3046100001,11212,950,RUTLAND,RD,3,4610,1,A,0,J-51,J-51,
3046110004,11212,972,RUTLAND,RD,3,4611,4,B,0,,,
3046120010,11212,1010,RUTLAND,RD,3,4612,10,A,0,,,
3045970052,11212,1011,RUTLAND,RD,3,4597,52,A,0,,,
3036940009,11212,219,SACKMAN,ST,3,3694,9,A,0,,,
3034930005,11212,477,SARATOGA,AVE,3,3493,5,B,0,,,
3035150025,11212,509 TO 515,SARATOGA,AVE,3,3515,25,A,0,,,
3035370020,11212,603,SARATOGA,AVE,3,3537,20,A,0,421-A (16),421-A (16),
3035830019,11212,807,SARATOGA,AVE,3,3583,19,A,0,,GARDEN COMPLEX,
3035820047,11212,816,SARATOGA,AVE,3,3582,47,A,0,,GARDEN COMPLEX,
3036080027,11212,901 TO 903,SARATOGA,AVE,3,3608,27,A,0,,GARDEN COMPLEX,
3036070008,11212,912,SARATOGA,AVE,3,3607,8,A,0,,,
3036750004,11212,257,STONE,AVE,3,3675,4,A,0,,,257 MOTHER GASTON BLVD
3036920013,11212,279,STONE,AVE,3,3692,13,A,0,,,
3035250030,11212,406 TO 408,STONE,AVE,3,3525,30,B,0,,GARDEN COMPLEX,406408 MOTHER GASTON BLVD
3038680022,11212,891,STONE,AVE,3,3868,22,A,0,,GARDEN COMPLEX,891 MOTHER GASTON BLVD
3038680020,11212,895,STONE,AVE,3,3868,20,A,0,,GARDEN COMPLEX,
3035370030,11212,1968,STRAUSS,ST,3,3537,30,A,0,421-A (16),421-A (16),
3035550007,11212,2057,STRAUSS,ST,3,3555,7,A,0,421-A (16),421-A (16),
3035840029,11212,2139,STRAUSS,ST,3,3584,29,A,0,,421AEND,
3035840009,11212,2187,STRAUSS,ST,3,3584,9,A,0,,GARDEN COMPLEX,
3035960050,11212,2230,STRAUSS,ST,3,3596,50,A,0,,,
3035970009,11212,2245,STRAUSS,ST,3,3597,9,A,0,,GARDEN COMPLEX,
3036090028,11212,2255,STRAUSS,ST,3,3609,28,A,0,,GARDEN COMPLEX,
3036080032,11212,2256,STRAUSS,ST,3,3608,32,A,0,,GARDEN COMPLEX,
3035100076,11212,57,SUTTER,AVE,3,3510,76,A,0,,GARDEN COMPLEX,
3035110001,11212,59,SUTTER,AVE,3,3511,1,A,0,,GARDEN COMPLEX,
3035320025,11212,92,TAPSCOTT,ST,3,3532,25,A,0,,GARDEN COMPLEX,
3035320035,11212,116,TAPSCOTT,ST,3,3532,35,A,0,,GARDEN COMPLEX,
3035320036,11212,120,TAPSCOTT,ST,3,3532,36,A,0,,,
3035320038,11212,124,TAPSCOTT,ST,3,3532,38,A,0,,,
3035330016,11212,135,TAPSCOTT,ST,3,3533,16,A,0,,,
3035320049,11212,150,TAPSCOTT,ST,3,3532,49,A,0,J-51,J-51 ARTICLES 14 & 15,
3035490029,11212,152,TAPSCOTT,ST,3,3549,29,A,0,,,
3035220033,11212,122,THATFORD,AVE,3,3522,33,A,0,,GARDEN COMPLEX,
3035900011,11212,345 TO 365,THATFORD,AVE,3,3590,11,A,0,,GARDEN COMPLEX,
3035180066,11212,556,THOMAS S BOYLAND,ST,3,3518,66,A,0,,GARDEN COMPLEX,
3035730001,11212,743 TO 751,THOMAS S BOYLAND,ST,3,3573,1,A,0,,,362 BRISTOL ST
3036120026,11212,869,THOMAS S BOYLAND,ST,3,3612,26,A,0,,,869 HOPKINSON AVE
3036120011,11212,913,THOMAS S BOYLAND,ST,3,3612,11,A,0,,,
3035090040,11212,2016,UNION,ST,3,3509,40,A,0,,,
3035100024,11212,2019,UNION,ST,3,3510,24,A,0,421-A (16),421-A (16),
3035100019,11212,2031,UNION,ST,3,3510,19,A,0,,GARDEN COMPLEX,
3035310037,11212,2106 TO 2116,UNION,ST,3,3531,37,A,0,J-51,J-51 ARTICLES 14 & 15,
3035250009,11212,127,WATKINS,ST,3,3525,9,A,0,421-A (1-15),421-A (1-15),
3035250008,11212,131,WATKINS,ST,3,3525,8,A,0,421-A (1-15),GARDEN COMPLEX 421-A (1-15),
3035250007,11212,135,WATKINS,ST,3,3525,7,A,0,,,
3035250006,11212,137,WATKINS,ST,3,3525,6,A,0,,,
3035250005,11212,139,WATKINS,ST,3,3525,5,A,0,,,
3035250003,11212,143,WATKINS,ST,3,3525,3,A,0,421-A (1-15),421-A (1-15),
3035900050,11212,420 TO 440,WATKINS,ST,3,3590,50,A,0,,GARDEN COMPLEX,
3036170025,11212,536,WATKINS,ST,3,3617,25,A,0,,,
3036380050,11212,670,WATKINS,ST,3,3638,50,A,0,,GARDEN COMPLEX,
3036390022,11212,671,WATKINS,ST,3,3639,22,A,0,,GARDEN COMPLEX,
3046660037,11212,1003,WILLMOHR,ST,3,4666,37,A,0,,,
3046890042,11212,1030,WILLMOHR,ST,3,4689,42,A,0,,,
3046680050,11212,1039,WILLMOHR,ST,3,4668,50,B,0,,,
3046900042,11212,1050,WILLMOHR,ST,3,4690,42,A,0,,,
3046910001,11212,1064,WILLMOHR,ST,3,4691,1,A,0,,,
3046910003,11212,1068,WILLMOHR,ST,3,4691,3,A,0,,,
3046910005,11212,1074,WILLMOHR,ST,3,4691,5,A,0,,,
3046910007,11212,1078,WILLMOHR,ST,3,4691,7,A,0,,,
3046910009,11212,1084,WILLMOHR,ST,3,4691,9,B,0,,,
3046700011,11212,1087 TO 1089,WILLMOHR,ST,3,4670,11,A,0,,GARDEN COMPLEX,
3046920001,11212,1088,WILLMOHR,ST,3,4692,1,B,0,,,
3046700007,11212,1091,WILLMOHR,ST,3,4670,7,A,0,,,
3046920003,11212,1092,WILLMOHR,ST,3,4692,3,A,0,,,
3046700001,11212,1115,WILLMOHR,ST,3,4670,1,A,0,,,
3046940049,11212,1168,WILLMOHR,ST,3,4694,49,A,0,,,
3046300001,11212,1068,WINTHROP,ST,3,4630,1,A,0,,,
3046310001,11212,1092,WINTHROP,ST,3,4631,1,A,0,,,
3012100039,11213,108,ALBANY,AVE,3,1210,39,A,0,,,
3012100046,11213,126,ALBANY,AVE,3,1210,46,A,0,,ROOMING HOUSE,
3013460008,11213,135,ALBANY,AVE,3,1346,8,A,0,,,
3013460005,11213,141,ALBANY,AVE,3,1346,5,A,0,J-51,J-51,
3013460004,11213,143,ALBANY,AVE,3,1346,4,B,0,,,
3013460003,11213,145,ALBANY,AVE,3,1346,3,A,0,J-51,J-51,
3012230046,11213,162 TO 164,ALBANY,AVE,3,1223,46,A,0,,,
3012300041,11213,178 TO 180,ALBANY,AVE,3,1230,41,A,0,J-51,GARDEN COMPLEX J-51,
3013760014,11213,255,ALBANY,AVE,3,1376,14,B,0,,,
3013760012,11213,259,ALBANY,AVE,3,1376,12,A,0,,GARDEN COMPLEX,
3012510034,11213,264,ALBANY,AVE,3,1251,34,A,0,,GARDEN COMPLEX,
3013760008,11213,269,ALBANY,AVE,3,1376,8,A,0,,,
3013760004,11213,275,ALBANY,AVE,3,1376,4,A,0,,,
3012580042,11213,278 TO 284,ALBANY,AVE,3,1258,42,A,0,,,
3013820004,11213,283 TO 295,ALBANY,AVE,3,1382,4,A,0,,,
3013880004,11213,319,ALBANY,AVE,3,1388,4,B,0,,,
3013000044,11213,424,ALBANY,AVE,3,1300,44,A,0,,,
3012150071,11213,1259,BERGEN,ST,3,1215,71,A,0,,,
3012150070,11213,1261,BERGEN,ST,3,1215,70,A,0,,,
3012230023,11213,1338,BERGEN,ST,3,1223,23,A,0,,GARDEN COMPLEX,
3012230025,11213,1340,BERGEN,ST,3,1223,25,A,0,,GARDEN COMPLEX,
3012230026,11213,1342,BERGEN,ST,3,1223,26,A,0,,GARDEN COMPLEX,
3012230027,11213,1346,BERGEN,ST,3,1223,27,B,0,,,
3012230042,11213,1372,BERGEN,ST,3,1223,42,A,0,,,150152 ALBANY AVE
3013460001,11213,1379 TO 1385,BERGEN,ST,3,1346,1,A,0,421-A (16),GARDEN COMPLEX 421-A (16),
3013540016,11213,1528,BERGEN,ST,3,1354,16,A,0,421-A (16),421-A (16),
3013540023,11213,1540A,BERGEN,ST,3,1354,23,A,0,421-A (1-15),421-A (1-15),
3013540022,11213,1540,BERGEN,ST,3,1354,22,A,0,421-A (1-15),421-A (1-15),
3013480076,11213,1545,BERGEN,ST,3,1348,76,A,0,421-A (16),421-A (16),
3013490001,11213,1599,BERGEN,ST,3,1349,1,A,0,421-A (1-15),GARDEN COMPLEX 421-A (1-15),
3013490078,11213,1603,BERGEN,ST,3,1349,78,A,0,421-A (1-15),421-A (1-15),
3013550022,11213,1612,BERGEN,ST,3,1355,22,A,0,421-A (16),421-A (16),
3013560010,11213,1668,BERGEN,ST,3,1356,10,A,0,421-A (16),GARDEN COMPLEX 421-A (16),
3012220012,11213,119,BROOKLYN,AVE,3,1222,12,A,0,,,
3012280047,11213,166,BROOKLYN,AVE,3,1228,47,A,0,,,
3012570005,11213,259,BROOKLYN,AVE,3,1257,5,A,0,,,
3012640010,11213,269,BROOKLYN,AVE,3,1264,10,A,0,,,
3013630009,11213,161,BUFFALO,AVE,3,1363,9,A,0,,,
3013690008,11213,193,BUFFALO,AVE,3,1369,8,A,0,,,
3013690005,11213,201,BUFFALO,AVE,3,1369,5,B,0,J-51,GARDEN COMPLEX J-51,
3013690003,11213,205,BUFFALO,AVE,3,1369,3,B,0,J-51,GARDEN COMPLEX J-51,
3013750009,11213,213,BUFFALO,AVE,3,1375,9,A,0,,,
3013750008,11213,215,BUFFALO,AVE,3,1375,8,B,0,,,
3013810011,11213,237,BUFFALO,AVE,3,1381,11,A,0,421-A (16),421-A (16),
3013870007,11213,261,BUFFALO,AVE,3,1387,7,A,0,,,
3013860048,11213,268 TO 274,BUFFALO,AVE,3,1386,48,A,0,,,
3013870001,11213,273,BUFFALO,AVE,3,1387,1,A,0,,,
3012920007,11213,1324,CARROLL,ST,3,1292,7,A,0,,,
3012920039,11213,1384 TO 1392,CARROLL,ST,3,1292,39,A,0,,,
3012860051,11213,1429,CARROLL,ST,3,1286,51,A,0,,,
3012860047,11213,1437 TO 1443,CARROLL,ST,3,1286,47,A,0,J-51,J-51,
3012930038,11213,1452 TO 1458,CARROLL,ST,3,1293,38,A,0,J-51,J-51,
3012930042,11213,1460,CARROLL,ST,3,1293,42,A,0,,,
3014120017,11213,1496 TO 1500,CARROLL,ST,3,1412,17,A,0,,,
3014060050,11213,1497,CARROLL,ST,3,1406,50,A,0,,,
3014127501,11213,1510,CARROLL,ST,3,1412,7501,A,0,,,
3014080001,11213,1587,CARROLL,ST,3,1408,1,A,0,,,
3014080050,11213,1639,CARROLL,ST,3,1408,50,A,0,,,
3014090001,11213,1651 TO 1659,CARROLL,ST,3,1409,1,A,0,,,
3014150016,11213,1710,CARROLL,ST,3,1415,16,A,0,,,
3014090044,11213,1717,CARROLL,ST,3,1409,44,A,0,,,
3014150045,11213,1730,CARROLL,ST,3,1415,45,B,0,,GARDEN COMPLEX,
3014150057,11213,1740,CARROLL,ST,3,1415,57,A,0,,,
3013000021,11213,520 TO 532,CROWN,ST,3,1300,21,A,0,,,
3013000037,11213,556,CROWN,ST,3,1300,37,A,0,,,
3014120001,11213,565,CROWN,ST,3,1412,1,A,0,J-51,J-51,
3014127502,11213,601,CROWN,ST,3,1412,7502,A,0,,,
3014120057,11213,615,CROWN,ST,3,1412,57,A,0,,,
3014120050,11213,617 TO 627,CROWN,ST,3,1412,50,A,0,,,
3014130001,11213,641 TO 649,CROWN,ST,3,1413,1,A,0,,,
3014180007,11213,642 TO 650,CROWN,ST,3,1418,7,A,0,,,
3014190006,11213,712,CROWN,ST,3,1419,6,A,0,,,
3014190039,11213,776,CROWN,ST,3,1419,39,A,0,,,
3014150075,11213,825,CROWN,ST,3,1415,75,A,0,,,
3014200020,11213,826,CROWN,ST,3,1420,20,A,0,,,
3014200024,11213,836,CROWN,ST,3,1420,24,A,0,,,
3012100001,11213,1421,DEAN,ST,3,1210,1,B,0,,,
3012100049,11213,1479,DEAN,ST,3,1210,49,A,0,,,
3012100047,11213,1483,DEAN,ST,3,1210,47,A,0,,ROOMING HOUSE,
3013460009,11213,1494,DEAN,ST,3,1346,9,B,0,,,
3013407504,11213,1537,DEAN,ST,3,1340,7504,A,0,421-A (16),421-A (16),
3013407506,11213,1539,DEAN,ST,3,1340,7506,A,0,421-A (16),421-A (16),
3013407505,11213,1541,DEAN,ST,3,1340,7505,A,0,421-A (16),421-A (16),
3013400246,11213,1559,DEAN,ST,3,1340,246,A,0,421-A (1-15),421-A (1-15),
3013400146,11213,1563,DEAN,ST,3,1340,146,A,0,421-A (1-15),421-A (1-15),
3013480015,11213,1672,DEAN,ST,3,1348,15,A,0,421-A (16),421-A (16),
3013420066,11213,1705,DEAN,ST,3,1342,66,A,0,,GARDEN COMPLEX,
3013420065,11213,1707,DEAN,ST,3,1342,65,A,0,421-A (16),GARDEN COMPLEX 421-A (16),
3013420061,11213,1715,DEAN,ST,3,1342,61,A,0,421-A (1-15),ROOMING HOUSE 421-A (1-15),
3013420060,11213,1717,DEAN,ST,3,1342,60,A,0,421-A (1-15),421-A (1-15),
3013420059,11213,1719,DEAN,ST,3,1342,59,A,0,421-A (1-15),421-A (1-15),
3012630001,11213,619,EASTERN,PKWY,3,1263,1,A,0,,,
3012630068,11213,629,EASTERN,PKWY,3,1263,68,A,0,,GARDEN COMPLEX,
3012630066,11213,631,EASTERN,PKWY,3,1263,66,A,0,,GARDEN COMPLEX,
3012630058,11213,639,EASTERN,PKWY,3,1263,58,B,0,,,
3012700032,11213,686,EASTERN,PKWY,3,1270,32,A,0,,,
3012710005,11213,706 TO 718,EASTERN,PKWY,3,1271,5,A,0,,,
3012640070,11213,719,EASTERN,PKWY,3,1264,70,A,0,,,
3012640052,11213,755,EASTERN,PKWY,3,1264,52,A,0,,2522.6,
3012640023,11213,759 TO 765,EASTERN,PKWY,3,1264,23,A,0,,,
3012640044,11213,777,EASTERN,PKWY,3,1264,44,A,0,,,
3012640040,11213,781,EASTERN,PKWY,3,1264,40,A,0,,GARDEN COMPLEX,
3012720015,11213,810,EASTERN,PKWY,3,1272,15,A,0,,GARDEN COMPLEX,
3012720029,11213,848,EASTERN,PKWY,3,1272,29,A,0,,,
3012650046,11213,869 TO 871,EASTERN,PKWY,3,1265,46,B,0,,,
3013940017,11213,900,EASTERN,PKWY,3,1394,17,A,0,,,
3013940020,11213,906,EASTERN,PKWY,3,1394,20,A,0,,,
3013880053,11213,919 TO 929,EASTERN,PKWY,3,1388,53,A,0,,,
3013940031,11213,932,EASTERN,PKWY,3,1394,31,A,0,,,
3013880048,11213,933 TO 935,EASTERN,PKWY,3,1388,48,A,0,,,
3013940033,11213,938,EASTERN,PKWY,3,1394,33,A,0,,,
3013940035,11213,942,EASTERN,PKWY,3,1394,35,A,0,,,
3013940039,11213,954,EASTERN,PKWY,3,1394,39,A,0,,,
3013950006,11213,958,EASTERN,PKWY,3,1395,6,A,0,,,
3013890072,11213,961 TO 983,EASTERN,PKWY,3,1389,72,A,0,,,
3013950007,11213,964,EASTERN,PKWY,3,1395,7,A,0,,,
3013950009,11213,970,EASTERN,PKWY,3,1395,9,A,0,,GARDEN COMPLEX,
3013950013,11213,972 TO 980,EASTERN,PKWY,3,1395,13,A,0,,,
3013950017,11213,982 TO 988,EASTERN,PKWY,3,1395,17,A,0,,,
3013890065,11213,995,EASTERN,PKWY,3,1389,65,A,0,,,
3013950026,11213,1010,EASTERN,PKWY,3,1395,26,A,0,,,
3013950028,11213,1014,EASTERN,PKWY,3,1395,28,A,0,,,
3013950041,11213,1040,EASTERN,PKWY,3,1395,41,A,0,,,
3013900001,11213,1045,EASTERN,PKWY,3,1390,1,A,0,,,
3013900077,11213,1051,EASTERN,PKWY,3,1390,77,A,0,,,
3013960013,11213,1054,EASTERN,PKWY,3,1396,13,A,0,,,
3013900073,11213,1063,EASTERN,PKWY,3,1390,73,A,0,,,
3013900065,11213,1081 TO 1083,EASTERN,PKWY,3,1390,65,A,0,,,
3013960023,11213,1082,EASTERN,PKWY,3,1396,23,A,0,,,
3013900062,11213,1085,EASTERN,PKWY,3,1390,62,A,0,,,
3013900060,11213,1089,EASTERN,PKWY,3,1390,60,A,0,,,
3013960026,11213,1090,EASTERN,PKWY,3,1396,26,A,0,,,
3013960030,11213,1098,EASTERN,PKWY,3,1396,30,A,0,,,
3013960032,11213,1102,EASTERN,PKWY,3,1396,32,A,0,,,
3013910061,11213,1159,EASTERN,PKWY,3,1391,61,A,0,,,
3013970029,11213,1172,EASTERN,PKWY,3,1397,29,A,0,J-51,J-51,
3013970032,11213,1178,EASTERN,PKWY,3,1397,32,A,0,,,
3013910053,11213,1181,EASTERN,PKWY,3,1391,53,B,0,,,
3013910051,11213,1187,EASTERN,PKWY,3,1391,51,A,0,,,
3013910049,11213,1193,EASTERN,PKWY,3,1391,49,A,0,,,
3013970035,11213,1196,EASTERN,PKWY,3,1397,35,A,0,,,
3013910047,11213,1199,EASTERN,PKWY,3,1391,47,A,0,,,
3013910045,11213,1205,EASTERN,PKWY,3,1391,45,A,0,,,
3013920023,11213,1245,EASTERN,PKWY,3,1392,23,A,0,,,
3013920044,11213,1281,EASTERN,PKWY,3,1392,44,A,0,,,
3013120001,11213,597,EMPIRE,BLVD,3,1312,1,A,0,,,
3013120055,11213,649,EMPIRE,BLVD,3,1312,55,A,0,,,
3013260035,11213,660,EMPIRE,BLVD,3,1326,35,A,0,J-51,J-51 ARTICLES 14 & 15,
3013260041,11213,672,EMPIRE,BLVD,3,1326,41,A,0,,,
3014260007,11213,674,EMPIRE,BLVD,3,1426,7,A,0,,,
3014260023,11213,698,EMPIRE,BLVD,3,1426,23,A,0,421-A (16),GARDEN COMPLEX 421-A (16),
3014220064,11213,701,EMPIRE,BLVD,3,1422,64,A,0,,GARDEN COMPLEX,
3014220061,11213,709,EMPIRE,BLVD,3,1422,61,A,0,421-A (16),GARDEN COMPLEX 421-A (16),
3014260040,11213,740,EMPIRE,BLVD,3,1426,40,A,0,,,
3014220042,11213,743,EMPIRE,BLVD,3,1422,42,A,0,,,
3014230001,11213,757,EMPIRE,BLVD,3,1423,1,A,0,,,
3014270007,11213,770 TO 798,EMPIRE,BLVD,3,1427,7,A,0,,,
3014270020,11213,800 TO 824,EMPIRE,BLVD,3,1427,20,A,0,421-A (16),421-A (16),
3014240063,11213,853,EMPIRE,BLVD,3,1424,63,A,0,J-51,J-51 ARTICLES 14 & 15,
3014240057,11213,877 TO 889,EMPIRE,BLVD,3,1424,57,A,0,,,
3014150031,11213,12 TO 14,FORD,ST,3,1415,31,A,0,421-A (1-15),421-A (1-15),
3014150035,11213,22 TO 24,FORD,ST,3,1415,35,A,0,421-A (1-15),421-A (1-15),
3016997501,11213,1560,FULTON,ST,3,1699,7501,A,0,,,
3016990027,11213,1600,FULTON,ST,3,1699,27,A,0,,,
3016997504,11213,1620,FULTON,ST,3,1699,7504,A,0,,GARDEN COMPLEX SECTION 610 OF PHFL,
3012510057,11213,29,HAMPTON,PL,3,1251,57,A,0,,,
3018710010,11213,366,HERKIMER,ST,3,1871,10,A,0,J-51,J-51,
3018710018,11213,400,HERKIMER,ST,3,1871,18,B,0,,,
3018710030,11213,412,HERKIMER,ST,3,1871,30,A,0,421-A (1-15),421-A (1-15),
3018640044,11213,437,HERKIMER,ST,3,1864,44,A,0,421-A (16),GARDEN COMPLEX 421-A (16),44 ALBANY AVE
3016990071,11213,475,HERKIMER,ST,3,1699,71,A,0,421-A (16),421-A (16),
3016997503,11213,491,HERKIMER,ST,3,1699,7503,A,0,,,
3017050039,11213,514,HERKIMER,ST,3,1705,39,A,0,421-A (16),421-A (16),
3017050041,11213,516,HERKIMER,ST,3,1705,41,A,0,421-A (1-15),421-A (1-15),
3016990049,11213,521,HERKIMER,ST,3,1699,49,A,0,421-A (1-15),421-A (1-15),
3016990046,11213,527,HERKIMER,ST,3,1699,46,A,0,421-A (16),421-A (16),
3017000062,11213,575,HERKIMER,ST,3,1700,62,A,0,,,
3018640073,11213,11,KINGSTON,AVE,3,1864,73,A,0,,GARDEN COMPLEX,
3018630044,11213,12,KINGSTON,AVE,3,1863,44,A,0,,GARDEN COMPLEX,
3018710006,11213,35,KINGSTON,AVE,3,1871,6,A,0,421-A (16),421-A (16),
3018710005,11213,37,KINGSTON,AVE,3,1871,5,A,0,,GARDEN COMPLEX,
3018710003,11213,39,KINGSTON,AVE,3,1871,3,A,0,,GARDEN COMPLEX,
3018710002,11213,41,KINGSTON,AVE,3,1871,2,A,0,,,
3018710105,11213,45,KINGSTON,AVE,3,1871,105,A,0,,,
3018710104,11213,47,KINGSTON,AVE,3,1871,104,A,0,,,
3012040001,11213,69,KINGSTON,AVE,3,1204,1,A,0,,GARDEN COMPLEX,
3012090043,11213,82,KINGSTON,AVE,3,1209,43,A,0,,GARDEN COMPLEX,
3012100009,11213,83,KINGSTON,AVE,3,1210,9,A,0,,,
3012100004,11213,95,KINGSTON,AVE,3,1210,4,A,0,,,
3012100003,11213,97,KINGSTON,AVE,3,1210,3,A,0,,GARDEN COMPLEX,
3012160003,11213,109,KINGSTON,AVE,3,1216,3,A,0,,,
3012220041,11213,122,KINGSTON,AVE,3,1222,41,A,0,,,
3012220042,11213,124,KINGSTON,AVE,3,1222,42,A,0,,ROOMING HOUSE,
3012370005,11213,195,KINGSTON,AVE,3,1237,5,A,0,,,
3012370003,11213,199,KINGSTON,AVE,3,1237,3,A,0,,,
3012430039,11213,214,KINGSTON,AVE,3,1243,39,A,0,,,
3012630009,11213,876,LINCOLN,PL,3,1263,9,A,0,,,
3012570046,11213,1001,LINCOLN,PL,3,1257,46,A,0,,,
3012570043,11213,1005,LINCOLN,PL,3,1257,43,A,0,,,
3012570041,11213,1009,LINCOLN,PL,3,1257,41,A,0,,,
3013880027,11213,1170,LINCOLN,PL,3,1388,27,A,0,,,
3013880032,11213,1188,LINCOLN,PL,3,1388,32,A,0,,,
3013890012,11213,1212,LINCOLN,PL,3,1389,12,B,0,,GARDEN COMPLEX,
3013890016,11213,1226,LINCOLN,PL,3,1389,16,A,0,,,
3013830064,11213,1231,LINCOLN,PL,3,1383,64,A,0,,,
3013890020,11213,1234,LINCOLN,PL,3,1389,20,A,0,,,
3013830057,11213,1251,LINCOLN,PL,3,1383,57,A,0,,,
3013830056,11213,1253,LINCOLN,PL,3,1383,56,A,0,J-51,J-51,
3013830053,11213,1263,LINCOLN,PL,3,1383,53,B,0,,GARDEN COMPLEX,
3013830052,11213,1267,LINCOLN,PL,3,1383,52,B,0,,,
3013830051,11213,1271,LINCOLN,PL,3,1383,51,A,0,,,
3013830050,11213,1273,LINCOLN,PL,3,1383,50,A,0,,,
3013840001,11213,1299,LINCOLN,PL,3,1384,1,A,0,,,
3013840078,11213,1301,LINCOLN,PL,3,1384,78,B,0,,,
3013840077,11213,1305,LINCOLN,PL,3,1384,77,A,0,,,
3013840076,11213,1309,LINCOLN,PL,3,1384,76,A,0,,,
3013840074,11213,1311,LINCOLN,PL,3,1384,74,A,0,,,
3013840052,11213,1339,LINCOLN,PL,3,1384,52,A,0,J-51,J-51 SEC 608,
3013910017,11213,1398,LINCOLN,PL,3,1391,17,A,0,,,
3013850069,11213,1411,LINCOLN,PL,3,1385,69,A,0,421-A (1-15),421-A (1-15),
3013920013,11213,1474 TO 1476,LINCOLN,PL,3,1392,13,A,0,,,
3013860073,11213,1479,LINCOLN,PL,3,1386,73,A,0,,,
3013920016,11213,1482,LINCOLN,PL,3,1392,16,A,0,,,
3013860070,11213,1483,LINCOLN,PL,3,1386,70,A,0,,,
3013860068,11213,1491,LINCOLN,PL,3,1386,68,A,0,,,
3013860054,11213,1519 TO 1525,LINCOLN,PL,3,1386,54,A,0,,,
3013000001,11213,679,MONTGOMERY,ST,3,1300,1,A,0,,,
3013120042,11213,742,MONTGOMERY,ST,3,1312,42,A,0,,,
3014220005,11213,760,MONTGOMERY,ST,3,1422,5,A,0,,,
3014220036,11213,836,MONTGOMERY,ST,3,1422,36,A,0,,,
3014230007,11213,840,MONTGOMERY,ST,3,1423,7,B,0,,GARDEN COMPLEX,
3014230024,11213,888,MONTGOMERY,ST,3,1423,24,A,0,,,
3014180049,11213,899,MONTGOMERY,ST,3,1418,49,A,0,,,
3014190001,11213,921,MONTGOMERY,ST,3,1419,1,A,0,,,
3014190062,11213,947,MONTGOMERY,ST,3,1419,62,A,0,,,
3014240033,11213,990,MONTGOMERY,ST,3,1424,33,A,0,,,
3014240038,11213,1000,MONTGOMERY,ST,3,1424,38,A,0,,,414416 UTICA AVE
3014250006,11213,1004 TO 1020,MONTGOMERY,ST,3,1425,6,A,0,,,
3014250013,11213,1024,MONTGOMERY,ST,3,1425,13,A,0,,,
3014200061,11213,1049,MONTGOMERY,ST,3,1420,61,A,0,,,
3012707503,11213,309,NEW YORK,AVE,3,1270,7503,A,0,,,
3012770007,11213,315,NEW YORK,AVE,3,1277,7,A,0,,,
3012760038,11213,320,NEW YORK,AVE,3,1276,38,A,0,,,
3012760040,11213,322,NEW YORK,AVE,3,1276,40,A,0,,,
3012760041,11213,324,NEW YORK,AVE,3,1276,41,A,0,,,
3012910008,11213,363,NEW YORK,AVE,3,1291,8,A,0,,,
3012100010,11213,1462,PACIFIC,ST,3,1210,10,A,0,,,
3012100015,11213,1480,PACIFIC,ST,3,1210,15,A,0,421-A (1-15),GARDEN COMPLEX 421-A (1-15),
3012100130,11213,1508,PACIFIC,ST,3,1210,130,A,0,421-A (1-15),421-A (1-15),
3012100131,11213,1510,PACIFIC,ST,3,1210,131,A,0,421-A (16),421-A (16),
3012100038,11213,1526,PACIFIC,ST,3,1210,38,A,0,,,
3012040058,11213,1545,PACIFIC,ST,3,1204,58,A,0,,GARDEN COMPLEX,
3012040050,11213,1561,PACIFIC,ST,3,1204,50,A,0,421-A (1-15),421-A (1-15),
3013400023,11213,1564,PACIFIC,ST,3,1340,23,A,0,,,
3013400025,11213,1568,PACIFIC,ST,3,1340,25,A,0,,,
3013400039,11213,1598,PACIFIC,ST,3,1340,39,A,0,,,
3013400040,11213,1600,PACIFIC,ST,3,1340,40,B,0,,,
3013400041,11213,1602,PACIFIC,ST,3,1340,41,A,0,,,7888 TROY AVE
3013340047,11213,1627,PACIFIC,ST,3,1334,47,A,0,,,
3013340046,11213,1629,PACIFIC,ST,3,1334,46,A,0,,,
3013340045,11213,1631,PACIFIC,ST,3,1334,45,A,0,,,
3013420012,11213,1690,PACIFIC,ST,3,1342,12,A,0,421-A (16),421-A (16),
3013420013,11213,1692,PACIFIC,ST,3,1342,13,A,0,421-A (16),421-A (16),
3013420039,11213,1736,PACIFIC,ST,3,1342,39,A,0,,GARDEN COMPLEX,
3013420040,11213,1738A,PACIFIC,ST,3,1342,40,A,0,,GARDEN COMPLEX,
3013420041,11213,1740,PACIFIC,ST,3,1342,41,A,0,,GARDEN COMPLEX,
3012350001,11213,919,PARK,PL,3,1235,1,A,0,,,
3012350073,11213,937,PARK,PL,3,1235,73,A,0,,,
3012350071,11213,941,PARK,PL,3,1235,71,A,0,,,
3012350070,11213,945,PARK,PL,3,1235,70,A,0,,,
3012350067,11213,949,PARK,PL,3,1235,67,A,0,,,
3012350061,11213,959,PARK,PL,3,1235,61,A,0,,,
3012350050,11213,981 TO 985,PARK,PL,3,1235,50,A,0,,,
3012430012,11213,1000,PARK,PL,3,1243,12,A,0,,GARDEN COMPLEX,
3012430112,11213,1002,PARK,PL,3,1243,112,A,0,,,
3012430013,11213,1014,PARK,PL,3,1243,13,A,0,,GARDEN COMPLEX,
3012430014,11213,1018,PARK,PL,3,1243,14,A,0,,,
3012430016,11213,1020,PARK,PL,3,1243,16,A,0,J-51,J-51,
3012430017,11213,1030,PARK,PL,3,1243,17,A,0,,,
3012430021,11213,1040,PARK,PL,3,1243,21,A,0,,,
3012430026,11213,1050,PARK,PL,3,1243,26,A,0,,,
3012430027,11213,1054,PARK,PL,3,1243,27,B,0,,,
3012430032,11213,1066,PARK,PL,3,1243,32,A,0,J-51,J-51,
3012370001,11213,1081,PARK,PL,3,1237,1,A,0,,,
3012440043,11213,1114,PARK,PL,3,1244,43,A,0,,,
3012440044,11213,1132,PARK,PL,3,1244,44,A,0,,GARDEN COMPLEX,
3012370056,11213,1147 TO 1155,PARK,PL,3,1237,56,A,0,,,
3013650085,11213,1255,PARK,PL,3,1365,85,A,0,,,
3013720020,11213,1350,PARK,PL,3,1372,20,B,0,,,
3013720042,11213,1402,PARK,PL,3,1372,42,A,0,,,
3013670079,11213,1431,PARK,PL,3,1367,79,A,0,,,
3013670077,11213,1433,PARK,PL,3,1367,77,A,0,,,
3013730025,11213,1444 TO 1454,PARK,PL,3,1373,25,A,0,,,
3013740011,11213,1490 TO 1492,PARK,PL,3,1374,11,A,0,,GARDEN COMPLEX,
3013680001,11213,1493,PARK,PL,3,1368,1,B,0,,,
3013740015,11213,1504,PARK,PL,3,1374,15,A,0,,,
3013740021,11213,1512,PARK,PL,3,1374,21,A,0,,,
3013680074,11213,1515,PARK,PL,3,1368,74,A,0,421-A (16),421-A (16),
3013740027,11213,1526,PARK,PL,3,1374,27,A,0,421-A (16),421-A (16),
3013740031,11213,1538,PARK,PL,3,1374,31,A,0,,,
3013680063,11213,1539,PARK,PL,3,1368,63,A,0,,,
3013740032,11213,1540,PARK,PL,3,1374,32,A,0,421-A (16),421-A (16),
3013680061,11213,1543,PARK,PL,3,1368,61,A,0,,,
3013740033,11213,1544 TO 1550,PARK,PL,3,1374,33,A,0,,,
3012790045,11213,1469,PRESIDENT,ST,3,1279,45,A,0,,,
3012790043,11213,1475,PRESIDENT,ST,3,1279,43,A,0,J-51,J-51,
3014060037,11213,1544,PRESIDENT,ST,3,1406,37,A,0,,,
3014070009,11213,1552 TO 1556,PRESIDENT,ST,3,1407,9,A,0,J-51,J-51,
3014010069,11213,1575,PRESIDENT,ST,3,1401,69,A,0,J-51,J-51,
3014070022,11213,1580,PRESIDENT,ST,3,1407,22,A,0,J-51,J-51,
3014010066,11213,1581,PRESIDENT,ST,3,1401,66,A,0,J-51,J-51,
3014070026,11213,1588,PRESIDENT,ST,3,1407,26,A,0,J-51,J-51,
3014010063,11213,1589,PRESIDENT,ST,3,1401,63,A,0,,,
3014070041,11213,1616 TO 1620,PRESIDENT,ST,3,1407,41,A,0,,,
3014010047,11213,1617,PRESIDENT,ST,3,1401,47,A,0,,,
3014080007,11213,1622,PRESIDENT,ST,3,1408,7,A,0,,,
3014020001,11213,1625,PRESIDENT,ST,3,1402,1,A,0,,,
3014020049,11213,1677,PRESIDENT,ST,3,1402,49,A,0,,,
3014020047,11213,1681,PRESIDENT,ST,3,1402,47,A,0,J-51,J-51,
3014020044,11213,1685,PRESIDENT,ST,3,1402,44,A,0,,,
3014090006,11213,1690,PRESIDENT,ST,3,1409,6,A,0,,,
3014090022,11213,1718,PRESIDENT,ST,3,1409,22,A,0,421-A (16),421-A (16),
3014030055,11213,1745,PRESIDENT,ST,3,1403,55,B,0,,,
3014090037,11213,1746,PRESIDENT,ST,3,1409,37,A,0,,,
3012350019,11213,910,PROSPECT,PL,3,1235,19,A,0,,,
3012350020,11213,914,PROSPECT,PL,3,1235,20,A,0,,,
3012350021,11213,916,PROSPECT,PL,3,1235,21,A,0,,,
3012350023,11213,920,PROSPECT,PL,3,1235,23,A,0,J-51,J-51,
3012350024,11213,922,PROSPECT,PL,3,1235,24,A,0,,,
3012280060,11213,925,PROSPECT,PL,3,1228,60,A,0,,,
3012350027,11213,930,PROSPECT,PL,3,1235,27,A,0,,,
3012350031,11213,940,PROSPECT,PL,3,1235,31,A,0,,,
3012280051,11213,951,PROSPECT,PL,3,1228,51,A,0,J-51,J-51,
3012300048,11213,1119,PROSPECT,PL,3,1230,48,A,0,,,
3013650039,11213,1280,PROSPECT,PL,3,1365,39,A,0,421-A (1-15),GARDEN COMPLEX 421-A (1-15),
3013670020,11213,1410 TO 1412,PROSPECT,PL,3,1367,20,A,0,,,
3013610076,11213,1417,PROSPECT,PL,3,1361,76,A,0,J-51,J-51,
3013680026,11213,1502,PROSPECT,PL,3,1368,26,A,0,421-A (1-15),421-A (1-15),
3013680027,11213,1504,PROSPECT,PL,3,1368,27,B,0,,,
3013680028,11213,1506,PROSPECT,PL,3,1368,28,B,0,,,
3013680030,11213,1510,PROSPECT,PL,3,1368,30,A,0,421-A (1-15),GARDEN COMPLEX 421-A (1-15),
3013680031,11213,1512,PROSPECT,PL,3,1368,31,A,0,421-A (1-15),421-A (1-15),
3013680032,11213,1514,PROSPECT,PL,3,1368,32,A,0,421-A (1-15),GARDEN COMPLEX 421-A (1-15),
3013680033,11213,1516,PROSPECT,PL,3,1368,33,A,0,421-A (1-15),GARDEN COMPLEX 421-A (1-15),
3013680035,11213,1520,PROSPECT,PL,3,1368,35,A,0,421-A (16),GARDEN COMPLEX 421-A (16),
3013680040,11213,1534,PROSPECT,PL,3,1368,40,B,0,,ROOMING HOUSE ARTICLE 11,
3013680006,11213,183,ROCHESTER,AVE,3,1368,6,A,0,,,
3013680003,11213,187,ROCHESTER,AVE,3,1368,3,A,0,,,
3013800010,11213,221,ROCHESTER,AVE,3,1380,10,A,0,,,
3013800008,11213,225,ROCHESTER,AVE,3,1380,8,A,0,,,
3013800007,11213,229,ROCHESTER,AVE,3,1380,7,A,0,,,
3013910039,11213,270,ROCHESTER,AVE,3,1391,39,A,0,,,
3014030048,11213,318,ROCHESTER,AVE,3,1403,48,A,0,,,
3012560011,11213,950,SAINT JOHNS,PL,3,1256,11,A,0,421-A (1-15),421-A (1-15),
3012500060,11213,1025,SAINT JOHNS,PL,3,1250,60,A,0,,,
3012500053,11213,1045,SAINT JOHNS,PL,3,1250,53,A,0,,,
3012500040,11213,1055 TO 1093,SAINT JOHNS,PL,3,1250,40,A,0,,,
3012580016,11213,1116 TO 1120,SAINT JOHNS,PL,3,1258,16,A,0,,,
3012510051,11213,1133,SAINT JOHNS,PL,3,1251,51,A,0,,,
3012580024,11213,1134,SAINT JOHNS,PL,3,1258,24,A,0,,,
3012580026,11213,1140,SAINT JOHNS,PL,3,1258,26,A,0,,,
3012580029,11213,1144,SAINT JOHNS,PL,3,1258,29,A,0,,ROOMING HOUSE,
3012580031,11213,1148,SAINT JOHNS,PL,3,1258,31,A,0,,,
3012510047,11213,1149,SAINT JOHNS,PL,3,1251,47,A,0,,GARDEN COMPLEX,
3012580032,11213,1152,SAINT JOHNS,PL,3,1258,32,A,0,421-A (1-15),421-A (1-15),
3012510046,11213,1153,SAINT JOHNS,PL,3,1251,46,A,0,,,
3012510042,11213,1163,SAINT JOHNS,PL,3,1251,42,A,0,,,
3012510041,11213,1165,SAINT JOHNS,PL,3,1251,41,A,0,,,
3012580038,11213,1170,SAINT JOHNS,PL,3,1258,38,A,0,,,
3012580040,11213,1174,SAINT JOHNS,PL,3,1258,40,A,0,,,
3013820023,11213,1216,SAINT JOHNS,PL,3,1382,23,A,0,,,
3013820025,11213,1222,SAINT JOHNS,PL,3,1382,25,A,0,,,
3013820028,11213,1228,SAINT JOHNS,PL,3,1382,28,A,0,,,
3013760061,11213,1239,SAINT JOHNS,PL,3,1376,61,A,0,,,
3013760059,11213,1245,SAINT JOHNS,PL,3,1376,59,A,0,,,
3013760054,11213,1259,SAINT JOHNS,PL,3,1376,54,B,0,J-51,J-51,
3013770056,11213,1275,SAINT JOHNS,PL,3,1377,56,B,0,,,
3013770048,11213,1303,SAINT JOHNS,PL,3,1377,48,A,0,,,
3013830025,11213,1306,SAINT JOHNS,PL,3,1383,25,A,0,,GARDEN COMPLEX,
3013770047,11213,1307,SAINT JOHNS,PL,3,1377,47,A,0,,,
3013830027,11213,1310,SAINT JOHNS,PL,3,1383,27,A,0,,GARDEN COMPLEX,
3013770046,11213,1311,SAINT JOHNS,PL,3,1377,46,A,0,,,
3013830029,11213,1312,SAINT JOHNS,PL,3,1383,29,A,0,,,
3013770045,11213,1315,SAINT JOHNS,PL,3,1377,45,A,0,,,
3013830031,11213,1320,SAINT JOHNS,PL,3,1383,31,B,0,,GARDEN COMPLEX,
3013830032,11213,1324,SAINT JOHNS,PL,3,1383,32,A,0,,ROOMING HOUSE,
3013830035,11213,1330,SAINT JOHNS,PL,3,1383,35,A,0,,GARDEN COMPLEX,
3013770039,11213,1333,SAINT JOHNS,PL,3,1377,39,A,0,,,
3013770038,11213,1335,SAINT JOHNS,PL,3,1377,38,A,0,J-51,GARDEN COMPLEX J-51,
3013770037,11213,1339,SAINT JOHNS,PL,3,1377,37,A,0,,,
3013830039,11213,1342,SAINT JOHNS,PL,3,1383,39,A,0,,,
3013780001,11213,1351,SAINT JOHNS,PL,3,1378,1,A,0,,,
3013780081,11213,1361,SAINT JOHNS,PL,3,1378,81,A,0,,,
3013780080,11213,1363,SAINT JOHNS,PL,3,1378,80,A,0,,,
3013780075,11213,1375,SAINT JOHNS,PL,3,1378,75,A,0,,,
3013780074,11213,1379,SAINT JOHNS,PL,3,1378,74,A,0,,,
3013780073,11213,1381,SAINT JOHNS,PL,3,1378,73,A,0,,,
3013840022,11213,1382,SAINT JOHNS,PL,3,1384,22,A,0,,,
3013780072,11213,1383,SAINT JOHNS,PL,3,1378,72,A,0,,,
3013780071,11213,1385,SAINT JOHNS,PL,3,1378,71,B,0,,,
3013780070,11213,1387,SAINT JOHNS,PL,3,1378,70,A,0,,,
3013780069,11213,1389,SAINT JOHNS,PL,3,1378,69,A,0,,,
3013780065,11213,1399,SAINT JOHNS,PL,3,1378,65,B,0,,GARDEN COMPLEX,
3013780063,11213,1405,SAINT JOHNS,PL,3,1378,63,A,0,,SECTION 610 OF PHFL ARTICLE 11,
3013780060,11213,1409,SAINT JOHNS,PL,3,1378,60,A,0,,,
3013780057,11213,1415,SAINT JOHNS,PL,3,1378,57,A,0,,,
3013790073,11213,1441 TO 1449,SAINT JOHNS,PL,3,1379,73,A,0,,,
3013790068,11213,1451 TO 1459,SAINT JOHNS,PL,3,1379,68,A,0,,,
3013850023,11213,1470,SAINT JOHNS,PL,3,1385,23,A,0,,,
3013850028,11213,1482,SAINT JOHNS,PL,3,1385,28,A,0,,,
3013850036,11213,1500,SAINT JOHNS,PL,3,1385,36,A,0,,,
3013800001,11213,1507,SAINT JOHNS,PL,3,1380,1,A,0,,,
3013800074,11213,1515,SAINT JOHNS,PL,3,1380,74,A,0,,,
3013860018,11213,1536,SAINT JOHNS,PL,3,1386,18,A,0,,,
3013860020,11213,1546,SAINT JOHNS,PL,3,1386,20,A,0,,,
3012210018,11213,777,SAINT MARKS,AVE,3,1221,18,A,0,,,
3012280007,11213,780,SAINT MARKS,AVE,3,1228,7,A,0,,,
3012210023,11213,789,SAINT MARKS,AVE,3,1221,23,A,0,,,
3012210053,11213,805,SAINT MARKS,AVE,3,1221,53,A,0,,,1206 BERGEN ST
3012210052,11213,825,SAINT MARKS,AVE,3,1221,52,A,0,,,
3012210051,11213,827,SAINT MARKS,AVE,3,1221,51,A,0,,,
3012220056,11213,889,SAINT MARKS,AVE,3,1222,56,A,0,,,
3012300010,11213,924,SAINT MARKS,AVE,3,1230,10,A,0,,GARDEN COMPLEX,
3012230076,11213,925,SAINT MARKS,AVE,3,1223,76,A,0,,,
3012300014,11213,932 TO 934,SAINT MARKS,AVE,3,1230,14,A,0,,,
3012300017,11213,936,SAINT MARKS,AVE,3,1230,17,A,0,,GARDEN COMPLEX,
3012230069,11213,939,SAINT MARKS,AVE,3,1223,69,A,0,,,
3012300020,11213,942,SAINT MARKS,AVE,3,1230,20,A,0,,,
3012300021,11213,946,SAINT MARKS,AVE,3,1230,21,A,0,,,
3012230066,11213,947,SAINT MARKS,AVE,3,1223,66,A,0,,,
3012230053,11213,959,SAINT MARKS,AVE,3,1223,53,A,0,,GARDEN COMPLEX,
3012300032,11213,966,SAINT MARKS,AVE,3,1230,32,A,0,,,
3012300034,11213,970,SAINT MARKS,AVE,3,1230,34,A,0,J-51,J-51,
3012230052,11213,971,SAINT MARKS,AVE,3,1223,52,A,0,,SECTION 610 OF PHFL,
3012230051,11213,973,SAINT MARKS,AVE,3,1223,51,A,0,,SECTION 610 OF PHFL,
3012300036,11213,974,SAINT MARKS,AVE,3,1230,36,A,0,,,
3013540083,11213,1117,SAINT MARKS,AVE,3,1354,83,A,0,J-51,J-51,
3013540082,11213,1119,SAINT MARKS,AVE,3,1354,82,A,0,421-A (1-15),GARDEN COMPLEX 421-A (1-15),
3013540074,11213,1135,SAINT MARKS,AVE,3,1354,74,A,0,,,
3013540073,11213,1137,SAINT MARKS,AVE,3,1354,73,A,0,,,
3013610014,11213,1184,SAINT MARKS,AVE,3,1361,14,A,0,421-A (16),GARDEN COMPLEX 421-A (16),
3013610030,11213,1222,SAINT MARKS,AVE,3,1361,30,B,0,J-51,GARDEN COMPLEX J-51,
3013560055,11213,1299,SAINT MARKS,AVE,3,1356,55,A,0,,,
3013480006,11213,103,SCHENECTADY,AVE,3,1348,6,A,0,421-A (16),421-A (16),
3013600001,11213,163,SCHENECTADY,AVE,3,1360,1,A,0,,,
3013660008,11213,173,SCHENECTADY,AVE,3,1366,8,A,0,,,
3013660007,11213,175,SCHENECTADY,AVE,3,1366,7,B,0,,,
3013770030,11213,230,SCHENECTADY,AVE,3,1377,30,A,0,,GARDEN COMPLEX,
3013770031,11213,232,SCHENECTADY,AVE,3,1377,31,A,0,,,
3013770032,11213,234,SCHENECTADY,AVE,3,1377,32,A,0,,,
3013770034,11213,238,SCHENECTADY,AVE,3,1377,34,A,0,,,
3013770035,11213,240,SCHENECTADY,AVE,3,1377,35,A,0,,,
3013770036,11213,242,SCHENECTADY,AVE,3,1377,36,A,0,,,
3013830040,11213,250,SCHENECTADY,AVE,3,1383,40,A,0,,,
3013830042,11213,256,SCHENECTADY,AVE,3,1383,42,A,0,421-A (1-15),421-A (1-15),
3013830043,11213,258,SCHENECTADY,AVE,3,1383,43,A,0,,,
3013830044,11213,260,SCHENECTADY,AVE,3,1383,44,A,0,,,
3013830045,11213,262,SCHENECTADY,AVE,3,1383,45,A,0,,,
3013960001,11213,285,SCHENECTADY,AVE,3,1396,1,A,0,,,
3014010043,11213,312,SCHENECTADY,AVE,3,1401,43,A,0,,,
3014240007,11213,395,SCHENECTADY,AVE,3,1424,7,A,0,,,
3014240001,11213,401,SCHENECTADY,AVE,3,1424,1,A,0,,,
3014230081,11213,430,SCHENECTADY,AVE,3,1423,81,A,0,,,
3012490007,11213,942 TO 962,STERLING,PL,3,1249,7,A,1,,NON-EVICT COOP/CONDO,
3012430068,11213,1045,STERLING,PL,3,1243,68,A,0,,,
3012430065,11213,1049,STERLING,PL,3,1243,65,A,0,,,
3012430054,11213,1069,STERLING,PL,3,1243,54,B,0,,GARDEN COMPLEX,
3012430043,11213,1103 TO 1107,STERLING,PL,3,1243,43,A,0,,,
3012510031,11213,1188,STERLING,PL,3,1251,31,A,0,,,
3013710001,11213,1275,STERLING,PL,3,1371,1,A,0,421-A (1-15),421-A (1-15),
3013710101,11213,1277,STERLING,PL,3,1371,101,A,0,421-A (1-15),421-A (1-15),
3013710102,11213,1281,STERLING,PL,3,1371,102,A,0,421-A (1-15),421-A (1-15),
3013710103,11213,1283,STERLING,PL,3,1371,103,A,0,421-A (1-15),421-A (1-15),
3013770009,11213,1284,STERLING,PL,3,1377,9,B,0,,,
3013770010,11213,1288,STERLING,PL,3,1377,10,A,0,,,
3013770012,11213,1294,STERLING,PL,3,1377,12,A,0,,GARDEN COMPLEX,
3013770021,11213,1322,STERLING,PL,3,1377,21,A,0,,,
3013770022,11213,1326,STERLING,PL,3,1377,22,A,0,,,
3013770024,11213,1332,STERLING,PL,3,1377,24,B,0,,,
3013770025,11213,1334,STERLING,PL,3,1377,25,A,0,,,
3013770027,11213,1342,STERLING,PL,3,1377,27,A,0,,,
3013770028,11213,1344,STERLING,PL,3,1377,28,A,0,,,
3013770029,11213,1350,STERLING,PL,3,1377,29,A,0,,,
3013710051,11213,1353,STERLING,PL,3,1371,51,B,0,J-51,GARDEN COMPLEX J-51,
3013780012,11213,1364,STERLING,PL,3,1378,12,A,0,,,
3013720001,11213,1367,STERLING,PL,3,1372,1,A,0,,GARDEN COMPLEX,
3013720076,11213,1373,STERLING,PL,3,1372,76,A,0,J-51,J-51,
3013720072,11213,1381,STERLING,PL,3,1372,72,A,0,J-51,J-51,
3013780026,11213,1402,STERLING,PL,3,1378,26,A,0,,,
3013780029,11213,1408,STERLING,PL,3,1378,29,A,0,,,
3013720055,11213,1429,STERLING,PL,3,1372,55,A,0,J-51,GARDEN COMPLEX J-51,
3013790013,11213,1460,STERLING,PL,3,1379,13,A,0,,,
3013790019,11213,1470,STERLING,PL,3,1379,19,A,0,,,
3013790024,11213,1484,STERLING,PL,3,1379,24,A,0,,,
3013790027,11213,1488,STERLING,PL,3,1379,27,A,0,,,
3013790035,11213,1514,STERLING,PL,3,1379,35,A,0,,,
3013740064,11213,1561,STERLING,PL,3,1374,64,A,0,,,
3013740061,11213,1563,STERLING,PL,3,1374,61,A,0,J-51,J-51,
3013740058,11213,1571,STERLING,PL,3,1374,58,A,0,,,
3013740054,11213,1579,STERLING,PL,3,1374,54,A,0,,,
3017050049,11213,32,TROY,AVE,3,1705,49,A,0,421-A (1-15),421-A (1-15),
3017050052,11213,36,TROY,AVE,3,1705,52,A,0,421-A (1-15),421-A (1-15),
3013400043,11213,92,TROY,AVE,3,1340,43,A,0,421-A (1-15),421-A (1-15),
3013400044,11213,94,TROY,AVE,3,1340,44,A,0,421-A (1-15),421-A (1-15),
3013400045,11213,96,TROY,AVE,3,1340,45,A,0,421-A (1-15),421-A (1-15),
3013400046,11213,98,TROY,AVE,3,1340,46,A,0,421-A (1-15),421-A (1-15),
3013710007,11213,209,TROY,AVE,3,1371,7,A,0,421-A (16),GARDEN COMPLEX 421-A (16),
3013710006,11213,211,TROY,AVE,3,1371,6,A,0,421-A (16),GARDEN COMPLEX 421-A (16),
3013710005,11213,213,TROY,AVE,3,1371,5,A,0,421-A (16),GARDEN COMPLEX 421-A (16),
3013770008,11213,227,TROY,AVE,3,1377,8,B,0,,,
3013770006,11213,231,TROY,AVE,3,1377,6,A,0,,,
3013770005,11213,233,TROY,AVE,3,1377,5,A,0,,,
3013770002,11213,239,TROY,AVE,3,1377,2,B,0,,,
3013770001,11213,243,TROY,AVE,3,1377,1,A,0,,,
3014227501,11213,420,TROY,AVE,3,1422,7501,A,0,J-51,J-51,
3014000011,11213,1516,UNION,ST,3,1400,11,A,0,,,
3013940077,11213,1557,UNION,ST,3,1394,77,A,0,,,
3013940075,11213,1561,UNION,ST,3,1394,75,A,0,,,
3014000039,11213,1574,UNION,ST,3,1400,39,A,0,J-51,J-51,
3014000042,11213,1578,UNION,ST,3,1400,42,A,0,,,
3014010017,11213,1602,UNION,ST,3,1401,17,A,0,,,
3014010021,11213,1608 TO 1614,UNION,ST,3,1401,21,A,0,,,
3013950068,11213,1635 TO 1641,UNION,ST,3,1395,68,A,0,,,
3014010039,11213,1646,UNION,ST,3,1401,39,A,0,,,
3013950063,11213,1647,UNION,ST,3,1395,63,A,0,,GARDEN COMPLEX,
3014020009,11213,1654,UNION,ST,3,1402,9,A,0,,,
3013950059,11213,1655,UNION,ST,3,1395,59,A,0,,,
3014020012,11213,1660,UNION,ST,3,1402,12,A,0,,,
3014020015,11213,1666,UNION,ST,3,1402,15,A,0,J-51,J-51,
3014020039,11213,1710,UNION,ST,3,1402,39,A,0,,,
3014030007,11213,1722,UNION,ST,3,1403,7,A,0,,,
3013960064,11213,1723,UNION,ST,3,1396,64,A,0,,,
3014030011,11213,1726,UNION,ST,3,1403,11,A,0,J-51,J-51,
3013960061,11213,1733,UNION,ST,3,1396,61,A,0,,,
3014030019,11213,1742,UNION,ST,3,1403,19,A,0,,,
3014030022,11213,1746,UNION,ST,3,1403,22,A,0,,,
3014030025,11213,1760,UNION,ST,3,1403,25,A,0,,,
3014030030,11213,1764,UNION,ST,3,1403,30,A,0,421-A (16),421-A (16),
3014030040,11213,1776,UNION,ST,3,1403,40,A,0,,,
3013970061,11213,1803,UNION,ST,3,1397,61,A,0,,,
3013420045,11213,72,UTICA,AVE,3,1342,45,A,0,,ROOMING HOUSE,
3013540056,11213,136,UTICA,AVE,3,1354,56,A,0,,,
3013610012,11213,139 TO 141,UTICA,AVE,3,1361,12,A,0,421-A (16),GARDEN COMPLEX 421-A (16),
3013610001,11213,161,UTICA,AVE,3,1361,1,A,0,"421-A (1-15),421-G",421-A (1-15) 421-G,
3013720043,11213,192,UTICA,AVE,3,1372,43,A,0,,GARDEN COMPLEX,
3013720044,11213,194,UTICA,AVE,3,1372,44,A,0,,,
3063630014,11214,8667,16TH,AVE,3,6363,14,A,0,,,
3063630013,11214,8669,16TH,AVE,3,6363,13,A,0,,,
3064300027,11214,8795,16TH,AVE,3,6430,27,A,0,421-A (1-15),421-A (1-15),
3064300025,11214,8797,16TH,AVE,3,6430,25,A,0,421-A (1-15),421-A (1-15),
3062360070,11214,7606,17TH,AVE,3,6236,70,A,0,,,
3062370009,11214,7607,17TH,AVE,3,6237,9,A,0,,,
3062370006,11214,7611,17TH,AVE,3,6237,6,A,0,,,
3062830048,11214,8016,17TH,AVE,3,6283,48,A,0,,GARDEN COMPLEX,
3063660039,11214,8603,17TH,AVE,3,6366,39,A,0,,,
3063650073,11214,8674,17TH,AVE,3,6365,73,A,0,,,
3063650075,11214,8682,17TH,AVE,3,6365,75,A,0,,,
3063990072,11214,8754,17TH,AVE,3,6399,72,A,0,,,
3062260040,11214,7502,18TH,AVE,3,6226,40,A,0,,,
3062610010,11214,7801,18TH,AVE,3,6261,10,A,0,,,
3062610008,11214,7805,18TH,AVE,3,6261,8,A,1,,COOP/CONDO PLAN FILE,
3062610007,11214,7807,18TH,AVE,3,6261,7,A,1,,COOP/CONDO PLAN FILE,
3062720048,11214,7914,18TH,AVE,3,6272,48,A,0,,,
3062720049,11214,7918,18TH,AVE,3,6272,49,A,0,,,
3062720050,11214,7920,18TH,AVE,3,6272,50,A,0,,,
3062720051,11214,7922,18TH,AVE,3,6272,51,A,0,,,
3062730039,11214,7920,19TH,AVE,3,6273,39,A,0,,,
3062850039,11214,8014 TO 8024,19TH,AVE,3,6285,39,A,0,,,
3062860001,11214,8023,19TH,AVE,3,6286,1,A,0,,,
3063160006,11214,8201,19TH,AVE,3,6316,6,A,1,,NON-EVICT COOP/CONDO,
3063150034,11214,8210,19TH,AVE,3,6315,34,A,0,,,
3063330001,11214,8419,19TH,AVE,3,6333,1,A,0,,,
3063720018,11214,8675,19TH,AVE,3,6372,18,A,0,,,
3063710084,11214,8678,19TH,AVE,3,6371,84,A,0,421-A (1-15),421-A (1-15),
3064060008,11214,8745,19TH,AVE,3,6406,8,A,0,,,
3064050143,11214,8746,19TH,AVE,3,6405,143,A,0,,NONE,
3064060007,11214,8747,19TH,AVE,3,6406,7,B,0,,,
3064060004,11214,8755,19TH,AVE,3,6406,4,B,0,,,
3064390028,11214,8771,19TH,AVE,3,6439,28,A,0,,,
3064670012,11214,2049,20TH,LN,3,6467,12,A,0,,GARDEN COMPLEX,
3064890001,11214,2070,20TH,LN,3,6489,1,A,0,,,
3062280036,11214,7502,20TH,AVE,3,6228,36,A,0,,,
3062280038,11214,7508,20TH,AVE,3,6228,38,A,0,,,
3062280039,11214,7510,20TH,AVE,3,6228,39,B,0,,,
3062980006,11214,8101 TO 8111,20TH,AVE,3,6298,6,A,0,,,
3062970038,11214,8102,20TH,AVE,3,6297,38,A,0,,,
3063330043,11214,8420,20TH,AVE,3,6333,43,A,0,,,
3063750025,11214,8621,20TH,AVE,3,6375,25,A,0,,,
3063750015,11214,8645,20TH,AVE,3,6375,15,A,0,,,
3063740001,11214,8684,20TH,AVE,3,6374,1,A,0,,,
3064420027,11214,8763,20TH,AVE,3,6442,27,A,0,,ROOMING HOUSE,
3064410001,11214,8800,20TH,AVE,3,6441,1,A,0,,GARDEN COMPLEX,
3062410010,11214,7601,21ST,AVE,3,6241,10,A,0,,,
3062400037,11214,7602,21ST,AVE,3,6240,37,A,0,,,
3062410006,11214,7609,21ST,AVE,3,6241,6,A,0,,,
3062410005,11214,7611,21ST,AVE,3,6241,5,A,0,,,
3062410004,11214,7615,21ST,AVE,3,6241,4,A,0,,,
3062410003,11214,7619,21ST,AVE,3,6241,3,A,0,,,
3062410001,11214,7623,21ST,AVE,3,6241,1,A,0,,,
3062630038,11214,7802,21ST,AVE,3,6263,38,B,0,,,
3062870036,11214,8002,21ST,AVE,3,6287,36,A,0,,,
3063300006,11214,8305,21ST,AVE,3,6330,6,B,0,,,
3063300005,11214,8307,21ST,AVE,3,6330,5,A,0,,,
3063300004,11214,8311,21ST,AVE,3,6330,4,A,0,,,
3063300003,11214,8313,21ST,AVE,3,6330,3,B,0,,ROOMING HOUSE,
3063300002,11214,8317,21ST,AVE,3,6330,2,A,0,,,
3063300001,11214,8321,21ST,AVE,3,6330,1,A,0,,,
3063340038,11214,8410,21ST,AVE,3,6334,38,A,0,,,
3063350006,11214,8411,21ST,AVE,3,6335,6,A,0,,,
3063340041,11214,8416,21ST,AVE,3,6334,41,A,0,,,
3063780019,11214,8635,21ST,AVE,3,6378,19,A,0,,,
3064110048,11214,8714,21ST,AVE,3,6411,48,A,0,,,
3063360039,11214,8404,23RD,AVE,3,6336,39,A,0,,,
3068610037,11214,8615,23RD,AVE,3,6861,37,A,0,,ROOMING HOUSE,
3068610035,11214,8619,23RD,AVE,3,6861,35,A,0,,ROOMING HOUSE,
3068610032,11214,8625,23RD,AVE,3,6861,32,A,0,,,
3068610030,11214,8627,23RD,AVE,3,6861,30,A,0,,,
3063830055,11214,8630,23RD,AVE,3,6383,55,B,0,,,
3063830057,11214,8634,23RD,AVE,3,6383,57,A,0,,,
3063830059,11214,8636,23RD,AVE,3,6383,59,A,0,,,
3064500035,11214,8784,23RD,AVE,3,6450,35,A,0,,,
3068780048,11214,8700,25TH,AVE,3,6878,48,A,0,,,
3068940027,11214,8797,25TH,AVE,3,6894,27,A,0,,,
3069130030,11214,199,27TH,AVE,3,6913,30,A,0,421-A (1-15),421-A (1-15),
3069020052,11214,30,28TH,AVE,3,6902,52,A,0,421-A (16),421-A (16),
3069150041,11214,176 TO 182,28TH,AVE,3,6915,41,A,0,,,
3062360023,11214,1640,76TH,ST,3,6236,23,A,0,421-A (1-15),421-A (1-15),
3062250036,11214,1655,76TH,ST,3,6225,36,A,0,,,
3062250078,11214,1663,76TH,ST,3,6225,78,B,0,,,
3062250077,11214,1665,76TH,ST,3,6225,77,A,0,,,
3062250076,11214,1669,76TH,ST,3,6225,76,A,0,,,
3062250075,11214,1673,76TH,ST,3,6225,75,A,0,,,
3062250074,11214,1675,76TH,ST,3,6225,74,A,0,,,
3062250073,11214,1677,76TH,ST,3,6225,73,A,0,,,
3062250072,11214,1681,76TH,ST,3,6225,72,A,0,,,
3062360067,11214,1684,76TH,ST,3,6236,67,A,0,,,
3062370010,11214,1704,76TH,ST,3,6237,10,A,0,,,
3062370028,11214,1752,76TH,ST,3,6237,28,A,0,,,
3062370029,11214,1754,76TH,ST,3,6237,29,A,0,,,
3062370036,11214,1774 TO 1776,76TH,ST,3,6237,36,A,0,,,
3062370040,11214,1780,76TH,ST,3,6237,40,B,0,,,
3062380009,11214,1804,76TH,ST,3,6238,9,A,0,,,
3062380022,11214,1840,76TH,ST,3,6238,22,A,0,,,
3062300001,11214,2101,76TH,ST,3,6230,1,A,0,,GARDEN COMPLEX,
3062300071,11214,2107,76TH,ST,3,6230,71,A,0,,,
3062300070,11214,2109,76TH,ST,3,6230,70,A,0,,,
3062410012,11214,2114 TO 2116,76TH,ST,3,6241,12,A,0,,,
3062480006,11214,1704,77TH,ST,3,6248,6,A,0,,,
3062380039,11214,1865,77TH,ST,3,6238,39,A,0,,,
3062510027,11214,2048,77TH,ST,3,6251,27,A,0,,,
3062510030,11214,2054,77TH,ST,3,6251,30,A,0,,,
3062510032,11214,2058,77TH,ST,3,6251,32,A,0,,,
3062510034,11214,2064,77TH,ST,3,6251,34,A,0,,,
3062510035,11214,2068,77TH,ST,3,6251,35,A,0,,,
3062510036,11214,2072,77TH,ST,3,6251,36,A,0,,,
3062590016,11214,1624,78TH,ST,3,6259,16,A,0,,,
3062610012,11214,1814,78TH,ST,3,6261,12,B,0,,,
3062610118,11214,1830,78TH,ST,3,6261,118,A,0,421-A (1-15),ROOMING HOUSE 421-A (1-15),
3062610119,11214,1832,78TH,ST,3,6261,119,A,0,421-A (1-15),421-A (1-15),
3062500061,11214,1937,78TH,ST,3,6250,61,A,0,,,
3062630017,11214,2024,78TH,ST,3,6263,17,B,0,,,
3062510069,11214,2025,78TH,ST,3,6251,69,A,0,,,
3062510066,11214,2027,78TH,ST,3,6251,66,A,0,,,
3062510064,11214,2033,78TH,ST,3,6251,64,B,0,,,
3062510063,11214,2035,78TH,ST,3,6251,63,A,0,,,
3062510062,11214,2039,78TH,ST,3,6251,62,A,0,,,
3062510060,11214,2045,78TH,ST,3,6251,60,A,0,,,
3062510058,11214,2047,78TH,ST,3,6251,58,A,0,,,
3062510057,11214,2053,78TH,ST,3,6251,57,A,0,,,
3062510047,11214,2073,78TH,ST,3,6251,47,A,0,,,
3062640029,11214,2160 TO 2164,78TH,ST,3,6264,29,A,0,421-A (1-15),421-A (1-15),
3062590052,11214,1661,79TH,ST,3,6259,52,A,0,,,
3062590051,11214,1663,79TH,ST,3,6259,51,A,0,,,
3062590048,11214,1669,79TH,ST,3,6259,48,A,0,,,
3062720023,11214,1740,79TH,ST,3,6272,23,A,0,,,
3062720027,11214,1748,79TH,ST,3,6272,27,A,0,,,
3062720029,11214,1752,79TH,ST,3,6272,29,A,0,,,
3062720031,11214,1758,79TH,ST,3,6272,31,A,0,,,
3062600062,11214,1759,79TH,ST,3,6260,62,A,0,,,
3062720033,11214,1764,79TH,ST,3,6272,33,A,0,,,
3062600060,11214,1765,79TH,ST,3,6260,60,A,0,,,
3062600059,11214,1767,79TH,ST,3,6260,59,A,0,,,
3062720034,11214,1768,79TH,ST,3,6272,34,A,0,,,
3062720035,11214,1770,79TH,ST,3,6272,35,A,0,,,
3062600058,11214,1771,79TH,ST,3,6260,58,A,0,421-A (1-15),ROOMING HOUSE 421-A (1-15),
3062600057,11214,1773,79TH,ST,3,6260,57,A,0,421-A (1-15),421-A (1-15),
3062600056,11214,1775,79TH,ST,3,6260,56,A,0,421-A (1-15),421-A (1-15),
3062730006,11214,1818,79TH,ST,3,6273,6,A,0,,,
3062630043,11214,2075,79TH,ST,3,6263,43,A,0,,,
3062830017,11214,1626,80TH,ST,3,6283,17,A,0,,,
3062830018,11214,1630,80TH,ST,3,6283,18,A,0,,,
3062830022,11214,1638,80TH,ST,3,6283,22,A,0,,,
3062840026,11214,1728,80TH,ST,3,6284,26,A,0,,,
3062840027,11214,1730,80TH,ST,3,6284,27,B,0,,,
3062720073,11214,1733,80TH,ST,3,6272,73,A,0,,,
3062720072,11214,1737,80TH,ST,3,6272,72,A,0,,ROOMING HOUSE,
3062770058,11214,2241,80TH,ST,3,6277,58,A,0,,,
3062770057,11214,2243,80TH,ST,3,6277,57,A,0,,,
3062890036,11214,2276,80TH,ST,3,6289,36,A,0,421-A (16),421-A (16),
3062890037,11214,2278,80TH,ST,3,6289,37,A,0,421-A (1-15),421-A (1-15),
3062890038,11214,2282,80TH,ST,3,6289,38,A,0,421-A (1-15),421-A (1-15),
3062890040,11214,2290,80TH,ST,3,6289,40,A,0,421-A (1-15),421-A (1-15),
3062970006,11214,19-02,81ST,ST,3,6297,6,A,0,,,
3062840061,11214,1761,81ST,ST,3,6284,61,A,0,,,
3062840060,11214,1763,81ST,ST,3,6284,60,A,0,,GARDEN COMPLEX,
3063140040,11214,1766,81ST,ST,3,6314,40,A,0,,,
3062840050,11214,1779,81ST,ST,3,6284,50,A,0,,,
3062850001,11214,1803,81ST,ST,3,6285,1,A,0,,,
3062960016,11214,1824,81ST,ST,3,6296,16,A,0,,,
3062960018,11214,1830,81ST,ST,3,6296,18,A,0,,,
3062960019,11214,1832,81ST,ST,3,6296,19,A,0,,,
3062960027,11214,1850,81ST,ST,3,6296,27,A,0,,,
3062870068,11214,2025,81ST,ST,3,6287,68,A,0,,,
3062890065,11214,2233,81ST,ST,3,6289,65,A,0,,,
3062890062,11214,2237,81ST,ST,3,6289,62,A,0,,,
3062890056,11214,2251,81ST,ST,3,6289,56,A,0,,,
3068480068,11214,2305 TO 2307,81ST,ST,3,6848,68,A,0,,,
3068480050,11214,2347,81ST,ST,3,6848,50,A,0,,,
3068480047,11214,2351,81ST,ST,3,6848,47,A,0,,,
3068480044,11214,2361,81ST,ST,3,6848,44,B,0,,GARDEN COMPLEX,
3068480043,11214,2363,81ST,ST,3,6848,43,A,0,,,
3062960046,11214,1845,82ND,ST,3,6296,46,A,1,,NON-EVICT COOP/CONDO,
3063150027,11214,1850,82ND,ST,3,6315,27,A,0,,,
3062970070,11214,1919,82ND,ST,3,6297,70,A,0,,,
3063160022,11214,1938,82ND,ST,3,6316,22,A,0,,,
3062990062,11214,2121,82ND,ST,3,6299,62,A,0,,,
3068490072,11214,2315,82ND,ST,3,6849,72,A,0,421-A (16),421-A (16),
3068490071,11214,2317,82ND,ST,3,6849,71,A,0,,,
3068490067,11214,2327,82ND,ST,3,6849,67,A,0,421-A (1-15),ROOMING HOUSE 421-A (1-15),
3068510018,11214,2334,82ND,ST,3,6851,18,A,0,,,
3068510019,11214,2336,82ND,ST,3,6851,19,B,0,,,
3068510020,11214,2338,82ND,ST,3,6851,20,A,0,,,
3068510024,11214,2346,82ND,ST,3,6851,24,B,0,,,
3068510025,11214,2348,82ND,ST,3,6851,25,A,0,,GARDEN COMPLEX,
3068510026,11214,2350,82ND,ST,3,6851,26,A,0,,,
3063150054,11214,1835,83RD,ST,3,6315,54,A,0,,,
3063150039,11214,1869,83RD,ST,3,6315,39,A,0,,,
3063160069,11214,1921,83RD,ST,3,6316,69,A,0,421-A (16),421-A (16),
3063160067,11214,1923,83RD,ST,3,6316,67,A,0,421-A (16),421-A (16),
3063280017,11214,1926,83RD,ST,3,6328,17,A,0,,GARDEN COMPLEX,
3063160043,11214,1975,83RD,ST,3,6316,43,A,1,,COOP/CONDO PLAN FILE,
3063170071,11214,2013,83RD,ST,3,6317,71,A,0,,,
3063190066,11214,2227,83RD,ST,3,6319,66,A,0,,,
3063310018,11214,2250,83RD,ST,3,6331,18,A,0,,,
3068510059,11214,2345,83RD,ST,3,6851,59,A,0,,,
3068520033,11214,2435,83RD,ST,3,6852,33,A,0,,,
3068520032,11214,2439,83RD,ST,3,6852,32,A,0,,,
3063260019,11214,1726,84TH,ST,3,6326,19,A,0,,,
3063140094,11214,1745 TO 1747,84TH,ST,3,6314,94,A,0,,,
3063320023,11214,1840,84TH,ST,3,6332,23,A,0,421-A (1-15),GARDEN COMPLEX 421-A (1-15),
3063320026,11214,1844 TO 1846,84TH,ST,3,6332,26,A,0,,EXEMPT,
3063320027,11214,1848,84TH,ST,3,6332,27,A,0,,,
3063320037,11214,1878,84TH,ST,3,6332,37,A,0,,,
3063280001,11214,1901,84TH,ST,3,6328,1,A,0,,,
3063330026,11214,1946,84TH,ST,3,6333,26,A,0,,,
3063280043,11214,1975,84TH,ST,3,6328,43,B,0,,,
3063340006,11214,2000,84TH,ST,3,6334,6,A,0,,,
3063290067,11214,2021,84TH,ST,3,6329,67,A,1,,NON-EVICT COOP/CONDO,
3063340034,11214,2070,84TH,ST,3,6334,34,A,0,,,
3063340036,11214,2080,84TH,ST,3,6334,36,A,0,,,
3063300068,11214,2123,84TH,ST,3,6330,68,A,0,,,
3063350029,11214,2160,84TH,ST,3,6335,29,A,0,,,
3063360021,11214,2240,84TH,ST,3,6336,21,A,0,,,
3063310048,11214,2263,84TH,ST,3,6331,48,A,0,,,
3068550033,11214,2366,84TH,ST,3,6855,33,A,0,,,
3068550034,11214,2368,84TH,ST,3,6855,34,A,0,,,
3068540070,11214,2409,84TH,ST,3,6854,70,A,0,,,
3068540038,11214,2471,84TH,ST,3,6854,38,A,0,,,
3063260001,11214,1701,85TH,ST,3,6326,1,A,0,,,
3063260091,11214,1745,85TH,ST,3,6326,91,A,0,,,
3063260089,11214,1751,85TH,ST,3,6326,89,A,0,,,
3063260086,11214,1757,85TH,ST,3,6326,86,A,0,,,
3063320051,11214,1857,85TH,ST,3,6332,51,A,0,,,
3063440033,11214,1864,85TH,ST,3,6344,33,A,0,,,
3063330070,11214,1917,85TH,ST,3,6333,70,A,0,,,
3063450016,11214,1922,85TH,ST,3,6345,16,A,0,,,
3063450036,11214,1970,85TH,ST,3,6345,36,A,0,,,
3063340001,11214,2009,85TH,ST,3,6334,1,A,0,,,
3063340045,11214,2069,85TH,ST,3,6334,45,A,0,,,
3063350001,11214,2109,85TH,ST,3,6335,1,A,0,,,
3063470024,11214,2134,85TH,ST,3,6347,24,A,0,421-A (1-15),421-A (1-15),
3063470025,11214,2146,85TH,ST,3,6347,25,A,0,421-A (1-15),421-A (1-15),
3063470028,11214,2152,85TH,ST,3,6347,28,A,0,,,
3063470029,11214,2156,85TH,ST,3,6347,29,A,0,,,
3063480006,11214,2200,85TH,ST,3,6348,6,A,0,,,
3063360059,11214,2239,85TH,ST,3,6336,59,B,0,,,
3068580006,11214,2302,85TH,ST,3,6858,6,A,0,,,
3068550060,11214,2345,85TH,ST,3,6855,60,A,0,,,
3068550047,11214,2369,85TH,ST,3,6855,47,A,0,,,
3068550046,11214,2373,85TH,ST,3,6855,46,A,0,,,
3068550045,11214,2375,85TH,ST,3,6855,45,B,0,,,
3068550044,11214,2381,85TH,ST,3,6855,44,A,0,,,
3068550043,11214,2383,85TH,ST,3,6855,43,A,0,,,
3063690047,11214,1802 TO 1808,86TH,ST,3,6369,47,A,0,,,
3064100003,11214,2043,BATH,AVE,3,6410,3,A,0,,,
3064480034,11214,2220,BATH,AVE,3,6448,34,B,0,,,
3069000041,11214,2716,BATH,AVE,3,6900,41,A,0,421-A (1-15),421-A (1-15),
3062530096,11214,7701,BAY,PKWY,3,6253,96,A,0,,,
3062530001,11214,7705,BAY,PKWY,3,6253,1,A,0,,,
3062520042,11214,7714,BAY,PKWY,3,6252,42,A,1,,NON-EVICT COOP/CONDO,
3062770006,11214,7901,BAY,PKWY,3,6277,6,A,0,,,
3062760036,11214,7902,BAY,PKWY,3,6276,36,A,0,,,
3062770001,11214,7913,BAY,PKWY,3,6277,1,A,1,,NON-EVICT COOP/CONDO,
3062890006,11214,8001,BAY,PKWY,3,6289,6,A,0,,,
3062890001,11214,8015,BAY,PKWY,3,6289,1,A,0,,,
3062880037,11214,8020 TO 8024,BAY,PKWY,3,6288,37,A,0,,,
3062990032,11214,8100 TO 8124,BAY,PKWY,3,6299,32,A,1,,NON-EVICT COOP/CONDO,
3063180037,11214,8200,BAY,PKWY,3,6318,37,B,0,,,
3063190006,11214,8201,BAY,PKWY,3,6319,6,A,0,,GARDEN COMPLEX,
3063180044,11214,8214 TO 8224,BAY,PKWY,3,6318,44,A,0,,,
3063190001,11214,8223,BAY,PKWY,3,6319,1,A,0,,,
3063310006,11214,8301,BAY,PKWY,3,6331,6,A,0,,,
3063310001,11214,8313 TO 8323,BAY,PKWY,3,6331,1,A,0,,,
3063300038,11214,8320,BAY,PKWY,3,6330,38,A,1,,NON-EVICT COOP/CONDO,
3063350038,11214,8404,BAY,PKWY,3,6335,38,A,0,,,
3063360006,11214,8405,BAY,PKWY,3,6336,6,A,0,,,
3063810033,11214,8611,BAY,PKWY,3,6381,33,A,0,,,
3063810017,11214,8645 TO 8665,BAY,PKWY,3,6381,17,A,0,,,
3063800062,11214,8646 TO 8660,BAY,PKWY,3,6380,62,A,0,,,
3063800001,11214,8674 TO 8678,BAY,PKWY,3,6380,1,A,0,,,
3064150040,11214,8687,BAY,PKWY,3,6415,40,A,0,,,
3064150037,11214,8693,BAY,PKWY,3,6415,37,A,0,,,
3064150035,11214,8699,BAY,PKWY,3,6415,35,A,0,,,
3064150032,11214,8705,BAY,PKWY,3,6415,32,A,0,,ROOMING HOUSE,
3064140057,11214,8722,BAY,PKWY,3,6414,57,A,0,,,
3064150016,11214,8735,BAY,PKWY,3,6415,16,A,0,,,
3064150006,11214,8747,BAY,PKWY,3,6415,6,A,0,,,
3064140062,11214,8750,BAY,PKWY,3,6414,62,A,0,,,
3064140001,11214,8758,BAY,PKWY,3,6414,1,A,0,,,
3064470046,11214,8806,BAY,PKWY,3,6447,46,A,0,,,
3064470001,11214,8812 TO 8828,BAY,PKWY,3,6447,1,A,1,,NON-EVICT COOP/CONDO,
3064480006,11214,8817,BAY,PKWY,3,6448,6,A,0,,,
3064710090,11214,8855,BAY,PKWY,3,6471,90,A,0,,GARDEN COMPLEX,
3063630071,11214,66 TO 68,BAY 13TH,ST,3,6363,71,A,0,,,
3063970068,11214,146,BAY 13TH,ST,3,6397,68,A,0,,,
3063650013,11214,63,BAY 14TH,ST,3,6365,13,A,0,,,
3063130036,11214,8116,BAY 16TH,ST,3,6313,36,A,0,421-A (1-15),421-A (1-15),
3063670037,11214,8609 TO 8617,BAY 16TH,ST,3,6367,37,A,0,,,
3063660049,11214,8610,BAY 16TH,ST,3,6366,49,A,0,421-A (1-15),421-A (1-15),
3063660050,11214,8612,BAY 16TH,ST,3,6366,50,A,0,421-A (1-15),421-A (1-15),
3063660059,11214,8636,BAY 16TH,ST,3,6366,59,A,0,,,
3063660064,11214,8648,BAY 16TH,ST,3,6366,64,A,0,,,
3063660076,11214,8672,BAY 16TH,ST,3,6366,76,A,0,,,
3064010011,11214,8757,BAY 16TH,ST,3,6401,11,A,0,,,
3064330041,11214,8784,BAY 16TH,ST,3,6433,41,A,0,,,
3064340021,11214,8785 TO 8797,BAY 16TH,ST,3,6434,21,A,0,,,
3064620040,11214,8847,BAY 16TH,ST,3,6462,40,A,1,,NON-EVICT COOP/CONDO,
3064010035,11214,120,BAY 17TH,ST,3,6401,35,B,0,,,
3064350014,11214,199,BAY 17TH,ST,3,6435,14,A,0,,,
3064630012,11214,241,BAY 17TH,ST,3,6463,12,A,0,,,
3063700032,11214,45,BAY 19TH,ST,3,6370,32,A,0,,,
3063700023,11214,65,BAY 19TH,ST,3,6370,23,A,0,,,
3064630143,11214,244 TO 311,BAY 19TH,ST,3,6463,143,A,0,,,
3063730026,11214,59,BAY 22ND,ST,3,6373,26,A,0,,,
3063730024,11214,63,BAY 22ND,ST,3,6373,24,A,0,,,
3063730017,11214,73 TO 79,BAY 22ND,ST,3,6373,17,A,0,,,
3063730012,11214,81 TO 91,BAY 22ND,ST,3,6373,12,A,0,,,
3064390043,11214,188,BAY 22ND,ST,3,6439,43,A,0,,,
3064390046,11214,194,BAY 22ND,ST,3,6439,46,A,0,,,
3064390001,11214,220,BAY 22ND,ST,3,6439,1,A,0,J-51,J-51,
3063730083,11214,76 TO 78,BAY 23RD,ST,3,6373,83,A,0,,,
3064400039,11214,178,BAY 23RD,ST,3,6440,39,A,0,,,
3064400001,11214,216,BAY 23RD,ST,3,6440,1,A,0,,,
3063750049,11214,30,BAY 25TH,ST,3,6375,49,A,0,,,
3064100027,11214,107,BAY 25TH,ST,3,6410,27,A,0,,,
3064090049,11214,126,BAY 25TH,ST,3,6409,49,A,0,,,
3064100012,11214,145,BAY 25TH,ST,3,6410,12,A,0,,,
3064100010,11214,147,BAY 25TH,ST,3,6410,10,A,0,,,
3064420037,11214,168,BAY 25TH,ST,3,6442,37,B,0,,,
3064420038,11214,174,BAY 25TH,ST,3,6442,38,B,0,,,
3063770022,11214,37 TO 47,BAY 26TH,ST,3,6377,22,A,0,,,
3063760060,11214,38,BAY 26TH,ST,3,6376,60,A,0,,,
3064100039,11214,86 TO 96,BAY 26TH,ST,3,6410,39,A,0,,,
3064110014,11214,141,BAY 26TH,ST,3,6411,14,A,0,,,
3064110013,11214,143,BAY 26TH,ST,3,6411,13,A,0,,,
3064110012,11214,147,BAY 26TH,ST,3,6411,12,A,0,,6 APT B,
3064100001,11214,158,BAY 26TH,ST,3,6410,1,B,0,,,
3063790021,11214,45,BAY 28TH,ST,3,6379,21,A,0,,,
3064120155,11214,120,BAY 28TH,ST,3,6412,155,A,0,421-A (1-15),421-A (1-15),
3064120156,11214,122,BAY 28TH,ST,3,6412,156,A,0,421-A (1-15),421-A (1-15),
3064450035,11214,172,BAY 28TH,ST,3,6445,35,A,1,,NON-EVICT COOP/CONDO,
3064460011,11214,211,BAY 28TH,ST,3,6446,11,A,0,,,
3063790050,11214,30,BAY 29TH,ST,3,6379,50,A,1,,NON-EVICT COOP/CONDO,
3063790065,11214,54,BAY 29TH,ST,3,6379,65,A,1,,NON-EVICT COOP/CONDO,
3063800006,11214,69,BAY 29TH,ST,3,6380,6,A,0,,,
3064130042,11214,86,BAY 29TH,ST,3,6413,42,A,0,,,
3064140034,11214,95 TO 99,BAY 29TH,ST,3,6414,34,A,0,,,
3064140026,11214,119,BAY 29TH,ST,3,6414,26,A,0,421-A (1-15),GARDEN COMPLEX 421-A (1-15),
3064140025,11214,121,BAY 29TH,ST,3,6414,25,A,0,,GARDEN COMPLEX,
3064140024,11214,123,BAY 29TH,ST,3,6414,24,B,0,,,
3064140021,11214,125,BAY 29TH,ST,3,6414,21,A,0,421-A (1-15),421-A (1-15),
3064140020,11214,127,BAY 29TH,ST,3,6414,20,A,0,,GARDEN COMPLEX,
3064130068,11214,148,BAY 29TH,ST,3,6413,68,B,0,,ROOMING HOUSE,
3064140006,11214,159,BAY 29TH,ST,3,6414,6,A,0,J-51,J-51 SEC 608,
3064460038,11214,184,BAY 29TH,ST,3,6446,38,A,0,421-A (1-15),421-A (1-15),
3064460039,11214,186,BAY 29TH,ST,3,6446,39,B,0,,,
3064460041,11214,190,BAY 29TH,ST,3,6446,41,A,0,421-A (1-15),421-A (1-15),
3064470018,11214,195,BAY 29TH,ST,3,6447,18,A,0,,,
3063820034,11214,17,BAY 31ST,ST,3,6382,34,A,0,,,
3063820032,11214,21,BAY 31ST,ST,3,6382,32,A,0,,,
3063820029,11214,25 TO 29,BAY 31ST,ST,3,6382,29,A,0,,GARDEN COMPLEX,
3063810170,11214,66,BAY 31ST,ST,3,6381,170,A,0,421-A (1-15),421-A (1-15),
3064480036,11214,172,BAY 31ST,ST,3,6448,36,A,0,,,
3064480038,11214,180,BAY 31ST,ST,3,6448,38,A,0,,,
3064480040,11214,186,BAY 31ST,ST,3,6448,40,B,0,,,
3063820057,11214,36,BAY 32ND,ST,3,6382,57,B,0,,,
3063820058,11214,38,BAY 32ND,ST,3,6382,58,B,0,,,
3064490034,11214,180,BAY 32ND,ST,3,6449,34,A,0,,,
3068610049,11214,16,BAY 34TH,ST,3,6861,49,A,0,,,
3068610050,11214,18,BAY 34TH,ST,3,6861,50,A,0,,,
3068610051,11214,20,BAY 34TH,ST,3,6861,51,A,0,,,
3068620014,11214,55,BAY 34TH,ST,3,6862,14,A,0,,,
3068737501,11214,86 TO 88,BAY 34TH,ST,3,6873,7501,A,0,421-A (16),421-A (16),
3068620064,11214,52,BAY 35TH,ST,3,6862,64,A,0,,,
3068620066,11214,60,BAY 35TH,ST,3,6862,66,A,0,421-A (1-15),421-A (1-15),
3068900020,11214,221,BAY 35TH,ST,3,6890,20,A,1,,EVICT COOP/CONDO,
3068640052,11214,22 TO 26,BAY 37TH,ST,3,6864,52,A,0,,,
3068770038,11214,101,BAY 37TH,ST,3,6877,38,A,0,,,
3068770037,11214,103,BAY 37TH,ST,3,6877,37,A,0,,,
3068770036,11214,109,BAY 37TH,ST,3,6877,36,A,0,,,
3068770035,11214,111,BAY 37TH,ST,3,6877,35,A,0,,,
3069280044,11214,275,BAY 37TH,ST,3,6928,44,A,0,,,
3068650061,11214,44,BAY 38TH,ST,3,6865,61,A,0,,,
3068650062,11214,46,BAY 38TH,ST,3,6865,62,A,0,,,
3068770064,11214,122,BAY 38TH,ST,3,6877,64,A,0,,,
3068770065,11214,126,BAY 38TH,ST,3,6877,65,B,0,,,
3069280050,11214,288,BAY 38TH,ST,3,6928,50,A,0,,,
3068697501,11214,33,BAY 41ST,ST,3,6869,7501,A,0,,,
3068970143,11214,150,BAY 43RD,ST,3,6897,143,A,0,,,
3068970144,11214,152,BAY 43RD,ST,3,6897,144,A,0,421-A (1-15),421-A (1-15),
3069100036,11214,220,BAY 43RD,ST,3,6910,36,A,0,,,
3069140031,11214,182,BAY 47TH,ST,3,6914,31,A,0,,,
3069160025,11214,114,BAY 49TH,ST,3,6916,25,A,0,,GARDEN COMPLEX,
3069170023,11214,82,BAY 50TH,ST,3,6917,23,A,0,421-A (1-15),421-A (1-15),
3069170025,11214,88,BAY 50TH,ST,3,6917,25,A,0,421-A (16),421-A (16),
3063650001,11214,1671,BENSON,AVE,3,6365,1,A,0,,,
3064050025,11214,1854,BENSON,AVE,3,6405,25,A,0,,,
3064050026,11214,1856,BENSON,AVE,3,6405,26,B,0,,,
3064090026,11214,2006,BENSON,AVE,3,6409,26,A,0,,,
3064130030,11214,2126,BENSON,AVE,3,6413,30,A,0,,,
3063790003,11214,2141,BENSON,AVE,3,6379,3,A,0,,,
3063790001,11214,2143,BENSON,AVE,3,6379,1,A,0,,,
3063820006,11214,2225,BENSON,AVE,3,6382,6,A,0,,,
3063830006,11214,2255,BENSON,AVE,3,6383,6,A,0,,,
3068610006,11214,2301,BENSON,AVE,3,6861,6,A,0,,,
3068610001,11214,2313,BENSON,AVE,3,6861,1,A,0,,,
3068630006,11214,2349,BENSON,AVE,3,6863,6,A,0,,,
3068760042,11214,2402,BENSON,AVE,3,6876,42,A,0,,,
3064610036,11214,1662,CROPSEY,AVE,3,6461,36,A,0,,,
3064350008,11214,1755,CROPSEY,AVE,3,6435,8,A,0,,,
3064380009,11214,1853 TO 1855,CROPSEY,AVE,3,6438,9,A,0,,,
3064380004,11214,1865 TO 1867,CROPSEY,AVE,3,6438,4,A,0,,,
3064380003,11214,1869 TO 1871,CROPSEY,AVE,3,6438,3,A,0,,,
3064380001,11214,1873 TO 1875,CROPSEY,AVE,3,6438,1,A,0,,,
3064390003,11214,1915 TO 1917,CROPSEY,AVE,3,6439,3,A,0,,,
3064690001,11214,2034,CROPSEY,AVE,3,6469,1,A,0,,,
3064900001,11214,2100,CROPSEY,AVE,3,6490,1,A,0,,,
3064900005,11214,2106,CROPSEY,AVE,3,6490,5,A,0,,,
3064450009,11214,2107,CROPSEY,AVE,3,6445,9,A,0,,,
3064460007,11214,2137 TO 2153,CROPSEY,AVE,3,6446,7,A,0,,,
3064480001,11214,2215,CROPSEY,AVE,3,6448,1,A,0,,,220 BAY 31ST ST
3064710113,11214,2230,CROPSEY,AVE,3,6471,113,A,0,421-A (16),GARDEN COMPLEX 421-A (16),1625 SHORE PKWY
3064490001,11214,2243,CROPSEY,AVE,3,6449,1,A,0,421-A (1-15),421-A (1-15),
3068880001,11214,2315,CROPSEY,AVE,3,6888,1,A,0,,,
3069270060,11214,2424,CROPSEY,AVE,3,6927,60,A,0,,GARDEN COMPLEX,
3062840019,11214,8001 TO 8011,NEW UTRECHT,AVE,3,6284,19,A,0,,,
3064680016,11214,1429,SHORE,PKWY,3,6468,16,A,0,,GARDEN COMPLEX,
3069407501,11214,2121,SHORE,PKWY,3,6940,7501,A,1,,NON-EVICT COOP/CONDO,
3069240119,11214,2519 TO 2521,W 17TH,ST,3,6924,119,A,0,421-A (1-15),421-A (1-15),
3069240118,11214,2523,W 17TH,ST,3,6924,118,A,0,421-A (1-15),421-A (1-15),
3069240117,11214,2527,W 17TH,ST,3,6924,117,A,0,421-A (16),421-A (16),
3069240116,11214,2529,W 17TH,ST,3,6924,116,A,0,421-A (1-15),421-A (1-15),
3010160002,11215,292 TO 300,10TH,ST,3,1016,2,A,0,,,453 4TH AVE
3010160005,11215,304,10TH,ST,3,1016,5,A,0,,,
3010100026,11215,341 TO 343,10TH,ST,3,1010,26,A,0,,,288396 9TH ST
3010930074,11215,633,10TH,ST,3,1093,74,A,0,,,
3010950007,11215,634,10TH,ST,3,1095,7,A,0,,,
3010950014,11215,648,10TH,ST,3,1095,14,A,0,,NO REG,
3010930056,11215,669,10TH,ST,3,1093,56,A,0,,,
3010220045,11215,320,11TH,ST,3,1022,45,A,0,,,
3010230018,11215,352,11TH,ST,3,1023,18,B,0,,,
3010230021,11215,358,11TH,ST,3,1023,21,A,0,,,
3010230022,11215,362,11TH,ST,3,1023,22,A,0,,,
3010967501,11215,492,11TH,ST,3,1096,7501,A,0,,,369379 7TH AVE
3010960008,11215,496,11TH,ST,3,1096,8,A,0,,,
3010960011,11215,500,11TH,ST,3,1096,11,A,0,,,
3010960014,11215,506,11TH,ST,3,1096,14,A,0,,,
3010960027,11215,536,11TH,ST,3,1096,27,A,0,,,
3010960028,11215,540,11TH,ST,3,1096,28,A,0,,,
3010960029,11215,542,11TH,ST,3,1096,29,A,0,,,
3010960031,11215,548,11TH,ST,3,1096,31,A,0,,,
3010960033,11215,552,11TH,ST,3,1096,33,A,0,,,
3010960034,11215,554,11TH,ST,3,1096,34,A,0,,,
3010960035,11215,558,11TH,ST,3,1096,35,A,0,,,
3010950001,11215,573,11TH,ST,3,1095,1,A,0,,,
3010970031,11215,618,11TH,ST,3,1097,31,A,0,,,
3010970034,11215,624,11TH,ST,3,1097,34,A,0,,,
3052560006,11215,1661,11TH,AVE,3,5256,6,A,0,,,
3010270009,11215,156,12TH,ST,3,1027,9,A,0,,,
3010210054,11215,207,12TH,ST,3,1021,54,A,0,,,
3010210053,11215,209,12TH,ST,3,1021,53,A,0,,,
3010220001,11215,223 TO 227,12TH,ST,3,1022,1,A,0,,,
3010280023,11215,250,12TH,ST,3,1028,23,A,0,,,
3010280024,11215,252 TO 254,12TH,ST,3,1028,24,A,0,,,
3010280026,11215,256,12TH,ST,3,1028,26,A,0,,,
3010280027,11215,258,12TH,ST,3,1028,27,A,0,,,
3010280028,11215,260,12TH,ST,3,1028,28,A,0,,,
3010280029,11215,262,12TH,ST,3,1028,29,A,0,,,
3010280031,11215,266,12TH,ST,3,1028,31,A,0,,,
3010290013,11215,296,12TH,ST,3,1029,13,A,0,,,
3010290015,11215,300,12TH,ST,3,1029,15,A,0,,,
3010230069,11215,307 TO 309,12TH,ST,3,1023,69,A,0,,,
3010290019,11215,308,12TH,ST,3,1029,19,A,0,,GARDEN COMPLEX,
3010290020,11215,310 TO 312,12TH,ST,3,1029,20,A,0,,,
3010290027,11215,324,12TH,ST,3,1029,27,A,0,,,
3010290028,11215,326,12TH,ST,3,1029,28,A,0,,,
3010240084,11215,349,12TH,ST,3,1024,84,A,0,,,
3010240081,11215,355,12TH,ST,3,1024,81,A,0,,,
3010300015,11215,358,12TH,ST,3,1030,15,A,0,,,
3010240079,11215,359,12TH,ST,3,1024,79,A,0,,,
3010300027,11215,382,12TH,ST,3,1030,27,A,0,,,
3010240063,11215,383,12TH,ST,3,1024,63,A,0,421-A (16),421-A (16),
3010300038,11215,398,12TH,ST,3,1030,38,A,0,,,
3010240051,11215,399,12TH,ST,3,1024,51,A,0,,,
3010990009,11215,468,12TH,ST,3,1099,9,A,0,,,
3010990011,11215,474,12TH,ST,3,1099,11,A,0,,,
3010990013,11215,476,12TH,ST,3,1099,13,A,0,,,
3010970074,11215,479,12TH,ST,3,1097,74,A,0,,,
3010990016,11215,480,12TH,ST,3,1099,16,A,0,,,
3010970071,11215,485,12TH,ST,3,1097,71,A,0,,,
3010970069,11215,489,12TH,ST,3,1097,69,A,0,,,
3010970067,11215,493,12TH,ST,3,1097,67,A,0,,,
3010977504,11215,497,12TH,ST,3,1097,7504,A,1,,COOP/CONDO PLAN FILE,
3010970056,11215,503 TO 505,12TH,ST,3,1097,56,A,0,,,
3010990034,11215,516,12TH,ST,3,1099,34,A,0,,,
3010990035,11215,518,12TH,ST,3,1099,35,A,0,,,
3010970048,11215,521,12TH,ST,3,1097,48,A,0,,,
3010260042,11215,143,13TH,ST,3,1026,42,A,0,,,
3010330034,11215,204,13TH,ST,3,1033,34,A,0,,,
3010280071,11215,219,13TH,ST,3,1028,71,A,0,,,
3010280068,11215,223,13TH,ST,3,1028,68,A,0,,,
3010280066,11215,225,13TH,ST,3,1028,66,A,0,,,
3010280056,11215,243,13TH,ST,3,1028,56,A,0,J-51,J-51,
3010280054,11215,249,13TH,ST,3,1028,54,A,0,J-51,J-51,
3010300001,11215,331,13TH,ST,3,1030,1,A,0,,,
3010300063,11215,351,13TH,ST,3,1030,63,A,0,,,
3010300052,11215,373,13TH,ST,3,1030,52,A,0,,,
3010300051,11215,375,13TH,ST,3,1030,51,A,0,,,
3010300050,11215,377,13TH,ST,3,1030,50,A,0,,,
3010980052,11215,439,13TH,ST,3,1098,52,A,0,,GARDEN COMPLEX,
3010990001,11215,449 TO 453,13TH,ST,3,1099,1,A,0,,GARDEN COMPLEX,
3010400022,11215,154,14TH,ST,3,1040,22,A,0,,,
3010410011,11215,204,14TH,ST,3,1041,11,A,0,,,
3010340047,11215,239,14TH,ST,3,1034,47,A,0,,,
3010420018,11215,280,14TH,ST,3,1042,18,A,0,,,
3010420020,11215,284,14TH,ST,3,1042,20,A,0,,,
3010420038,11215,310,14TH,ST,3,1042,38,A,0,,,
3010430018,11215,336,14TH,ST,3,1043,18,B,0,,,
3010430019,11215,338,14TH,ST,3,1043,19,A,0,,,
3010430020,11215,340,14TH,ST,3,1043,20,A,0,,,
3010430021,11215,342,14TH,ST,3,1043,21,A,0,,SECTION 610 OF PHFL,
3011000060,11215,409,14TH,ST,3,1100,60,A,0,,,
3011007501,11215,421 TO 427,14TH,ST,3,1100,7501,A,0,,,
3011030009,11215,442,14TH,ST,3,1103,9,A,0,,,
3010400071,11215,95,15TH,ST,3,1040,71,A,0,,,
3010400070,11215,97,15TH,ST,3,1040,70,A,0,,,
3010400064,11215,111,15TH,ST,3,1040,64,A,0,,,
3010400061,11215,117,15TH,ST,3,1040,61,A,0,,,
3010400051,11215,139,15TH,ST,3,1040,51,A,0,,,
3010410067,11215,167,15TH,ST,3,1041,67,A,0,,,
3010410065,11215,171,15TH,ST,3,1041,65,A,0,,,
3010470161,11215,182,15TH,ST,3,1047,161,A,0,,GARDEN COMPLEX,
3010480020,11215,244,15TH,ST,3,1048,20,A,0,,,
3010420059,11215,257,15TH,ST,3,1042,59,A,0,421-A (16),GARDEN COMPLEX 421-A (16),
3010480031,11215,268,15TH,ST,3,1048,31,A,0,,,
3010480032,11215,270,15TH,ST,3,1048,32,A,0,,,
3010430001,11215,285,15TH,ST,3,1043,1,A,0,,,
3010490012,11215,296,15TH,ST,3,1049,12,A,0,,,
3010490013,11215,298,15TH,ST,3,1049,13,A,0,,,
3011040020,11215,388,15TH,ST,3,1104,20,A,0,,,
3011040021,11215,390,15TH,ST,3,1104,21,A,0,,,
3011047508,11215,400 TO 402,15TH,ST,3,1104,7508,A,0,421-A (1-15),421-A (1-15),
3011040032,11215,406,15TH,ST,3,1104,32,A,0,,,
3011030071,11215,417,15TH,ST,3,1103,71,A,0,,GARDEN COMPLEX,
3011050016,11215,440,15TH,ST,3,1105,16,A,0,,,
3011050018,11215,442,15TH,ST,3,1105,18,A,0,,,
3011050020,11215,444,15TH,ST,3,1105,20,A,0,,,
3011050022,11215,446,15TH,ST,3,1105,22,A,1,,NON-EVICT COOP/CONDO,
3011050026,11215,454,15TH,ST,3,1105,26,A,0,,,
3011030054,11215,457,15TH,ST,3,1103,54,A,0,,,
3011050029,11215,458,15TH,ST,3,1105,29,A,0,,,
3011057501,11215,466,15TH,ST,3,1105,7501,A,1,,NON-EVICT COOP/CONDO,
3011050034,11215,470,15TH,ST,3,1105,34,A,0,,,
3010510008,11215,58,16TH,ST,3,1051,8,A,0,,,
3010510010,11215,60,16TH,ST,3,1051,10,A,0,,,
3010510018,11215,76,16TH,ST,3,1051,18,A,0,,,
3010510020,11215,80,16TH,ST,3,1051,20,A,0,,GARDEN COMPLEX,
3010510021,11215,82,16TH,ST,3,1051,21,A,0,,,
3010470061,11215,169,16TH,ST,3,1047,61,A,0,,GARDEN COMPLEX,
3010470056,11215,177,16TH,ST,3,1047,56,A,0,,,
3010470053,11215,185,16TH,ST,3,1047,53,A,0,,,
3010470051,11215,187,16TH,ST,3,1047,51,A,0,,,
3010470050,11215,189,16TH,ST,3,1047,50,A,0,,,
3010480056,11215,235,16TH,ST,3,1048,56,A,0,,,
3010480045,11215,257,16TH,ST,3,1048,45,A,0,,,
3011040070,11215,355,16TH,ST,3,1104,70,A,0,,,
3011040069,11215,357,16TH,ST,3,1104,69,A,0,,,
3011050063,11215,419,16TH,ST,3,1105,63,A,0,,,
3011050061,11215,423,16TH,ST,3,1105,61,A,0,,,
3011050059,11215,427,16TH,ST,3,1105,59,A,0,,,
3011050057,11215,429,16TH,ST,3,1105,57,A,0,,,
3011050052,11215,433,16TH,ST,3,1105,52,A,0,,,
3011050051,11215,435,16TH,ST,3,1105,51,A,0,,,
3011050050,11215,437,16TH,ST,3,1105,50,A,0,,,
3011050049,11215,439,16TH,ST,3,1105,49,A,0,,,
3011050048,11215,441,16TH,ST,3,1105,48,A,0,,,
3011050047,11215,443,16TH,ST,3,1105,47,A,0,,,
3011050045,11215,447,16TH,ST,3,1105,45,B,0,,,
3011050044,11215,449,16TH,ST,3,1105,44,B,0,,,
3011050043,11215,451,16TH,ST,3,1105,43,A,0,,,
3011070062,11215,551,16TH,ST,3,1107,62,A,0,,,
3011070061,11215,553,16TH,ST,3,1107,61,A,0,,,
3006300010,11215,130,17TH,ST,3,630,10,A,0,,,
3006300011,11215,132,17TH,ST,3,630,11,A,0,,,
3006270066,11215,133,17TH,ST,3,627,66,B,0,,,
3006300012,11215,134,17TH,ST,3,630,12,A,0,,,
3006300015,11215,140 TO 142,17TH,ST,3,630,15,A,0,,,
3006300017,11215,144,17TH,ST,3,630,17,A,0,,,
3006300018,11215,146,17TH,ST,3,630,18,A,0,,,
3006310013,11215,182,17TH,ST,3,631,13,A,0,,,
3006280063,11215,203,17TH,ST,3,628,63,A,0,,,
3008730023,11215,268,17TH,ST,3,873,23,A,0,,,
3008680054,11215,349,17TH,ST,3,868,54,A,0,,,
3008680053,11215,351,17TH,ST,3,868,53,A,0,,,
3008690068,11215,399,17TH,ST,3,869,68,A,0,,GARDEN COMPLEX,
3008700070,11215,437,17TH,ST,3,870,70,A,0,J-51,J-51,
3008700068,11215,443,17TH,ST,3,870,68,A,0,,,
3008700057,11215,463,17TH,ST,3,870,57,A,0,,GARDEN COMPLEX,
3008700055,11215,467,17TH,ST,3,870,55,A,0,,,
3008700053,11215,469,17TH,ST,3,870,53,A,0,,,
3008700044,11215,485 TO 491,17TH,ST,3,870,44,A,0,,,272 PROSPECT PARK W
3008770010,11215,502,17TH,ST,3,877,10,A,0,,,275 PROSPECT PARK W
3008710066,11215,509,17TH,ST,3,871,66,A,0,,,
3008710064,11215,513,17TH,ST,3,871,64,A,0,,,
3008710046,11215,549A,17TH,ST,3,871,46,A,0,421-A (1-15),421-A (1-15),
3008710044,11215,553,17TH,ST,3,871,44,A,0,,,
3008710043,11215,555,17TH,ST,3,871,43,A,0,,,
3006300045,11215,159,18TH,ST,3,630,45,A,0,,,
3006300044,11215,161,18TH,ST,3,630,44,A,0,,,
3006310078,11215,187,18TH,ST,3,631,78,A,0,421-G,421-G,
3006310067,11215,207,18TH,ST,3,631,67,A,0,,,
3006310057,11215,223,18TH,ST,3,631,57,A,0,,,
3008790013,11215,252,18TH,ST,3,879,13,A,0,,GARDEN COMPLEX,
3008740074,11215,329,18TH,ST,3,874,74,A,0,,,
3008797505,11215,249,19TH,ST,3,879,7505,A,0,,,655 5TH AVE
3008797504,11215,251,19TH,ST,3,879,7504,A,0,,,
3008850019,11215,260,19TH,ST,3,885,19,A,0,,,
3008850030,11215,276,19TH,ST,3,885,30,A,0,,,
3008850031,11215,278,19TH,ST,3,885,31,A,0,,,
3008850035,11215,284,19TH,ST,3,885,35,A,0,,,
3008790058,11215,285,19TH,ST,3,879,58,B,0,,,
3008850036,11215,286,19TH,ST,3,885,36,A,0,,,
3009690023,11215,272,1ST,ST,3,969,23,A,0,,,
3009690024,11215,274,1ST,ST,3,969,24,A,0,,,
3009690036,11215,298,1ST,ST,3,969,36,A,0,,,
3009700010,11215,314,1ST,ST,3,970,10,A,0,,,
3009650071,11215,325,1ST,ST,3,965,71,A,0,,,
3009660001,11215,391,1ST,ST,3,966,1,A,0,,,
3009710014,11215,392,1ST,ST,3,971,14,A,0,,,
3009710015,11215,394,1ST,ST,3,971,15,A,0,,,
3009667502,11215,397,1ST,ST,3,966,7502,A,1,,NON-EVICT COOP/CONDO,
3009660056,11215,437,1ST,ST,3,966,56,A,0,,,
3009660054,11215,439,1ST,ST,3,966,54,B,0,,,
3009660051,11215,443,1ST,ST,3,966,51,A,0,,,
3010760008,11215,458,1ST,ST,3,1076,8,A,0,,,
3010760032,11215,504,1ST,ST,3,1076,32,A,0,,GARDEN COMPLEX,
3008850073,11215,251,20TH,ST,3,885,73,A,0,,,
3008850064,11215,267,20TH,ST,3,885,64,A,0,,,
3008850062,11215,271,20TH,ST,3,885,62,A,0,,,
3008910026,11215,276,20TH,ST,3,891,26,A,0,421-A (16),421-A (16),
3008850052,11215,289,20TH,ST,3,885,52,A,0,,,
3008910033,11215,290,20TH,ST,3,891,33,A,0,,GARDEN COMPLEX,
3008910034,11215,292,20TH,ST,3,891,34,A,0,,ROOMING HOUSE,
3008850050,11215,293,20TH,ST,3,885,50,A,0,,,
3008910037,11215,300,20TH,ST,3,891,37,B,0,,,
3008860075,11215,319,20TH,ST,3,886,75,A,0,,,
3008860064,11215,341,20TH,ST,3,886,64,B,0,421-A (1-15),421-A (1-15),
3008860063,11215,343,20TH,ST,3,886,63,B,0,421-A (1-15),421-A (1-15),
3008860048,11215,365 TO 371,20TH,ST,3,886,48,B,0,,,
3008870067,11215,401,20TH,ST,3,887,67,A,0,,,
3008870049,11215,431,20TH,ST,3,887,49,A,0,,,
3008910074,11215,247,21ST,ST,3,891,74,A,0,,,
3008910072,11215,249,21ST,ST,3,891,72,A,0,,,
3008910058,11215,279,21ST,ST,3,891,58,A,0,,,
3008980010,11215,300,21ST,ST,3,898,10,A,0,421-A (1-15),421-A (1-15),
3008980011,11215,304,21ST,ST,3,898,11,A,0,421-A (1-15),421-A (1-15),
3008980111,11215,306,21ST,ST,3,898,111,A,0,421-A (1-15),421-A (1-15),
3008980022,11215,326,21ST,ST,3,898,22,A,0,,,
3008980023,11215,328,21ST,ST,3,898,23,A,0,421-A (16),421-A (16),
3008980029,11215,336,21ST,ST,3,898,29,A,0,,,
3008980031,11215,338,21ST,ST,3,898,31,A,0,,,
3008980032,11215,340,21ST,ST,3,898,32,A,0,,,
3008980033,11215,342,21ST,ST,3,898,33,A,0,,,
3008980034,11215,344,21ST,ST,3,898,34,A,0,,,
3008980035,11215,346,21ST,ST,3,898,35,A,0,,,
3008980037,11215,354,21ST,ST,3,898,37,A,0,,,
3008980038,11215,356,21ST,ST,3,898,38,A,0,,,
3008990022,11215,266,22ND,ST,3,899,22,A,0,421-A (1-15),421-A (1-15),
3008970050,11215,279,22ND,ST,3,897,50,A,0,,,
3008970049,11215,281,22ND,ST,3,897,49,A,0,,,
3008970048,11215,283,22ND,ST,3,897,48,A,0,,,
3009000010,11215,306,22ND,ST,3,900,10,A,0,,,
3009000036,11215,352,22ND,ST,3,900,36,A,0,,GARDEN COMPLEX,
3009000038,11215,356,22ND,ST,3,900,38,A,0,,,
3008990067,11215,249,23RD,ST,3,899,67,A,0,,,
3008990058,11215,265,23RD,ST,3,899,58,A,0,,,
3008990049,11215,281,23RD,ST,3,899,49,A,0,,,
3008990144,11215,293,23RD,ST,3,899,144,A,0,421-A (1-15),421-A (1-15),
3008990143,11215,295,23RD,ST,3,899,143,A,0,421-A (1-15),421-A (1-15),
3009000067,11215,301,23RD,ST,3,900,67,A,0,,,
3009007504,11215,312,23RD,ST,3,900,7504,B,0,,,
3009000048,11215,318,23RD,ST,3,900,48,A,0,,,
3009690050,11215,337,2ND,ST,3,969,50,A,0,,,
3009690048,11215,339,2ND,ST,3,969,48,A,0,,,
3009750011,11215,376,2ND,ST,3,975,11,A,0,,,
3009750013,11215,380,2ND,ST,3,975,13,A,0,,,
3009750014,11215,384,2ND,ST,3,975,14,A,0,,,
3009750017,11215,390,2ND,ST,3,975,17,A,0,,,
3009750025,11215,404,2ND,ST,3,975,25,A,0,,,
3009750032,11215,416,2ND,ST,3,975,32,A,0,,,
3009710078,11215,439,2ND,ST,3,971,78,A,0,,,
3009710076,11215,441,2ND,ST,3,971,76,A,0,,,
3009710074,11215,443,2ND,ST,3,971,74,A,0,,,
3010780013,11215,520,2ND,ST,3,1078,13,A,0,,,
3010780016,11215,526 TO 534,2ND,ST,3,1078,16,A,0,,,
3010780031,11215,556,2ND,ST,3,1078,31,A,0,,GARDEN COMPLEX,
3010770001,11215,573,2ND,ST,3,1077,1,A,0,,,
3010790017,11215,606,2ND,ST,3,1079,17,A,0,,,
3010790027,11215,628,2ND,ST,3,1079,27,A,0,,,
3004400034,11215,256,3RD,AVE,3,440,34,A,0,,,
3004410005,11215,257,3RD,AVE,3,441,5,A,0,,,
3004470031,11215,276,3RD,AVE,3,447,31,A,0,,,
3009740001,11215,295 TO 301,3RD,ST,3,974,1,A,0,,,
3009740073,11215,303,3RD,ST,3,974,73,A,0,,,
3009740062,11215,323,3RD,ST,3,974,62,A,0,,,
3009740061,11215,325,3RD,ST,3,974,61,A,0,,GARDEN COMPLEX,
3009740055,11215,335 TO 337,3RD,ST,3,974,55,A,0,,,
3009827503,11215,392,3RD,ST,3,982,7503,A,0,,,
3009750048,11215,419,3RD,ST,3,975,48,A,0,,,
3009970007,11215,427,3RD,AVE,3,997,7,A,0,,,
3009970006,11215,429 TO 433,3RD,AVE,3,997,6,A,0,421-A (1-15),421-A (1-15),
3009760001,11215,433,3RD,ST,3,976,1,A,0,,,
3009760066,11215,441,3RD,ST,3,976,66,A,1,,NON-EVICT COOP/CONDO,
3009760064,11215,445,3RD,ST,3,976,64,A,0,,,
3010020029,11215,446,3RD,AVE,3,1002,29,A,0,,,
3009760062,11215,449,3RD,ST,3,976,62,A,0,,,
3010020031,11215,450,3RD,AVE,3,1002,31,A,0,,,
3009830012,11215,450,3RD,ST,3,983,12,A,0,,GARDEN COMPLEX,
3009760056,11215,461,3RD,ST,3,976,56,A,0,,,
3009830024,11215,474,3RD,ST,3,983,24,A,1,,NON-EVICT COOP/CONDO,
3009760054,11215,477,3RD,ST,3,976,54,A,0,,,
3010140047,11215,484,3RD,AVE,3,1014,47,B,0,,,
3010140048,11215,486,3RD,AVE,3,1014,48,A,0,,,
3009830031,11215,488,3RD,ST,3,983,31,A,1,,NON-EVICT COOP/CONDO,
3009830033,11215,492,3RD,ST,3,983,33,B,0,,,
3009830039,11215,504,3RD,ST,3,983,39,A,0,,,
3010270007,11215,517,3RD,AVE,3,1027,7,A,0,,,
3010780060,11215,533,3RD,ST,3,1078,60,A,0,,,
3010260040,11215,534,3RD,AVE,3,1026,40,A,0,,,
3010790001,11215,573 TO 579,3RD,ST,3,1079,1,B,0,,,
3010460007,11215,577,3RD,AVE,3,1046,7,A,0,421-A (16),421-A (16),
3009557506,11215,225,4TH,AVE,3,955,7506,A,0,421-A (1-15),421-A (1-15),
3004410034,11215,234,4TH,AVE,3,441,34,A,0,,,
3009850008,11215,308,4TH,ST,3,985,8,A,0,,GARDEN COMPLEX,
3009740005,11215,315,4TH,AVE,3,974,5,A,0,,,
3009740003,11215,317,4TH,AVE,3,974,3,A,0,,,
3009820062,11215,333 TO 347,4TH,ST,3,982,62,A,1,,NON-EVICT COOP/CONDO,
3009930004,11215,397,4TH,AVE,3,993,4,A,0,,,
3009930003,11215,399,4TH,AVE,3,993,3,A,0,,,
3009930002,11215,401,4TH,AVE,3,993,2,A,0,,,
3009920036,11215,404,4TH,AVE,3,992,36,A,0,,,
3009920037,11215,406,4TH,AVE,3,992,37,A,0,,,
3009920040,11215,412,4TH,AVE,3,992,40,B,0,,,
3009920042,11215,414,4TH,AVE,3,992,42,A,0,,,
3009970047,11215,426 TO 428,4TH,AVE,3,997,47,A,0,421-A (1-15),421-A (1-15),
3009830045,11215,451,4TH,ST,3,983,45,A,0,,,
3010160081,11215,463,4TH,AVE,3,1016,81,A,0,,,
3010220008,11215,469,4TH,AVE,3,1022,8,A,0,,,
3010800068,11215,469,4TH,ST,3,1080,68,A,0,,,
3010150043,11215,470,4TH,AVE,3,1015,43,A,0,421-A (1-15),421-A (1-15),233243 11TH ST
3010800066,11215,473,4TH,ST,3,1080,66,A,0,,,
3010220006,11215,475,4TH,AVE,3,1022,6,A,0,,,
3010220002,11215,481,4TH,AVE,3,1022,2,A,0,,,
3010210048,11215,492,4TH,AVE,3,1021,48,A,0,,,
3010330037,11215,518,4TH,AVE,3,1033,37,A,0,,,
3010810001,11215,525,4TH,ST,3,1081,1,A,0,,,
3010470003,11215,541 TO 555,4TH,AVE,3,1047,3,A,0,421-A (16),421-A (16),
3010810069,11215,543,4TH,ST,3,1081,69,A,0,,,
3010400048,11215,546,4TH,AVE,3,1040,48,A,0,421-A (1-15),421-A (1-15),
3010810067,11215,547,4TH,ST,3,1081,67,A,0,,,
3010810061,11215,561,4TH,ST,3,1081,61,A,0,,GARDEN COMPLEX,
3010510033,11215,574,4TH,AVE,3,1051,33,A,0,421-A (1-15),421-A (1-15),
3010510039,11215,582 TO 588,4TH,AVE,3,1051,39,A,0,421-A (16),421-A (16),175181 PROSPECT AVE
3006300035,11215,618,4TH,AVE,3,630,35,B,0,,,
3009560004,11215,219,5TH,AVE,3,956,4,A,0,,,
3009590008,11215,229,5TH,AVE,3,959,8,A,0,,,
3009590007,11215,231,5TH,AVE,3,959,7,A,0,,,
3009590005,11215,233,5TH,AVE,3,959,5,A,0,,,
3009590004,11215,235,5TH,AVE,3,959,4,A,0,,,
3009590002,11215,237,5TH,AVE,3,959,2,A,0,,,
3009580045,11215,238 TO 240,5TH,AVE,3,958,45,A,0,,,
3009580046,11215,242,5TH,AVE,3,958,46,A,0,,,
3009580048,11215,244,5TH,AVE,3,958,48,A,0,,,
3009610034,11215,254,5TH,AVE,3,961,34,A,0,,,
3009610035,11215,256,5TH,AVE,3,961,35,A,0,,,
3009610036,11215,258,5TH,AVE,3,961,36,A,0,,,
3009610037,11215,260,5TH,AVE,3,961,37,A,0,,,
3009610038,11215,262,5TH,AVE,3,961,38,A,0,,,
3009640039,11215,274,5TH,AVE,3,964,39,A,0,,,
3009640041,11215,276,5TH,AVE,3,964,41,A,0,,,
3009700009,11215,283,5TH,AVE,3,970,9,A,0,,,
3009700004,11215,291,5TH,AVE,3,970,4,A,0,,,
3009690041,11215,294,5TH,AVE,3,969,41,A,0,,,
3009740036,11215,308,5TH,AVE,3,974,36,A,0,421-A (1-15),421-A (1-15),
3009740038,11215,310,5TH,AVE,3,974,38,A,0,,,
3009870039,11215,330 TO 332,5TH,ST,3,987,39,A,0,,,
3009850001,11215,339,5TH,ST,3,985,1,A,0,,,
3009850007,11215,341,5TH,AVE,3,985,7,A,0,,,
3009850006,11215,343,5TH,AVE,3,985,6,A,0,,,
3009850005,11215,347,5TH,AVE,3,985,5,A,0,,,
3009850004,11215,349,5TH,AVE,3,985,4,A,0,,,
3009850003,11215,351,5TH,AVE,3,985,3,B,0,,,
3009850002,11215,355,5TH,AVE,3,985,2,B,0,,,
3009880007,11215,363,5TH,AVE,3,988,7,A,0,,,
3009880006,11215,365,5TH,AVE,3,988,6,A,0,,,
3009880004,11215,369,5TH,AVE,3,988,4,B,0,,,
3009880003,11215,371,5TH,AVE,3,988,3,A,0,,,
3009880002,11215,373 TO 375,5TH,AVE,3,988,2,A,0,,,
3010050003,11215,437,5TH,AVE,3,1005,3,A,0,,,
3010230008,11215,481,5TH,AVE,3,1023,8,A,0,,,
3010230007,11215,483,5TH,AVE,3,1023,7,A,0,,,
3010230005,11215,487,5TH,AVE,3,1023,5,A,0,,,
3010230001,11215,493,5TH,AVE,3,1023,1,A,0,,,
3010827501,11215,515,5TH,ST,3,1082,7501,A,1,,NON-EVICT COOP/CONDO,
3010820052,11215,519,5TH,ST,3,1082,52,A,0,,,
3010840029,11215,522,5TH,ST,3,1084,29,A,0,,,
3010840031,11215,524,5TH,ST,3,1084,31,A,0,,,
3010820049,11215,525,5TH,ST,3,1082,49,A,1,,NON-EVICT COOP/CONDO,
3010820047,11215,527 TO 529,5TH,ST,3,1082,47,A,0,,,
3010840032,11215,528,5TH,ST,3,1084,32,A,0,,,
3010840034,11215,532,5TH,ST,3,1084,34,A,0,,,
3010850014,11215,568,5TH,ST,3,1085,14,A,0,,,
3010830065,11215,571,5TH,ST,3,1083,65,A,0,,,
3010520044,11215,572,5TH,AVE,3,1052,44,A,0,421-A (1-15),421-A (1-15),
3010850017,11215,574,5TH,ST,3,1085,17,B,0,J-51,GARDEN COMPLEX J-51,
3010480001,11215,575,5TH,AVE,3,1048,1,A,0,,ROOMING HOUSE,
3010530015,11215,577,5TH,AVE,3,1053,15,A,0,,,
3010850023,11215,582,5TH,ST,3,1085,23,A,0,,,
3006460045,11215,716,5TH,AVE,3,646,45,A,0,,,
3006460046,11215,718,5TH,AVE,3,646,46,A,0,,,
3008990003,11215,719,5TH,AVE,3,899,3,A,0,,,
3006460047,11215,720,5TH,AVE,3,646,47,A,0,,,
3009570003,11215,211,6TH,AVE,3,957,3,A,0,,,
3009620034,11215,236,6TH,AVE,3,962,34,B,0,,,
3009920023,11215,242,6TH,ST,3,992,23,A,0,,,
3009920032,11215,254,6TH,ST,3,992,32,A,0,,GARDEN COMPLEX,
3009650038,11215,264,6TH,AVE,3,965,38,A,1,,NON-EVICT COOP/CONDO,
3009870001,11215,267,6TH,ST,3,987,1,A,0,421-A (1-15),421-A (1-15),
3009650044,11215,272,6TH,AVE,3,965,44,A,0,,,
3009930014,11215,286,6TH,ST,3,993,14,B,0,,,
3009930015,11215,288,6TH,ST,3,993,15,B,0,,,
3009930020,11215,300,6TH,ST,3,993,20,A,0,,,
3009930028,11215,316,6TH,ST,3,993,28,A,0,,,
3009930029,11215,318 TO 320,6TH,ST,3,993,29,A,0,,,
3009930031,11215,322 TO 324,6TH,ST,3,993,31,A,1,,NON-EVICT COOP/CONDO,
3009990037,11215,398,6TH,AVE,3,999,37,A,0,,,
3009950005,11215,399,6TH,AVE,3,995,5,A,0,,,
3009990038,11215,400,6TH,AVE,3,999,38,A,0,,,
3009950003,11215,403,6TH,AVE,3,995,3,A,0,,,
3009950036,11215,464,6TH,ST,3,995,36,A,0,,,
3010230045,11215,480,6TH,AVE,3,1023,45,A,0,,,
3010240005,11215,485,6TH,AVE,3,1024,5,A,0,,,
3010240085,11215,493 TO 497,6TH,AVE,3,1024,85,A,0,,,
3010300004,11215,511,6TH,AVE,3,1030,4,A,0,,,
3010300003,11215,513,6TH,AVE,3,1030,3,A,0,,,
3010420043,11215,528,6TH,AVE,3,1042,43,A,0,,,
3010430003,11215,547,6TH,AVE,3,1043,3,A,0,,,
3010490006,11215,561,6TH,AVE,3,1049,6,A,0,,,
3010490104,11215,563,6TH,AVE,3,1049,104,A,0,421-A (1-15),421-A (1-15),
3010540020,11215,573,6TH,AVE,3,1054,20,A,0,,,
3010530059,11215,582,6TH,AVE,3,1053,59,A,0,,,
3010850061,11215,585,6TH,ST,3,1085,61,A,0,,,
3010540010,11215,585 TO 593,6TH,AVE,3,1054,10,A,0,421-A (1-15),421-A (1-15),
3010530061,11215,586,6TH,AVE,3,1053,61,A,0,,,
3010530062,11215,588,6TH,AVE,3,1053,62,A,0,,,
3010870022,11215,594,6TH,ST,3,1087,22,A,0,,,
3010850051,11215,605,6TH,ST,3,1085,51,A,0,,,
3008680003,11215,615 TO 619,6TH,AVE,3,868,3,A,0,,,
3008790048,11215,646,6TH,AVE,3,879,48,A,0,,,
3008790049,11215,648,6TH,AVE,3,879,49,A,0,,,
3008790050,11215,650,6TH,AVE,3,879,50,A,0,,,
3008850044,11215,662,6TH,AVE,3,885,44,A,0,,,
3008850045,11215,664,6TH,AVE,3,885,45,A,0,,,
3008850046,11215,666,6TH,AVE,3,885,46,A,0,,,
3008850047,11215,668,6TH,AVE,3,885,47,A,0,421-A (1-15),421-A (1-15),
3008850048,11215,670,6TH,AVE,3,885,48,A,0,,,
3008920009,11215,693,6TH,AVE,3,892,9,A,0,,,
3008990041,11215,714,6TH,AVE,3,899,41,A,0,,,
3008990042,11215,716,6TH,AVE,3,899,42,A,0,421-A (1-15),421-A (1-15),
3008990043,11215,718,6TH,AVE,3,899,43,A,0,421-A (1-15),421-A (1-15),
3009600038,11215,114,7TH,AVE,3,960,38,A,0,,,
3010690010,11215,137,7TH,AVE,3,1069,10,A,0,,GARDEN COMPLEX,
3009630054,11215,138,7TH,AVE,3,963,54,A,0,,ROOMING HOUSE,
3009630062,11215,152,7TH,AVE,3,963,62,A,0,,,
3009660040,11215,158,7TH,AVE,3,966,40,A,0,,,
3009660042,11215,160,7TH,AVE,3,966,42,A,0,,,
3009660043,11215,162,7TH,AVE,3,966,43,A,0,,,
3009660047,11215,168,7TH,AVE,3,966,47,A,0,,,
3010760007,11215,175,7TH,AVE,3,1076,7,A,0,,,
3010760006,11215,177,7TH,AVE,3,1076,6,A,0,,,
3010760005,11215,179,7TH,AVE,3,1076,5,A,0,,,
3010760004,11215,181,7TH,AVE,3,1076,4,A,0,,,
3010760003,11215,183,7TH,AVE,3,1076,3,A,0,,,
3010780006,11215,195,7TH,AVE,3,1078,6,A,0,,,
3010780004,11215,197,7TH,AVE,3,1078,4,B,0,,,
3010800006,11215,209,7TH,AVE,3,1080,6,A,0,,,
3010800005,11215,217,7TH,AVE,3,1080,5,A,0,,,
3010800004,11215,219,7TH,AVE,3,1080,4,A,0,,,
3009830041,11215,226,7TH,AVE,3,983,41,A,0,,GARDEN COMPLEX,
3009830044,11215,230,7TH,AVE,3,983,44,A,0,,,
3009860043,11215,238,7TH,AVE,3,986,43,A,0,,,
3009860044,11215,240,7TH,AVE,3,986,44,A,0,,,
3009930072,11215,273 TO 277,7TH,ST,3,993,72,A,0,,,
3009950043,11215,284,7TH,AVE,3,995,43,A,0,,,
3010000040,11215,294,7TH,AVE,3,1000,40,A,0,,,
3009930058,11215,301,7TH,ST,3,993,58,A,0,,,
3009930056,11215,303,7TH,ST,3,993,56,A,0,,,
3009930055,11215,305,7TH,ST,3,993,55,A,0,,GARDEN COMPLEX,
3010900003,11215,311,7TH,AVE,3,1090,3,A,0,,,
3010900002,11215,313,7TH,AVE,3,1090,2,A,0,,,
3010060041,11215,322,7TH,AVE,3,1006,41,A,0,,,
3010060042,11215,324,7TH,AVE,3,1006,42,B,0,,GARDEN COMPLEX,
3010120042,11215,340,7TH,AVE,3,1012,42,A,0,,,
3009990017,11215,350,7TH,ST,3,999,17,A,1,,NON-EVICT COOP/CONDO,
3009990020,11215,352,7TH,ST,3,999,20,A,0,,,
3009940069,11215,361,7TH,ST,3,994,69,A,0,,,
3009990030,11215,374,7TH,ST,3,999,30,A,0,,,
3010240042,11215,374,7TH,AVE,3,1024,42,A,0,,ROOMING HOUSE,
3010240044,11215,378,7TH,AVE,3,1024,44,A,0,,,
3010960004,11215,383,7TH,AVE,3,1096,4,A,0,,,
3010300040,11215,392 TO 396,7TH,AVE,3,1030,40,A,0,,,
3010300043,11215,400,7TH,AVE,3,1030,43,A,0,,GARDEN COMPLEX,
3009950001,11215,405,7TH,ST,3,995,1,A,0,,,
3011000008,11215,409,7TH,AVE,3,1100,8,A,0,,,
3011000006,11215,413,7TH,AVE,3,1100,6,A,0,,,
3010490044,11215,442 TO 444,7TH,AVE,3,1049,44,A,0,421-A (1-15),421-A (1-15),
3011040006,11215,445,7TH,AVE,3,1104,6,A,0,,,
3011040005,11215,447,7TH,AVE,3,1104,5,A,0,,,
3011040003,11215,451,7TH,AVE,3,1104,3,A,0,,,
3010490149,11215,456,7TH,AVE,3,1049,149,A,0,,NO REG,
3010880006,11215,466 TO 472,7TH,ST,3,1088,6,A,0,,,
3011080001,11215,477,7TH,AVE,3,1108,1,A,0,,,1 WINDSOR PL
3011120001,11215,497,7TH,AVE,3,1112,1,A,0,,,
3010890011,11215,550,7TH,ST,3,1089,11,A,0,,GARDEN COMPLEX,
3010890015,11215,558,7TH,ST,3,1089,15,A,0,,,
3008860044,11215,564,7TH,AVE,3,886,44,B,0,,,
3008860047,11215,570,7TH,AVE,3,886,47,A,0,,,
3010897501,11215,570,7TH,ST,3,1089,7501,A,1,,NON-EVICT COOP/CONDO,
3008920040,11215,576,7TH,AVE,3,892,40,A,0,,,
3008920043,11215,582,7TH,AVE,3,892,43,A,0,,,
3008920044,11215,584,7TH,AVE,3,892,44,A,0,,,
3008920045,11215,586,7TH,AVE,3,892,45,A,0,,,
3010650031,11215,78,8TH,AVE,3,1065,31,A,1,,NON-EVICT COOP/CONDO,
3010660006,11215,81,8TH,AVE,3,1066,6,A,0,,,
3010660005,11215,83,8TH,AVE,3,1066,5,A,0,,,
3010670039,11215,100,8TH,AVE,3,1067,39,A,0,,,
3010670043,11215,106,8TH,AVE,3,1067,43,A,0,,,
3010680003,11215,115,8TH,AVE,3,1068,3,A,1,,NON-EVICT COOP/CONDO,
3010670045,11215,118,8TH,AVE,3,1067,45,A,1,,NON-EVICT COOP/CONDO,
3010710014,11215,130,8TH,AVE,3,1071,14,A,1,,NON-EVICT COOP/CONDO,
3010710004,11215,140,8TH,AVE,3,1071,4,A,1,,NON-EVICT COOP/CONDO,
3010710027,11215,154,8TH,AVE,3,1071,27,A,0,,,
3009970070,11215,177,8TH,ST,3,997,70,A,0,,,
3009970069,11215,179,8TH,ST,3,997,69,A,0,,,
3010750001,11215,189 TO 193,8TH,AVE,3,1075,1,A,0,,,
3010740042,11215,190,8TH,AVE,3,1074,42,A,0,,,
3010770007,11215,199,8TH,AVE,3,1077,7,A,1,,NON-EVICT COOP/CONDO,
3010030038,11215,202,8TH,ST,3,1003,38,A,0,421-A (1-15),421-A (1-15),
3010770005,11215,203,8TH,AVE,3,1077,5,A,0,,,
3010770004,11215,207,8TH,AVE,3,1077,4,A,0,,,
3010790005,11215,225,8TH,AVE,3,1079,5,A,1,,NON-EVICT COOP/CONDO,
3009980070,11215,225,8TH,ST,3,998,70,A,0,,,
3009980069,11215,227,8TH,ST,3,998,69,A,0,,,
3009980068,11215,229,8TH,ST,3,998,68,A,0,,,
3009980066,11215,231,8TH,ST,3,998,66,A,0,,,
3010040016,11215,234,8TH,ST,3,1004,16,A,0,,GARDEN COMPLEX,
3010040017,11215,236,8TH,ST,3,1004,17,A,0,,,
3010040018,11215,238,8TH,ST,3,1004,18,A,0,,,
3009980056,11215,251,8TH,ST,3,998,56,A,0,,,
3010800035,11215,300,8TH,AVE,3,1080,35,A,1,J-51,J-51 NON-EVICT COOP/CONDO,
3010810005,11215,305,8TH,AVE,3,1081,5,A,1,,EVICT COOP/CONDO,
3009990060,11215,311,8TH,ST,3,999,60,A,0,,,
3010810003,11215,315,8TH,AVE,3,1081,3,A,0,J-51,J-51,
3010050037,11215,334,8TH,ST,3,1005,37,A,0,,,
3010050038,11215,338,8TH,ST,3,1005,38,A,0,,,
3010060020,11215,374,8TH,ST,3,1006,20,A,0,,GARDEN COMPLEX,
3010060031,11215,394,8TH,ST,3,1006,31,A,0,,,
3010060036,11215,400,8TH,ST,3,1006,36,A,0,,,
3010830005,11215,401,8TH,AVE,3,1083,5,A,1,,NON-EVICT COOP/CONDO,
3010060037,11215,402,8TH,ST,3,1006,37,B,0,,GARDEN COMPLEX,314 7TH AVE
3010820037,11215,404,8TH,AVE,3,1082,37,A,0,,,
3010820039,11215,408,8TH,AVE,3,1082,39,A,0,,,
3010827502,11215,412,8TH,AVE,3,1082,7502,A,0,,,
3010900004,11215,414,8TH,ST,3,1090,4,A,0,,,
3010900027,11215,458,8TH,ST,3,1090,27,A,0,,,
3010900035,11215,474,8TH,ST,3,1090,35,A,0,,,
3010917501,11215,484,8TH,ST,3,1091,7501,A,0,,,
3010850006,11215,509,8TH,AVE,3,1085,6,B,0,,,
3010890066,11215,515,8TH,ST,3,1089,66,B,0,,,
3010890065,11215,519,8TH,ST,3,1089,65,A,0,,,
3010890061,11215,529,8TH,ST,3,1089,61,B,0,,,
3010890059,11215,533,8TH,ST,3,1089,59,B,0,,,
3010890058,11215,537,8TH,ST,3,1089,58,A,0,,GARDEN COMPLEX,
3010890052,11215,553,8TH,ST,3,1089,52,A,0,,,
3010890048,11215,563,8TH,ST,3,1089,48,A,1,,NON-EVICT COOP/CONDO,
3010890045,11215,571,8TH,ST,3,1089,45,A,0,,,
3010880035,11215,702 TO 704,8TH,AVE,3,1088,35,A,0,,,
3010890001,11215,719,8TH,AVE,3,1089,1,A,0,,,
3010910008,11215,805,8TH,AVE,3,1091,8,A,0,,,
3010900037,11215,808,8TH,AVE,3,1090,37,A,0,,,
3010910006,11215,809,8TH,AVE,3,1091,6,A,0,,,
3010900040,11215,816,8TH,AVE,3,1090,40,A,0,,,
3010910002,11215,817,8TH,AVE,3,1091,2,A,0,,,
3010930001,11215,911,8TH,AVE,3,1093,1,A,0,,,
3010970004,11215,1117,8TH,AVE,3,1097,4,A,0,,,
3010970002,11215,1121,8TH,AVE,3,1097,2,A,0,,,
3010990008,11215,1203,8TH,AVE,3,1099,8,A,0,,,
3010990007,11215,1205,8TH,AVE,3,1099,7,A,0,,,
3010990006,11215,1207,8TH,AVE,3,1099,6,A,0,,,
3010990004,11215,1209,8TH,AVE,3,1099,4,A,1,,NON-EVICT COOP/CONDO,
3010990003,11215,1211,8TH,AVE,3,1099,3,A,0,,,
3011030001,11215,1419,8TH,AVE,3,1103,1,A,0,,,
3011120050,11215,1632,8TH,AVE,3,1112,50,A,0,,,
3011130007,11215,1643,8TH,AVE,3,1113,7,A,0,,,
3011130006,11215,1645,8TH,AVE,3,1113,6,A,0,,,
3011130004,11215,1649,8TH,AVE,3,1113,4,A,0,,,
3011130003,11215,1651,8TH,AVE,3,1113,3,A,0,,,
3011130001,11215,1657,8TH,AVE,3,1113,1,A,0,,,
3008700006,11215,1663,8TH,AVE,3,870,6,A,0,,,
3008700002,11215,1683,8TH,AVE,3,870,2,A,0,,,
3008870044,11215,1908,8TH,AVE,3,887,44,A,0,,,
3008870045,11215,1912,8TH,AVE,3,887,45,A,0,,,
3008870047,11215,1918,8TH,AVE,3,887,47,A,0,,,
3010080008,11215,130,9TH,ST,3,1008,8,A,0,,,
3010020053,11215,147,9TH,ST,3,1002,53,A,0,,,
3010080019,11215,152,9TH,ST,3,1008,19,B,0,,,
3010020042,11215,169,9TH,ST,3,1002,42,A,0,J-51,J-51,
3010100010,11215,262 TO 264,9TH,ST,3,1010,10,A,0,421-A (16),421-A (16),
3010040062,11215,267,9TH,ST,3,1004,62,A,0,,,
3010057502,11215,351 TO 365,9TH,ST,3,1005,7502,B,0,,,
3010060055,11215,415,9TH,ST,3,1006,55,A,0,,,
3010900074,11215,439,9TH,ST,3,1090,74,A,0,,,
3010900063,11215,461,9TH,ST,3,1090,63,A,0,,,
3010900048,11215,491,9TH,ST,3,1090,48,A,0,,,
3010900042,11215,505,9TH,ST,3,1090,42,A,0,,,
3010910001,11215,511,9TH,ST,3,1091,1,A,0,,,
3010920036,11215,512,9TH,ST,3,1092,36,A,0,,,
3010930013,11215,536,9TH,ST,3,1093,13,A,0,,,
3010910042,11215,571,9TH,ST,3,1091,42,A,0,,,
3008680056,11215,15,CALDER,PL,3,868,56,A,0,,,
3004530035,11215,462 TO 464,CARROLL,ST,3,453,35,A,0,,,
3004470039,11215,471,CARROLL,ST,3,447,39,A,0,,,
3004480055,11215,511,CARROLL,ST,3,448,55,A,0,,,
3004480045,11215,529,CARROLL,ST,3,448,45,A,0,,,
3009580001,11215,543,CARROLL,ST,3,958,1,A,0,421-A (1-15),421-A (1-15),
3009580068,11215,571 TO 573,CARROLL,ST,3,958,68,A,0,421-A (1-15),421-A (1-15),
3009580050,11215,607,CARROLL,ST,3,958,50,A,0,,,248 5TH AVE
3009590076,11215,631,CARROLL,ST,3,959,76,A,0,,NO REG,
3009620009,11215,640 TO 644,CARROLL,ST,3,962,9,A,0,,,
3009620021,11215,666,CARROLL,ST,3,962,21,A,0,,,
3009600060,11215,703,CARROLL,ST,3,960,60,A,0,,GARDEN COMPLEX,
3009607503,11215,707,CARROLL,ST,3,960,7503,A,1,,NON-EVICT COOP/CONDO,
3009600056,11215,711,CARROLL,ST,3,960,56,A,0,,,
3009600055,11215,715,CARROLL,ST,3,960,55,A,0,,,
3009600054,11215,717,CARROLL,ST,3,960,54,A,0,,,
3010670063,11215,773,CARROLL,ST,3,1067,63,A,0,,,
3010700012,11215,786,CARROLL,ST,3,1070,12,A,0,,,
3010680068,11215,817,CARROLL,ST,3,1068,68,A,0,,,
3010680063,11215,827,CARROLL,ST,3,1068,63,A,0,,,
3010680059,11215,837,CARROLL,ST,3,1068,59,A,0,,,
3010680054,11215,847,CARROLL,ST,3,1068,54,A,0,,,
3010687505,11215,851,CARROLL,ST,3,1068,7505,A,0,,,
3010720016,11215,856,CARROLL,ST,3,1072,16,A,0,,,
3010700028,11215,22,FISKE,PL,3,1070,28,A,0,,GARDEN COMPLEX,
3009620001,11215,77,GARFIELD,PL,3,962,1,A,0,,GARDEN COMPLEX,
3009650032,11215,120,GARFIELD,PL,3,965,32,A,0,,,
3009620047,11215,135,GARFIELD,PL,3,962,47,A,1,,COOP/CONDO PLAN FILE,
3009620045,11215,137,GARFIELD,PL,3,962,45,A,0,,,
3009660009,11215,140 TO 144,GARFIELD,PL,3,966,9,A,1,,NON-EVICT COOP/CONDO,
3009637503,11215,153,GARFIELD,PL,3,963,7503,A,1,,NON-EVICT COOP/CONDO,
3009660013,11215,154,GARFIELD,PL,3,966,13,A,0,,,
3009630090,11215,155,GARFIELD,PL,3,963,90,A,0,,,
3009660014,11215,156,GARFIELD,PL,3,966,14,A,0,,,
3009630089,11215,157,GARFIELD,PL,3,963,89,A,0,,,
3009660015,11215,158,GARFIELD,PL,3,966,15,A,0,,,
3009637502,11215,159,GARFIELD,PL,3,963,7502,A,1,,NON-EVICT COOP/CONDO,
3009660030,11215,182,GARFIELD,PL,3,966,30,A,0,,,
3010740015,11215,232,GARFIELD,PL,3,1074,15,A,0,,,
3010740020,11215,242,GARFIELD,PL,3,1074,20,A,0,,,
3010700031,11215,247,GARFIELD,PL,3,1070,31,A,0,,,
3010730064,11215,293,GARFIELD,PL,3,1073,64,A,0,,,
3010730062,11215,297,GARFIELD,PL,3,1073,62,A,0,,,
3010750026,11215,308,GARFIELD,PL,3,1075,26,A,0,,,
3010750029,11215,314,GARFIELD,PL,3,1075,29,A,0,,,
3010730051,11215,319,GARFIELD,PL,3,1073,51,A,0,,,
3010560012,11215,19,JACKSON,PL,3,1056,12,A,0,,,
3010730019,11215,30,MONTGOMERY,PL,3,1073,19,A,0,,,
3010720057,11215,31,MONTGOMERY,PL,3,1072,57,A,0,,,
3010730021,11215,34,MONTGOMERY,PL,3,1073,21,A,0,,,
3004480029,11215,568,PRESIDENT,ST,3,448,29,A,0,,,
3009580007,11215,586,PRESIDENT,ST,3,958,7,A,0,421-A (1-15),421-A (1-15),
3009580017,11215,594 TO 598,PRESIDENT,ST,3,958,17,A,0,421-A (1-15),421-A (1-15),
3009550077,11215,595,PRESIDENT,ST,3,955,77,B,0,,,
3009580018,11215,600 TO 610,PRESIDENT,ST,3,958,18,A,0,421-A (1-15),421-A (1-15),
3009550052,11215,643,PRESIDENT,ST,3,955,52,A,0,,GARDEN COMPLEX,
3009580038,11215,644,PRESIDENT,ST,3,958,38,A,0,,APT,
3009550051,11215,647,PRESIDENT,ST,3,955,51,A,0,,,
3009560001,11215,663,PRESIDENT,ST,3,956,1,A,0,,,
3009590013,11215,670,PRESIDENT,ST,3,959,13,A,1,,NON-EVICT COOP/CONDO,
3009560061,11215,709,PRESIDENT,ST,3,956,61,A,0,,,
3009600025,11215,788,PRESIDENT,ST,3,960,25,A,0,,,
3009600026,11215,790,PRESIDENT,ST,3,960,26,A,0,,,
3009600030,11215,794,PRESIDENT,ST,3,960,30,A,0,,,
3009600031,11215,796,PRESIDENT,ST,3,960,31,A,0,,,
3009600034,11215,800,PRESIDENT,ST,3,960,34,A,0,,,
3010670007,11215,820,PRESIDENT,ST,3,1067,7,A,0,,,
3010670015,11215,834,PRESIDENT,ST,3,1067,15,A,0,,,
3010650058,11215,845,PRESIDENT,ST,3,1065,58,A,0,,,
3010650054,11215,853,PRESIDENT,ST,3,1065,54,A,0,,,
3010650053,11215,855,PRESIDENT,ST,3,1065,53,A,0,,,
3010670026,11215,856,PRESIDENT,ST,3,1067,26,B,0,,,
3010650051,11215,859,PRESIDENT,ST,3,1065,51,A,0,,,
3010670032,11215,868,PRESIDENT,ST,3,1067,32,A,0,,,
3010680013,11215,904,PRESIDENT,ST,3,1068,13,A,0,,,
3010680022,11215,922,PRESIDENT,ST,3,1068,22,A,0,,,
3010680025,11215,928,PRESIDENT,ST,3,1068,25,A,0,,,
3010680029,11215,936,PRESIDENT,ST,3,1068,29,A,0,,,
3010680032,11215,940,PRESIDENT,ST,3,1068,32,A,0,,,
3010660045,11215,949,PRESIDENT,ST,3,1066,45,A,0,,,
3011060005,11215,1,PROSPECT PARK SW,,3,1106,5,A,0,,,
3011060014,11215,7,PROSPECT PARK SW,,3,1106,14,A,1,,NON-EVICT COOP/CONDO,
3011060016,11215,10,PROSPECT PARK SW,,3,1106,16,A,1,,NON-EVICT COOP/CONDO,
3011060021,11215,16,PROSPECT PARK SW,,3,1106,21,A,1,,NON-EVICT COOP/CONDO,
3011070005,11215,38,PROSPECT PARK SW,,3,1107,5,A,0,,,
3011070009,11215,41,PROSPECT PARK SW,,3,1107,9,A,1,,NON-EVICT COOP/CONDO,
3011070021,11215,57 TO 63,PROSPECT PARK SW,,3,1107,21,A,0,,,
3011070027,11215,65 TO 70,PROSPECT PARK SW,,3,1107,27,A,0,,,
3010790040,11215,66 TO 70,PROSPECT PARK W,,3,1079,40,A,0,,,
3010810038,11215,75,PROSPECT PARK W,,3,1081,38,A,1,,NON-EVICT COOP/CONDO,
3011070033,11215,75,PROSPECT PARK SW,,3,1107,33,A,1,,NON-EVICT COOP/CONDO,
3010810043,11215,78,PROSPECT PARK W,,3,1081,43,A,0,,,
3010850037,11215,94,PROSPECT PARK W,,3,1085,37,A,0,,,
3010850040,11215,101,PROSPECT PARK W,,3,1085,40,A,0,,,
3010870038,11215,109,PROSPECT PARK W,,3,1087,38,A,0,,,
3010890040,11215,123 TO 130,PROSPECT PARK W,,3,1089,40,A,1,,NON-EVICT COOP/CONDO,
3010910035,11215,135,PROSPECT PARK W,,3,1091,35,A,1,,NON-EVICT COOP/CONDO,
3010510065,11215,135,PROSPECT,AVE,3,1051,65,A,0,421-A (16),421-A (16),
3010910040,11215,136,PROSPECT PARK W,,3,1091,40,A,0,,,
3010930038,11215,150,PROSPECT PARK W,,3,1093,38,A,0,,,
3010510054,11215,153,PROSPECT,AVE,3,1051,54,A,0,,,
3010950042,11215,154,PROSPECT PARK W,,3,1095,42,A,0,,,
3010950050,11215,161,PROSPECT PARK W,,3,1095,50,A,0,,,
3010970046,11215,166 TO 169,PROSPECT PARK W,,3,1097,46,A,0,,,
3010990040,11215,172,PROSPECT PARK W,,3,1099,40,A,0,,,
3010990044,11215,176,PROSPECT PARK W,,3,1099,44,A,0,,,
3010990046,11215,178,PROSPECT PARK W,,3,1099,46,A,0,,,
3011010038,11215,179,PROSPECT PARK W,,3,1101,38,A,0,,,
3011010040,11215,180,PROSPECT PARK W,,3,1101,40,A,0,,,
3011010041,11215,181,PROSPECT PARK W,,3,1101,41,B,0,,,
3011010042,11215,182,PROSPECT PARK W,,3,1101,42,A,0,,,
3011010043,11215,184,PROSPECT PARK W,,3,1101,43,A,0,,,
3011010044,11215,185,PROSPECT PARK W,,3,1101,44,A,0,,,
3010520079,11215,199,PROSPECT,AVE,3,1052,79,B,0,,,
3011050038,11215,206,PROSPECT PARK W,,3,1105,38,B,0,,,
3011050040,11215,208,PROSPECT PARK W,,3,1105,40,A,0,,,
3011060002,11215,209 TO 211,PROSPECT PARK W,,3,1106,2,A,0,,,
3011050041,11215,210,PROSPECT PARK W,,3,1105,41,A,0,,,
3011130050,11215,240,PROSPECT PARK W,,3,1113,50,A,0,,,
3011130051,11215,242,PROSPECT PARK W,,3,1113,51,A,0,,GARDEN COMPLEX,
3011130052,11215,244,PROSPECT PARK W,,3,1113,52,A,0,,,
3011130053,11215,246,PROSPECT PARK W,,3,1113,53,A,0,,,
3008700041,11215,266,PROSPECT PARK W,,3,870,41,A,0,,NONE,
3008700042,11215,268,PROSPECT PARK W,,3,870,42,A,0,,NONE,
3008700043,11215,270,PROSPECT PARK W,,3,870,43,A,0,,,
3008760044,11215,276,PROSPECT PARK W,,3,876,44,A,0,,,
3008760045,11215,278,PROSPECT PARK W,,3,876,45,A,0,,,
3008770002,11215,287,PROSPECT,AVE,3,877,2,A,0,421-A (1-15),GARDEN COMPLEX 421-A (1-15),
3008680004,11215,308,PROSPECT,AVE,3,868,4,A,0,,,
3008680005,11215,312,PROSPECT,AVE,3,868,5,A,0,,,
3008680006,11215,314,PROSPECT,AVE,3,868,6,A,0,,,
3008680008,11215,318,PROSPECT,AVE,3,868,8,A,0,,,
3008680010,11215,322,PROSPECT,AVE,3,868,10,A,0,,,
3008680011,11215,324,PROSPECT,AVE,3,868,11,A,0,,,
3008680012,11215,326,PROSPECT,AVE,3,868,12,A,0,,,
3008680013,11215,328,PROSPECT,AVE,3,868,13,A,0,,,
3008680018,11215,338,PROSPECT,AVE,3,868,18,A,0,,,
3008680019,11215,340,PROSPECT,AVE,3,868,19,A,0,,,
3008680021,11215,342,PROSPECT,AVE,3,868,21,A,0,,,
3011120091,11215,381,PROSPECT,AVE,3,1112,91,A,0,,,
3011120089,11215,385,PROSPECT,AVE,3,1112,89,A,0,,,
3011120088,11215,387,PROSPECT,AVE,3,1112,88,A,0,,,
3011120087,11215,389,PROSPECT,AVE,3,1112,87,A,0,,,
3008690019,11215,390,PROSPECT,AVE,3,869,19,A,0,,,
3008690020,11215,392,PROSPECT,AVE,3,869,20,A,0,,,
3008690038,11215,418,PROSPECT,AVE,3,869,38,B,0,,,
3008700007,11215,428,PROSPECT,AVE,3,870,7,A,0,J-51,J-51,
3008700009,11215,432,PROSPECT,AVE,3,870,9,A,0,,,
3008700010,11215,436,PROSPECT,AVE,3,870,10,A,0,,,
3011130079,11215,437,PROSPECT,AVE,3,1113,79,A,0,,,
3008700011,11215,438,PROSPECT,AVE,3,870,11,A,0,,,
3008700012,11215,440,PROSPECT,AVE,3,870,12,A,0,,,
3008700023,11215,458,PROSPECT,AVE,3,870,23,A,0,,,
3008700025,11215,460,PROSPECT,AVE,3,870,25,A,0,,,
3008700027,11215,462,PROSPECT,AVE,3,870,27,A,0,,,
3008700029,11215,464,PROSPECT,AVE,3,870,29,A,0,,,
3008700032,11215,470,PROSPECT,AVE,3,870,32,A,0,,GARDEN COMPLEX,
3008710009,11215,490,PROSPECT,AVE,3,871,9,A,0,,,
3011160063,11215,577,PROSPECT,AVE,3,1116,63,A,0,,,
3004410007,11215,568,UNION,ST,3,441,7,A,0,,,
3004410009,11215,570,UNION,ST,3,441,9,A,0,,,
3004410013,11215,580,UNION,ST,3,441,13,A,0,,,
3004410015,11215,586,UNION,ST,3,441,15,A,0,,,
3004340057,11215,629,UNION,ST,3,434,57,A,0,,,
3004340056,11215,633,UNION,ST,3,434,56,A,0,,,
3004340054,11215,639,UNION,ST,3,434,54,A,0,,,
3009520069,11215,673,UNION,ST,3,952,69,A,0,,GARDEN COMPLEX,
3009520068,11215,675,UNION,ST,3,952,68,A,0,,,
3009520067,11215,677,UNION,ST,3,952,67,A,0,,GARDEN COMPLEX,
3009550039,11215,680,UNION,ST,3,955,39,A,0,,GARDEN COMPLEX,
3009520065,11215,683,UNION,ST,3,952,65,A,0,,,
3009520064,11215,685,UNION,ST,3,952,64,A,0,,GARDEN COMPLEX,
3009520063,11215,687,UNION,ST,3,952,63,A,0,,,
3009520061,11215,693,UNION,ST,3,952,61,A,0,,,
3009520060,11215,695,UNION,ST,3,952,60,A,0,,,
3009520051,11215,711,UNION,ST,3,952,51,A,0,,,
3009520047,11215,719,UNION,ST,3,952,47,A,0,,,
3009520046,11215,721,UNION,ST,3,952,46,A,0,,,
3009530064,11215,767,UNION,ST,3,953,64,A,0,,,
3009570011,11215,768,UNION,ST,3,957,11,A,0,,,
3009530063,11215,769,UNION,ST,3,953,63,A,0,,,
3009570013,11215,770,UNION,ST,3,957,13,A,0,,,
3009570014,11215,772,UNION,ST,3,957,14,A,0,,,
3010650007,11215,822,UNION,ST,3,1065,7,A,0,,,
3009540058,11215,827,UNION,ST,3,954,58,A,0,,,
3010650011,11215,830,UNION,ST,3,1065,11,A,0,,,
3010650012,11215,832,UNION,ST,3,1065,12,A,0,,,
3010650022,11215,852,UNION,ST,3,1065,22,A,0,,,
3010630001,11215,857,UNION,ST,3,1063,1,B,0,,,
3010650027,11215,862,UNION,ST,3,1065,27,A,0,,,
3010630069,11215,869,UNION,ST,3,1063,69,A,0,,,
3010630067,11215,873,UNION,ST,3,1063,67,A,0,,,
3010667502,11215,882,UNION,ST,3,1066,7502,A,1,,NON-EVICT COOP/CONDO,
3010630062,11215,883,UNION,ST,3,1063,62,A,0,,,
3010630061,11215,885,UNION,ST,3,1063,61,A,0,,,
3010660013,11215,886,UNION,ST,3,1066,13,A,0,,,
3010660014,11215,888 TO 890,UNION,ST,3,1066,14,A,0,,,
3010660017,11215,892,UNION,ST,3,1066,17,A,0,,FAMILY,
3010660019,11215,896,UNION,ST,3,1066,19,A,0,,,
3010660020,11215,898,UNION,ST,3,1066,20,A,0,,,
3010660021,11215,900,UNION,ST,3,1066,21,A,0,,,
3010660030,11215,916,UNION,ST,3,1066,30,A,1,,COOP/CONDO PLAN FILE,
3010640037,11215,925 TO 927,UNION,ST,3,1064,37,A,1,,NON-EVICT COOP/CONDO,
3018590016,11216,1,ALBANY,AVE,3,1859,16,A,0,,GARDEN COMPLEX,
3018590015,11216,3,ALBANY,AVE,3,1859,15,A,0,,GARDEN COMPLEX,
3018580024,11216,6,ALBANY,AVE,3,1858,24,A,0,,GARDEN COMPLEX,210 ALBANY AVE
3018590010,11216,7,ALBANY,AVE,3,1859,10,A,0,,GARDEN COMPLEX,713 ALBANY AVE
3018590006,11216,15,ALBANY,AVE,3,1859,6,A,0,,GARDEN COMPLEX,1523 ALBANY AVE
3018597501,11216,27,ALBANY,AVE,3,1859,7501,A,0,,,
3018420037,11216,14,ARLINGTON,PL,3,1842,37,B,0,,,
3018430001,11216,19,ARLINGTON,PL,3,1843,1,A,0,,SECTION 610 OF PHFL,
3018660021,11216,1221,ATLANTIC,AVE,3,1866,21,A,0,,,
3018670088,11216,1247 TO 1249,ATLANTIC,AVE,3,1867,88,A,0,,,
3012010004,11216,1306,ATLANTIC,AVE,3,1201,4,A,0,J-51,J-51,
3018680063,11216,1369,ATLANTIC,AVE,3,1868,63,A,0,,GARDEN COMPLEX,
3018680061,11216,1371,ATLANTIC,AVE,3,1868,61,A,0,,GARDEN COMPLEX,
3017930003,11216,1043,BEDFORD,AVE,3,1793,3,A,0,J-51,GARDEN COMPLEX J-51,
3017930001,11216,1047,BEDFORD,AVE,3,1793,1,A,0,,,
3017970007,11216,1055,BEDFORD,AVE,3,1797,7,A,0,,SECTION 610 OF PHFL,
3017970003,11216,1063 TO 1065,BEDFORD,AVE,3,1797,3,A,0,,,
3017970001,11216,1067 TO 1069,BEDFORD,AVE,3,1797,1,A,0,,,
3018020003,11216,1073 TO 1075,BEDFORD,AVE,3,1802,3,A,0,,,
3018020001,11216,1077,BEDFORD,AVE,3,1802,1,A,0,J-51,J-51 SEC 608,
3019680029,11216,1078 TO 1082,BEDFORD,AVE,3,1968,29,A,0,,,
3019680032,11216,1084,BEDFORD,AVE,3,1968,32,A,0,,GARDEN COMPLEX,
3018070008,11216,1095,BEDFORD,AVE,3,1807,8,A,0,,,
3019710028,11216,1104,BEDFORD,AVE,3,1971,28,A,0,421-A (16),421-A (16),
3018270002,11216,1177,BEDFORD,AVE,3,1827,2,A,0,J-51,J-51,
3018320005,11216,1185,BEDFORD,AVE,3,1832,5,A,0,,,
3019960036,11216,1204,BEDFORD,AVE,3,1996,36,A,0,,GARDEN COMPLEX,7987 JEFFERSON AVE
3018420007,11216,1231 TO 1233,BEDFORD,AVE,3,1842,7,A,0,,,
3020000022,11216,1234,BEDFORD,AVE,3,2000,22,A,0,J-51,GARDEN COMPLEX J-51,
3018420005,11216,1235,BEDFORD,AVE,3,1842,5,A,0,,,
3020000024,11216,1238,BEDFORD,AVE,3,2000,24,A,0,,,
3018600005,11216,1255,BEDFORD,AVE,3,1860,5,A,0,421-A (16),GARDEN COMPLEX 421-A (16),
3018607502,11216,1259 TO 1261,BEDFORD,AVE,3,1860,7502,A,0,421-A (16),421-A (16),
3012050127,11216,1336,BEDFORD,AVE,3,1205,127,A,0,,ARTICLE 11,
3012170045,11216,1378,BEDFORD,AVE,3,1217,45,A,0,421-A (1-15),421-A (1-15),
3012170046,11216,1380,BEDFORD,AVE,3,1217,46,A,0,421-A (1-15),421-A (1-15),
3012170047,11216,1382,BEDFORD,AVE,3,1217,47,A,0,421-A (1-15),421-A (1-15),
3012170048,11216,1384,BEDFORD,AVE,3,1217,48,A,0,421-A (1-15),421-A (1-15),
3012310047,11216,1430,BEDFORD,AVE,3,1231,47,A,0,,,
3012320008,11216,1433,BEDFORD,AVE,3,1232,8,A,0,,,
3012320007,11216,1435,BEDFORD,AVE,3,1232,7,B,0,,,
3012320006,11216,1439,BEDFORD,AVE,3,1232,6,A,0,,,
3012320004,11216,1441,BEDFORD,AVE,3,1232,4,A,0,,,
3012310053,11216,1442,BEDFORD,AVE,3,1231,53,A,0,,,
3012380037,11216,1452,BEDFORD,AVE,3,1238,37,A,0,,,
3012390014,11216,1453,BEDFORD,AVE,3,1239,14,A,0,,,
3012380038,11216,1454,BEDFORD,AVE,3,1238,38,A,0,J-51,J-51 ARTICLES 14 & 15,
3012390013,11216,1455,BEDFORD,AVE,3,1239,13,A,0,,,
3012380040,11216,1458,BEDFORD,AVE,3,1238,40,A,0,,,
3012380041,11216,1460,BEDFORD,AVE,3,1238,41,A,0,J-51,J-51 ARTICLES 14 & 15,
3012390009,11216,1463,BEDFORD,AVE,3,1239,9,A,0,,,
3012390008,11216,1465,BEDFORD,AVE,3,1239,8,B,0,,,
3012390001,11216,1469,BEDFORD,AVE,3,1239,1,A,0,,,
3012460011,11216,1475,BEDFORD,AVE,3,1246,11,A,0,,,
3012450038,11216,1478,BEDFORD,AVE,3,1245,38,A,0,,,
3012450039,11216,1480,BEDFORD,AVE,3,1245,39,A,0,,,
3012460007,11216,1483,BEDFORD,AVE,3,1246,7,A,0,,,
3012450041,11216,1486,BEDFORD,AVE,3,1245,41,A,0,J-51,J-51,
3012450043,11216,1490,BEDFORD,AVE,3,1245,43,A,0,,,
3012530007,11216,1495 TO 1505,BEDFORD,AVE,3,1253,7,A,0,421-A (16),421-A (16),716 SAINT JOHNS PL
3012520077,11216,1508,BEDFORD,AVE,3,1252,77,B,0,J-51,J-51,
3012530001,11216,1511,BEDFORD,AVE,3,1253,1,A,0,,,
3012520080,11216,1516,BEDFORD,AVE,3,1252,80,A,0,,,
3012520082,11216,1518,BEDFORD,AVE,3,1252,82,A,0,,,
3012520087,11216,1528,BEDFORD,AVE,3,1252,87,A,0,,,
3012607501,11216,1535,BEDFORD,AVE,3,1260,7501,A,0,421-A (1-15),421-A (1-15),409 EASTERN PKWY
3012170012,11216,950,BERGEN,ST,3,1217,12,A,0,,,
3012110075,11216,961,BERGEN,ST,3,1211,75,A,0,421-A (1-15),GARDEN COMPLEX 421-A (1-15),
3012110072,11216,967,BERGEN,ST,3,1211,72,A,0,,GARDEN COMPLEX,
3012170028,11216,980,BERGEN,ST,3,1217,28,A,0,,,
3012170034,11216,992,BERGEN,ST,3,1217,34,A,0,,SECTION 610 OF PHFL ARTICLE 11,
3012120001,11216,1031 TO 1035,BERGEN,ST,3,1212,1,A,0,,ROOMING HOUSE,
3012120075,11216,1037,BERGEN,ST,3,1212,75,A,0,,,
3012190016,11216,1042,BERGEN,ST,3,1219,16,A,0,,,
3012190020,11216,1050,BERGEN,ST,3,1219,20,A,0,,,
3012120063,11216,1057,BERGEN,ST,3,1212,63,A,0,,,
3012190024,11216,1058,BERGEN,ST,3,1219,24,A,0,J-51,J-51,
3012120061,11216,1059,BERGEN,ST,3,1212,61,A,0,J-51,GARDEN COMPLEX J-51,
3012120059,11216,1061,BERGEN,ST,3,1212,59,A,0,,,
3012120058,11216,1063,BERGEN,ST,3,1212,58,A,0,,GARDEN COMPLEX,
3012190027,11216,1066,BERGEN,ST,3,1219,27,A,0,,,
3012120055,11216,1069,BERGEN,ST,3,1212,55,A,0,,,
3012120054,11216,1071,BERGEN,ST,3,1212,54,A,0,,ROOMING HOUSE,
3012120052,11216,1075,BERGEN,ST,3,1212,52,A,0,,,
3012190032,11216,1076,BERGEN,ST,3,1219,32,B,0,,ROOMING HOUSE,
3012120051,11216,1077,BERGEN,ST,3,1212,51,A,0,,,
3012190033,11216,1078,BERGEN,ST,3,1219,33,A,0,J-51,J-51,
3012200024,11216,1120,BERGEN,ST,3,1220,24,A,0,,,
3012200028,11216,1130,BERGEN,ST,3,1220,28,A,0,,,
3012130061,11216,1131,BERGEN,ST,3,1213,61,A,0,,,
3012200030,11216,1132,BERGEN,ST,3,1220,30,A,0,,,
3012130058,11216,1137,BERGEN,ST,3,1213,58,A,0,,,
3012130057,11216,1141,BERGEN,ST,3,1213,57,A,0,,GARDEN COMPLEX,
3012200035,11216,1144,BERGEN,ST,3,1220,35,B,0,,,
3020170001,11216,1,BREVOORT,PL,3,2017,1,A,0,J-51,J-51 SEC 608,
3020170056,11216,23,BREVOORT,PL,3,2017,56,B,0,,ROOMING HOUSE,
3020210018,11216,24,BREVOORT,PL,3,2021,18,A,0,,,
3020170053,11216,29,BREVOORT,PL,3,2017,53,A,0,J-51,J-51 SEC 608,
3020170052,11216,31,BREVOORT,PL,3,2017,52,A,0,,SECTION 610 OF PHFL,
3020170051,11216,33,BREVOORT,PL,3,2017,51,A,0,,,
3020170050,11216,35,BREVOORT,PL,3,2017,50,A,0,J-51,J-51 SEC 608,
3018690008,11216,25,BROOKLYN,AVE,3,1869,8,A,0,,,
3018690007,11216,29,BROOKLYN,AVE,3,1869,7,B,0,,,
3018690001,11216,43,BROOKLYN,AVE,3,1869,1,A,0,,,
3012030003,11216,55,BROOKLYN,AVE,3,1203,3,A,0,,,
3012080047,11216,96,BROOKLYN,AVE,3,1208,47,A,0,,,
3012150008,11216,97,BROOKLYN,AVE,3,1215,8,A,0,,,
3012150001,11216,107,BROOKLYN,AVE,3,1215,1,A,0,,,
3019500053,11216,185,CLIFTON,PL,3,1950,53,A,0,,,
3019500052,11216,187,CLIFTON,PL,3,1950,52,A,0,,,
3019540009,11216,200,CLIFTON,PL,3,1954,9,A,0,421-A (16),GARDEN COMPLEX 421-A (16),
3017880093,11216,241,CLIFTON,PL,3,1788,93,A,0,,,
3017880087,11216,251,CLIFTON,PL,3,1788,87,A,0,,,
3017880080,11216,263,CLIFTON,PL,3,1788,80,A,0,,,
3017880077,11216,267,CLIFTON,PL,3,1788,77,A,0,,,
3017880076,11216,271,CLIFTON,PL,3,1788,76,A,0,421-A (16),GARDEN COMPLEX 421-A (16),
3017880070,11216,281,CLIFTON,PL,3,1788,70,A,0,,,
3017880163,11216,291,CLIFTON,PL,3,1788,163,A,0,421-A (1-15),GARDEN COMPLEX 421-A (1-15),
3017940009,11216,340 TO 342,CLIFTON,PL,3,1794,9,A,0,,,
3017890063,11216,361,CLIFTON,PL,3,1789,63,A,0,,,
3012050001,11216,1055,DEAN,ST,3,1205,1,A,0,,GARDEN COMPLEX,
3012050049,11216,1093,DEAN,ST,3,1205,49,A,0,,,
3012110034,11216,1100,DEAN,ST,3,1211,34,A,0,,,
3012110035,11216,1102,DEAN,ST,3,1211,35,A,0,,,
3012110036,11216,1104,DEAN,ST,3,1211,36,A,0,,,
3012110037,11216,1108,DEAN,ST,3,1211,37,A,0,,,
3012120015,11216,1138,DEAN,ST,3,1212,15,A,0,,ROOMING HOUSE,
3012060068,11216,1147,DEAN,ST,3,1206,68,A,0,,GARDEN COMPLEX,
3012060066,11216,1151,DEAN,ST,3,1206,66,A,0,,,
3012060064,11216,1155,DEAN,ST,3,1206,64,A,0,,,
3012120024,11216,1156,DEAN,ST,3,1212,24,A,0,,,
3012060062,11216,1159,DEAN,ST,3,1206,62,B,0,,,
3012120026,11216,1160,DEAN,ST,3,1212,26,A,0,,,
3012060054,11216,1177,DEAN,ST,3,1206,54,A,0,,,
3012120041,11216,1190,DEAN,ST,3,1212,41,A,0,,,
3012120042,11216,1192,DEAN,ST,3,1212,42,A,0,,ROOMING HOUSE,
3012070067,11216,1207,DEAN,ST,3,1207,67,A,0,,,
3012070066,11216,1209,DEAN,ST,3,1207,66,A,0,,GARDEN COMPLEX,
3012070060,11216,1221,DEAN,ST,3,1207,60,B,0,,ROOMING HOUSE,
3012130021,11216,1224,DEAN,ST,3,1213,21,A,0,,,
3012070058,11216,1225,DEAN,ST,3,1207,58,A,0,,,
3012070052,11216,1237,DEAN,ST,3,1207,52,A,0,,,
3012130030,11216,1242 TO 1244,DEAN,ST,3,1213,30,A,0,,,
3012070049,11216,1243,DEAN,ST,3,1207,49,A,0,,,
3012070047,11216,1247,DEAN,ST,3,1207,47,A,0,,,
3012070046,11216,1249,DEAN,ST,3,1207,46,A,0,,,
3012070039,11216,1263,DEAN,ST,3,1207,39,A,0,,,
3012140013,11216,1280,DEAN,ST,3,1214,13,A,0,,,
3012080072,11216,1289,DEAN,ST,3,1208,72,A,0,,,
3012140026,11216,1310,DEAN,ST,3,1214,26,A,0,,,
3012140027,11216,1312,DEAN,ST,3,1214,27,A,0,,,
3012140034,11216,1326,DEAN,ST,3,1214,34,A,0,,,
3012140035,11216,1328,DEAN,ST,3,1214,35,B,0,,,
3012090073,11216,1357,DEAN,ST,3,1209,73,A,0,,,
3012090068,11216,1367,DEAN,ST,3,1209,68,A,0,,,
3012090061,11216,1383,DEAN,ST,3,1209,61,A,0,,,
3012090057,11216,1391 TO 1393,DEAN,ST,3,1209,57,A,0,,,
3012090055,11216,1395,DEAN,ST,3,1209,55,B,0,,ROOMING HOUSE,
3012150032,11216,1400,DEAN,ST,3,1215,32,A,0,,,
3018550078,11216,7,DECATUR,ST,3,1855,78,A,0,,GARDEN COMPLEX,
3018570031,11216,14,DECATUR,ST,3,1857,31,A,0,,,
3018550061,11216,41,DECATUR,ST,3,1855,61,A,0,,ROOMING HOUSE,
3018570065,11216,68,DECATUR,ST,3,1857,65,A,0,,GARDEN COMPLEX,
3018560055,11216,119,DECATUR,ST,3,1856,55,A,0,,,
3017740067,11216,653,DEKALB,AVE,3,1774,67,A,0,,GARDEN COMPLEX,
3017740066,11216,655,DEKALB,AVE,3,1774,66,A,0,,GARDEN COMPLEX,
3017750001,11216,689,DEKALB,AVE,3,1775,1,A,0,J-51,J-51 SEC 608,
3017750070,11216,699,DEKALB,AVE,3,1775,70,A,0,,GARDEN COMPLEX,
3017750069,11216,701,DEKALB,AVE,3,1775,69,A,0,,GARDEN COMPLEX,
3017750064,11216,709,DEKALB,AVE,3,1775,64,A,0,,,
3017750062,11216,717,DEKALB,AVE,3,1775,62,A,0,,,
3017750060,11216,721,DEKALB,AVE,3,1775,60,A,0,J-51,J-51 SEC 608,
3017750056,11216,737,DEKALB,AVE,3,1775,56,A,0,421-A (1-15),GARDEN COMPLEX 421-A (1-15),
3017800131,11216,740,DEKALB,AVE,3,1780,131,A,0,421-A (1-15),GARDEN COMPLEX 421-A (1-15),
3017750054,11216,741,DEKALB,AVE,3,1775,54,B,0,,,
3017750051,11216,745,DEKALB,AVE,3,1775,51,A,0,J-51,J-51 SEC 608,
3017750049,11216,753,DEKALB,AVE,3,1775,49,A,0,J-51,J-51 SEC 608,
3012590001,11216,341,EASTERN,PKWY,3,1259,1,A,0,421-A (1-15),421-A (1-15),
3012590047,11216,371 TO 377,EASTERN,PKWY,3,1259,47,A,0,,,
3012590045,11216,379 TO 381,EASTERN,PKWY,3,1259,45,B,0,,GARDEN COMPLEX,
3012590029,11216,387,EASTERN,PKWY,3,1259,29,A,0,,,
3012610051,11216,481,EASTERN,PKWY,3,1261,51,A,0,,,
3012610048,11216,489,EASTERN,PKWY,3,1261,48,A,0,,,
3012610045,11216,497 TO 501,EASTERN,PKWY,3,1261,45,A,0,,,
3012610041,11216,511,EASTERN,PKWY,3,1261,41,A,0,,,
3020170024,11216,1154,FULTON,ST,3,2017,24,A,0,J-51,J-51 SEC 608,
3020170027,11216,1160,FULTON,ST,3,2017,27,A,0,,GARDEN COMPLEX,
3019990036,11216,1165,FULTON,ST,3,1999,36,A,0,,,
3020170035,11216,1176,FULTON,ST,3,2017,35,A,0,J-51,J-51 SEC 608,
3018607501,11216,1188 TO 1190,FULTON,ST,3,1860,7501,A,0,421-A (16),421-A (16),
3018600015,11216,1200,FULTON,ST,3,1860,15,A,0,,,
3018600016,11216,1202,FULTON,ST,3,1860,16,A,0,,,
3018420061,11216,1221,FULTON,ST,3,1842,61,A,0,,,
3018420060,11216,1223,FULTON,ST,3,1842,60,A,0,,,
3018617501,11216,1320,FULTON,ST,3,1861,7501,A,0,,,
3018490036,11216,1337,FULTON,ST,3,1849,36,A,0,,,
3018500049,11216,1345,FULTON,ST,3,1850,49,A,0,,,
3018500047,11216,1349,FULTON,ST,3,1850,47,A,0,J-51,J-51,
3018500046,11216,1351,FULTON,ST,3,1850,46,A,0,J-51,J-51,
3018500045,11216,1353,FULTON,ST,3,1850,45,A,0,J-51,J-51,
3018500043,11216,1357,FULTON,ST,3,1850,43,A,0,J-51,J-51,
3018540069,11216,1391,FULTON,ST,3,1854,69,A,0,,,
3018540065,11216,1397,FULTON,ST,3,1854,65,A,0,,,
3018540063,11216,1399,FULTON,ST,3,1854,63,A,0,,,
3018540059,11216,1407,FULTON,ST,3,1854,59,A,0,,GARDEN COMPLEX,
3018540057,11216,1409,FULTON,ST,3,1854,57,A,0,421-A (1-15),GARDEN COMPLEX 421-A (1-15),
3018540049,11216,1423 TO 1425,FULTON,ST,3,1854,49,A,0,,,
3018630010,11216,1430,FULTON,ST,3,1863,10,A,0,421-A (16),421-A (16),
3018630016,11216,1440,FULTON,ST,3,1863,16,A,0,,,
3018630026,11216,1460,FULTON,ST,3,1863,26,A,0,J-51,GARDEN COMPLEX J-51,
3018630031,11216,1470,FULTON,ST,3,1863,31,A,0,,,
3018630041,11216,1490,FULTON,ST,3,1863,41,A,0,,,
3018647502,11216,1516 TO 1518,FULTON,ST,3,1864,7502,A,0,421-A (16),421-A (16),
3018640014,11216,1520 TO 1530,FULTON,ST,3,1864,14,A,0,421-A (16),421-A (16),
3018580045,11216,1543 TO 1545,FULTON,ST,3,1858,45,B,0,,,
3018580041,11216,1551 TO 1553,FULTON,ST,3,1858,41,A,0,J-51,J-51,
3018580039,11216,1557,FULTON,ST,3,1858,39,A,0,421-A (16),GARDEN COMPLEX 421-A (16),
3019860003,11216,262,GATES,AVE,3,1986,3,A,0,,,
3019860009,11216,274,GATES,AVE,3,1986,9,A,0,,,
3019740051,11216,277,GATES,AVE,3,1974,51,A,0,,,
3019740044,11216,299,GATES,AVE,3,1974,44,A,0,,,
3018127505,11216,322,GATES,AVE,3,1812,7505,A,0,421-A (16),421-A (16),
3018070001,11216,325,GATES,AVE,3,1807,1,A,0,421-A (16),421-A (16),10971109 BEDFORD AVE
3018120021,11216,340,GATES,AVE,3,1812,21,A,0,,,
3018120023,11216,344,GATES,AVE,3,1812,23,A,0,,,
3018120042,11216,372 TO 390,GATES,AVE,3,1812,42,A,0,,HUD ARTICLE 11,390 NOSTRAND AVE
3018130016,11216,410,GATES,AVE,3,1813,16,A,0,J-51,J-51,
3018080093,11216,415,GATES,AVE,3,1808,93,A,0,421-A (1-15),421-A (1-15),
3018130018,11216,416 TO 420,GATES,AVE,3,1813,18,A,0,421-A (16),421-A (16),
3018080091,11216,417,GATES,AVE,3,1808,91,A,0,421-A (1-15),421-A (1-15),
3018080089,11216,419,GATES,AVE,3,1808,89,A,0,421-A (1-15),421-A (1-15),
3018130025,11216,424,GATES,AVE,3,1813,25,A,0,421-A (16),421-A (16),
3018080085,11216,425,GATES,AVE,3,1808,85,A,0,,,
3018130026,11216,426,GATES,AVE,3,1813,26,A,0,,,
3018130028,11216,430,GATES,AVE,3,1813,28,A,0,,,
3018130029,11216,432,GATES,AVE,3,1813,29,B,0,,,
3018130035,11216,444,GATES,AVE,3,1813,35,A,0,421-A (1-15),421-A (1-15),
3018140002,11216,468,GATES,AVE,3,1814,2,A,0,J-51,J-51 SEC 608,
3018080051,11216,477 TO 481,GATES,AVE,3,1808,51,A,0,,,
3018140007,11216,480,GATES,AVE,3,1814,7,A,0,J-51,J-51 SEC 608,
3018140008,11216,482,GATES,AVE,3,1814,8,A,0,J-51,J-51 SEC 608,
3018140009,11216,484,GATES,AVE,3,1814,9,A,0,,,
3018140011,11216,486A,GATES,AVE,3,1814,11,A,0,J-51,J-51 SEC 608,
3018140010,11216,486,GATES,AVE,3,1814,10,A,0,,GARDEN COMPLEX,
3018140014,11216,492,GATES,AVE,3,1814,14,A,0,J-51,J-51,
3018140017,11216,500,GATES,AVE,3,1814,17,A,0,,,
3018090056,11216,529A,GATES,AVE,3,1809,56,A,0,,,
3018090054,11216,531,GATES,AVE,3,1809,54,A,0,,,
3019680009,11216,350,GREENE,AVE,3,1968,9,A,0,J-51,J-51,
3019540052,11216,357,GREENE,AVE,3,1954,52,B,0,J-51,GARDEN COMPLEX J-51,
3019680014,11216,360,GREENE,AVE,3,1968,14,A,0,,,
3019680018,11216,368,GREENE,AVE,3,1968,18,A,0,,,
3019680019,11216,370,GREENE,AVE,3,1968,19,A,0,,,
3019547501,11216,397,GREENE,AVE,3,1954,7501,A,0,421-A (1-15),421-A (1-15),
3017970054,11216,484,GREENE,AVE,3,1797,54,A,0,,,
3017980018,11216,514,GREENE,AVE,3,1798,18,B,0,,GARDEN COMPLEX,
3017980019,11216,516,GREENE,AVE,3,1798,19,B,0,,GARDEN COMPLEX,
3017990009,11216,566,GREENE,AVE,3,1799,9,A,0,,,
3017990030,11216,585,GREENE,AVE,3,1799,30,A,0,,SECTION 610 OF PHFL,
3018370101,11216,9,HALSEY,ST,3,1837,101,A,0,,,
3018370100,11216,11,HALSEY,ST,3,1837,100,A,0,,,
3018370099,11216,13,HALSEY,ST,3,1837,99,A,0,,,
3018420017,11216,22,HALSEY,ST,3,1842,17,A,0,,GARDEN COMPLEX,
3018420028,11216,44,HALSEY,ST,3,1842,28,B,0,,ROOMING HOUSE,
3018420029,11216,46,HALSEY,ST,3,1842,29,A,0,,SECTION 610 OF PHFL,
3018370067,11216,77,HALSEY,ST,3,1837,67,A,0,,,
3018430017,11216,78,HALSEY,ST,3,1843,17,A,0,,,
3018430018,11216,80,HALSEY,ST,3,1843,18,B,0,,ROOMING HOUSE,
3018370063,11216,85,HALSEY,ST,3,1837,63,B,0,,ROOMING HOUSE,
3018430020,11216,86,HALSEY,ST,3,1843,20,A,0,,,
3018380086,11216,103,HALSEY,ST,3,1838,86,A,0,,GARDEN COMPLEX,
3018380063,11216,143,HALSEY,ST,3,1838,63,A,0,,,
3018380058,11216,153,HALSEY,ST,3,1838,58,A,0,,,
3018380055,11216,157,HALSEY,ST,3,1838,55,A,0,,ARTICLE 11,
3018380053,11216,159,HALSEY,ST,3,1838,53,A,0,,,
3018380051,11216,161,HALSEY,ST,3,1838,51,A,0,,GARDEN COMPLEX,
3018380046,11216,169,HALSEY,ST,3,1838,46,A,0,,,902 MARCY AVE
3018390076,11216,175,HALSEY,ST,3,1839,76,A,0,,,
3018440049,11216,176,HALSEY,ST,3,1844,49,A,0,,,
3018440050,11216,178,HALSEY,ST,3,1844,50,A,0,,GARDEN COMPLEX,
3018390048,11216,221,HALSEY,ST,3,1839,48,A,0,,GARDEN COMPLEX,
3018400069,11216,271,HALSEY,ST,3,1840,69,A,0,,,
3018400066,11216,275,HALSEY,ST,3,1840,66,A,0,,GARDEN COMPLEX,
3018410080,11216,301,HALSEY,ST,3,1841,80,A,0,,,
3018470035,11216,396,HALSEY,ST,3,1847,35,A,0,,,
3020000015,11216,44,HANCOCK,ST,3,2000,15,A,0,J-51,J-51 SEC 608,
3020000017,11216,48,HANCOCK,ST,3,2000,17,A,0,J-51,J-51 SEC 608,
3018320097,11216,55,HANCOCK,ST,3,1832,97,A,0,J-51,J-51 SEC 608,
3018320096,11216,57,HANCOCK,ST,3,1832,96,A,0,,,
3018370013,11216,60,HANCOCK,ST,3,1837,13,A,0,,,
3018320087,11216,75,HANCOCK,ST,3,1832,87,A,0,,,
3018320070,11216,109,HANCOCK,ST,3,1832,70,A,0,,,
3018320065,11216,119,HANCOCK,ST,3,1832,65,B,0,,HOTEL ROOMING HOUSE,
3018380001,11216,148,HANCOCK,ST,3,1838,1,A,0,,,
3018330084,11216,155,HANCOCK,ST,3,1833,84,A,0,,,
3018380006,11216,156,HANCOCK,ST,3,1838,6,A,0,,GARDEN COMPLEX,
3018330079,11216,165,HANCOCK,ST,3,1833,79,A,0,,GARDEN COMPLEX,
3018330076,11216,171,HANCOCK,ST,3,1833,76,A,0,,,
3018330072,11216,179,HANCOCK,ST,3,1833,72,B,0,,,
3018380020,11216,184,HANCOCK,ST,3,1838,20,A,0,,,
3018380021,11216,186,HANCOCK,ST,3,1838,21,A,0,,,
3018380022,11216,188,HANCOCK,ST,3,1838,22,A,0,,GARDEN COMPLEX,
3018380023,11216,190,HANCOCK,ST,3,1838,23,A,0,,,
3018330057,11216,209,HANCOCK,ST,3,1833,57,A,0,,GARDEN COMPLEX,
3018380033,11216,210,HANCOCK,ST,3,1838,33,A,0,,,
3018330053,11216,217,HANCOCK,ST,3,1833,53,A,0,,,
3018330048,11216,227,HANCOCK,ST,3,1833,48,A,0,,,
3018330046,11216,231 TO 233,HANCOCK,ST,3,1833,46,A,0,,,
3018340076,11216,235,HANCOCK,ST,3,1834,76,A,0,,,
3018390005,11216,236,HANCOCK,ST,3,1839,5,A,0,,,
3018340072,11216,243,HANCOCK,ST,3,1834,72,A,0,,GARDEN COMPLEX,
3018390017,11216,260,HANCOCK,ST,3,1839,17,A,0,,,
3018340057,11216,275,HANCOCK,ST,3,1834,57,A,0,,,
3018390027,11216,280,HANCOCK,ST,3,1839,27,B,0,,,
3018340045,11216,299,HANCOCK,ST,3,1834,45,A,0,,,
3018400038,11216,358,HANCOCK,ST,3,1840,38,A,0,,,
3018410006,11216,372 TO 374,HANCOCK,ST,3,1841,6,A,0,,,
3018350047,11216,375,HANCOCK,ST,3,1835,47,A,0,,,
3018360077,11216,395,HANCOCK,ST,3,1836,77,A,0,,,
3018410016,11216,396,HANCOCK,ST,3,1841,16,B,0,,,
3018410017,11216,398,HANCOCK,ST,3,1841,17,A,0,,,
3018410019,11216,400,HANCOCK,ST,3,1841,19,A,0,,,
3018360064,11216,417,HANCOCK,ST,3,1836,64,A,0,,,
3018600094,11216,19,HERKIMER,ST,3,1860,94,A,0,,,
3018600092,11216,23,HERKIMER,ST,3,1860,92,A,0,,GARDEN COMPLEX,
3018600085,11216,37,HERKIMER,ST,3,1860,85,A,0,421-A (16),421-A (16),
3018600074,11216,57,HERKIMER,ST,3,1860,74,A,0,,,
3018650038,11216,64,HERKIMER,ST,3,1865,38,A,0,,GARDEN COMPLEX,
3018650042,11216,72,HERKIMER,ST,3,1865,42,B,0,,,
3018650047,11216,84,HERKIMER,ST,3,1865,47,A,0,,,
3018600066,11216,85,HERKIMER,ST,3,1860,66,A,0,421-A (16),GARDEN COMPLEX 421-A (16),
3018600064,11216,87,HERKIMER,ST,3,1860,64,A,0,421-A (16),GARDEN COMPLEX 421-A (16),
3018650048,11216,88,HERKIMER,ST,3,1865,48,A,0,,GARDEN COMPLEX,
3018600059,11216,99 TO 105,HERKIMER,ST,3,1860,59,A,0,,SECTION 610 OF PHFL,
3018670020,11216,126,HERKIMER,ST,3,1867,20,A,0,,,
3018670021,11216,132,HERKIMER,ST,3,1867,21,A,0,,,
3018670023,11216,136,HERKIMER,ST,3,1867,23,A,0,,,
3018670025,11216,140,HERKIMER,ST,3,1867,25,A,0,,,
3018670036,11216,164,HERKIMER,ST,3,1867,36,A,0,421-A (1-15),421-A (1-15),
3018670046,11216,186,HERKIMER,ST,3,1867,46,A,0,421-A (1-15),GARDEN COMPLEX 421-A (1-15),
3018670047,11216,194,HERKIMER,ST,3,1867,47,A,0,421-A (1-15),GARDEN COMPLEX 421-A (1-15),
3018680028,11216,254 TO 280,HERKIMER,ST,3,1868,28,A,0,,GARDEN COMPLEX,
3018630059,11216,327,HERKIMER,ST,3,1863,59,A,0,,GARDEN COMPLEX,
3018320013,11216,116 TO 118,JEFFERSON,AVE,3,1832,13,A,0,,GARDEN COMPLEX,
3018270089,11216,117 TO 121,JEFFERSON,AVE,3,1827,89,A,0,,,
3018320018,11216,124,JEFFERSON,AVE,3,1832,18,A,0,,,
3018270084,11216,133,JEFFERSON,AVE,3,1827,84,A,0,,GARDEN COMPLEX,
3018270081,11216,139,JEFFERSON,AVE,3,1827,81,B,0,,,
3018270079,11216,143,JEFFERSON,AVE,3,1827,79,A,0,,GARDEN COMPLEX,
3018270078,11216,145,JEFFERSON,AVE,3,1827,78,A,0,,GARDEN COMPLEX,
3018270074,11216,157,JEFFERSON,AVE,3,1827,74,A,0,,,
3018270072,11216,161,JEFFERSON,AVE,3,1827,72,A,0,,GARDEN COMPLEX,
3018320046,11216,178,JEFFERSON,AVE,3,1832,46,A,0,,,
3018270060,11216,179,JEFFERSON,AVE,3,1827,60,A,0,,SECTION 610 OF PHFL,456458 NOSTRAND AVE
3031640041,11216,187,JEFFERSON,AVE,3,3164,41,A,0,,,
3018280091,11216,189,JEFFERSON,AVE,3,1828,91,A,0,,,
3018280090,11216,191,JEFFERSON,AVE,3,1828,90,A,0,,,
3018280089,11216,193,JEFFERSON,AVE,3,1828,89,A,0,,,
3018280080,11216,211,JEFFERSON,AVE,3,1828,80,A,0,,,
3018280067,11216,237,JEFFERSON,AVE,3,1828,67,A,0,,,
3018280062,11216,247,JEFFERSON,AVE,3,1828,62,B,0,,ROOMING HOUSE,
3018280060,11216,251,JEFFERSON,AVE,3,1828,60,A,0,,,
3018330035,11216,254,JEFFERSON,AVE,3,1833,35,B,0,,ROOMING HOUSE,
3018280055,11216,261,JEFFERSON,AVE,3,1828,55,A,0,,,
3018290078,11216,273,JEFFERSON,AVE,3,1829,78,A,0,,GARDEN COMPLEX,
3018290077,11216,275,JEFFERSON,AVE,3,1829,77,A,0,,,
3018290051,11216,325,JEFFERSON,AVE,3,1829,51,A,0,,,
3017850011,11216,182,KOSCIUSZKO,ST,3,1785,11,A,0,421-A (1-15),421-A (1-15),
3017800070,11216,185 TO 187,KOSCIUSZKO,ST,3,1780,70,A,0,J-51,GARDEN COMPLEX J-51,
3017840096,11216,581,LAFAYETTE,AVE,3,1784,96,A,0,421-A (1-15),ROOMING HOUSE 421-A (1-15),
3017890035,11216,642,LAFAYETTE,AVE,3,1789,35,A,0,,,
3017890036,11216,644,LAFAYETTE,AVE,3,1789,36,A,0,,GARDEN COMPLEX,
3019710013,11216,140,LEXINGTON,AVE,3,1971,13,A,0,,,
3018020005,11216,174 TO 180,LEXINGTON,AVE,3,1802,5,A,0,,,
3018020013,11216,194,LEXINGTON,AVE,3,1802,13,A,0,421-A (16),421-A (16),
3018020027,11216,218,LEXINGTON,AVE,3,1802,27,A,0,421-A (1-15),421-A (1-15),
3017970075,11216,255,LEXINGTON,AVE,3,1797,75,A,0,,GARDEN COMPLEX,
3017970073,11216,257,LEXINGTON,AVE,3,1797,73,A,0,,GARDEN COMPLEX,
3018057502,11216,410,LEXINGTON,AVE,3,1805,7502,A,0,421-A (1-15),GARDEN COMPLEX 421-A (1-15),
3012590005,11216,572,LINCOLN,PL,3,1259,5,A,0,,,
3012590012,11216,580,LINCOLN,PL,3,1259,12,A,0,,,
3012590013,11216,584,LINCOLN,PL,3,1259,13,A,0,,,
3012590014,11216,586,LINCOLN,PL,3,1259,14,A,0,,,
3012590017,11216,600,LINCOLN,PL,3,1259,17,A,0,,,
3012520030,11216,603,LINCOLN,PL,3,1252,30,A,0,,,
3012590027,11216,626,LINCOLN,PL,3,1259,27,A,0,,,
3012600012,11216,670,LINCOLN,PL,3,1260,12,A,0,,,
3012600013,11216,674,LINCOLN,PL,3,1260,13,A,0,,,
3012600014,11216,676,LINCOLN,PL,3,1260,14,A,0,,,
3012530038,11216,681,LINCOLN,PL,3,1253,38,A,0,,,
3012530037,11216,683,LINCOLN,PL,3,1253,37,A,0,,,
3012540057,11216,745,LINCOLN,PL,3,1254,57,A,0,,,
3012540050,11216,767,LINCOLN,PL,3,1254,50,A,0,,,
3012540048,11216,771,LINCOLN,PL,3,1254,48,A,0,,,
3012610030,11216,778,LINCOLN,PL,3,1261,30,A,0,,,
3012610032,11216,782,LINCOLN,PL,3,1261,32,A,0,,,
3018510072,11216,3,MACDONOUGH,ST,3,1851,72,A,0,,,
3018510071,11216,5,MACDONOUGH,ST,3,1851,71,A,0,,,
3018510070,11216,7,MACDONOUGH,ST,3,1851,70,A,0,,,
3018510068,11216,9 TO 11,MACDONOUGH,ST,3,1851,68,A,0,,GARDEN COMPLEX,
3018540012,11216,24 TO 32,MACDONOUGH,ST,3,1854,12,A,0,,GARDEN COMPLEX,
3018510063,11216,25,MACDONOUGH,ST,3,1851,63,A,0,,GARDEN COMPLEX,
3018510058,11216,29,MACDONOUGH,ST,3,1851,58,A,0,,,
3018540019,11216,38 TO 40,MACDONOUGH,ST,3,1854,19,A,0,,GARDEN COMPLEX,
3018510055,11216,39 TO 41,MACDONOUGH,ST,3,1851,55,A,0,,,
3018510053,11216,43 TO 45,MACDONOUGH,ST,3,1851,53,B,0,,,
3018540021,11216,44,MACDONOUGH,ST,3,1854,21,A,0,,,
3018510051,11216,47 TO 49,MACDONOUGH,ST,3,1851,51,B,0,,,
3018510046,11216,59,MACDONOUGH,ST,3,1851,46,A,0,,,
3018520001,11216,75,MACDONOUGH,ST,3,1852,1,A,0,,,
3018550009,11216,78,MACDONOUGH,ST,3,1855,9,A,0,,,
3018520047,11216,137,MACDONOUGH,ST,3,1852,47,A,0,,,
3018530062,11216,175,MACDONOUGH,ST,3,1853,62,B,0,,ROOMING HOUSE,
3018560032,11216,204 TO 206,MACDONOUGH,ST,3,1856,32,A,0,,,
3018480001,11216,2,MACON,ST,3,1848,1,A,0,,,
3018490004,11216,40,MACON,ST,3,1849,4,A,0,,,
3018490011,11216,54,MACON,ST,3,1849,11,A,0,,,
3018440068,11216,89,MACON,ST,3,1844,68,A,0,,,
3018440065,11216,95,MACON,ST,3,1844,65,A,0,,,
3018440064,11216,97,MACON,ST,3,1844,64,A,0,,,
3018500018,11216,98,MACON,ST,3,1850,18,A,0,,GARDEN COMPLEX,
3018440063,11216,99,MACON,ST,3,1844,63,A,0,,,
3018500020,11216,102,MACON,ST,3,1850,20,A,0,,,
3018510004,11216,118,MACON,ST,3,1851,4,A,0,,SECTION 610 OF PHFL,
3018440053,11216,119,MACON,ST,3,1844,53,A,0,,,
3018510011,11216,132,MACON,ST,3,1851,11,A,0,,,
3018520012,11216,196,MACON,ST,3,1852,12,A,0,421-A (1-15),421-A (1-15),
3018520025,11216,216,MACON,ST,3,1852,25,A,0,,,
3018520030,11216,224,MACON,ST,3,1852,30,A,0,,GARDEN COMPLEX,
3018520040,11216,240,MACON,ST,3,1852,40,B,0,,ROOMING HOUSE,
3018470059,11216,305,MACON,ST,3,1847,59,A,0,,,
3019880046,11216,103,MADISON,ST,3,1988,46,A,0,,,
3018220015,11216,142 TO 144,MADISON,ST,3,1822,15,A,0,,,
3018180086,11216,223,MADISON,ST,3,1818,86,A,0,,,
3018230021,11216,240,MADISON,ST,3,1823,21,A,0,J-51,J-51,
3018230027,11216,246,MADISON,ST,3,1823,27,A,0,,GARDEN COMPLEX,
3018230029,11216,248,MADISON,ST,3,1823,29,A,0,,SECTION 610 OF PHFL,
3018230031,11216,250,MADISON,ST,3,1823,31,A,0,,SECTION 610 OF PHFL,
3018230033,11216,252,MADISON,ST,3,1823,33,A,0,,,
3018240029,11216,328,MADISON,ST,3,1824,29,A,0,,,
3016740079,11216,461 TO 469,MARCUS GARVEY,BLVD,3,1674,79,B,0,,,
3018590022,11216,472,MARCUS GARVEY,BLVD,3,1859,22,A,0,421-A (1-15),421-A (1-15),
3018590029,11216,488 TO 490,MARCUS GARVEY,BLVD,3,1859,29,A,0,421-A (16),421-A (16),
3017800004,11216,675,MARCY,AVE,3,1780,4,A,0,421-A (1-15),GARDEN COMPLEX 421-A (1-15),
3017850001,11216,689 TO 691,MARCY,AVE,3,1785,1,A,0,421-A (1-15),421-A (1-15),168 KOSCIUSZKO ST
3017940052,11216,732,MARCY,AVE,3,1794,52,A,0,,SECTION 610 OF PHFL,
3017940053,11216,734,MARCY,AVE,3,1794,53,A,0,421-A (1-15),421-A (1-15),
3018030046,11216,758,MARCY,AVE,3,1803,46,A,0,,,
3018030048,11216,760,MARCY,AVE,3,1803,48,A,0,,,
3018080050,11216,782,MARCY,AVE,3,1808,50,A,0,,,
3018140001,11216,801,MARCY,AVE,3,1814,1,A,0,,,
3018190008,11216,817,MARCY,AVE,3,1819,8,A,0,,SECTION 610 OF PHFL,
3018180046,11216,822,MARCY,AVE,3,1818,46,A,0,,,
3018180047,11216,826,MARCY,AVE,3,1818,47,A,0,,,
3018290004,11216,851,MARCY,AVE,3,1829,4,A,0,,GARDEN COMPLEX,
3018280049,11216,860,MARCY,AVE,3,1828,49,A,0,,,
3018500028,11216,944,MARCY,AVE,3,1850,28,A,0,,,
3019860047,11216,85,MONROE,ST,3,1986,47,A,0,,,
3018170015,11216,142,MONROE,ST,3,1817,15,A,0,,,
3018120071,11216,169A,MONROE,ST,3,1812,71,A,0,421-A (1-15),GARDEN COMPLEX 421-A (1-15),
3018120072,11216,169,MONROE,ST,3,1812,72,A,0,421-A (1-15),421-A (1-15),
3018120169,11216,173,MONROE,ST,3,1812,169,A,0,421-A (1-15),421-A (1-15),
3018120064,11216,183,MONROE,ST,3,1812,64,A,0,,,
3018170036,11216,184,MONROE,ST,3,1817,36,B,0,,,
3018130053,11216,273,MONROE,ST,3,1813,53,A,0,,,
3018140067,11216,291A,MONROE,ST,3,1814,67,A,0,J-51,J-51,
3018140064,11216,295,MONROE,ST,3,1814,64,A,0,,,
3018190042,11216,352,MONROE,ST,3,1819,42,A,0,421-A (1-15),GARDEN COMPLEX 421-A (1-15),338 TOMPKINS AVE
3012010037,11216,62,NEW YORK,AVE,3,1201,37,A,0,,,
3012010038,11216,70,NEW YORK,AVE,3,1201,38,A,0,,,
3012070034,11216,80,NEW YORK,AVE,3,1207,34,A,0,,,
3012130046,11216,110,NEW YORK,AVE,3,1213,46,A,0,,,
3012200040,11216,124,NEW YORK,AVE,3,1220,40,A,0,,,
3012280005,11216,165,NEW YORK,AVE,3,1228,5,A,0,,,
3012270044,11216,170,NEW YORK,AVE,3,1227,44,A,0,,,
3012340037,11216,182,NEW YORK,AVE,3,1234,37,B,0,,,
3012410037,11216,218 TO 220,NEW YORK,AVE,3,1241,37,A,0,,GARDEN COMPLEX,
3012410043,11216,228,NEW YORK,AVE,3,1241,43,A,0,J-51,J-51,
3012480070,11216,236,NEW YORK,AVE,3,1248,70,A,0,,,
3012480071,11216,238,NEW YORK,AVE,3,1248,71,A,0,,,
3012490005,11216,239,NEW YORK,AVE,3,1249,5,A,0,J-51,GARDEN COMPLEX J-51,
3012480073,11216,242,NEW YORK,AVE,3,1248,73,A,0,,,
3012490003,11216,243,NEW YORK,AVE,3,1249,3,A,0,,GARDEN COMPLEX,
3012480074,11216,244,NEW YORK,AVE,3,1248,74,A,0,,,
3012490001,11216,245 TO 247,NEW YORK,AVE,3,1249,1,A,0,,,
3012480081,11216,254,NEW YORK,AVE,3,1248,81,A,0,,,
3012620035,11216,288,NEW YORK,AVE,3,1262,35,A,0,,,
3017890006,11216,265 TO 271,NOSTRAND,AVE,3,1789,6,A,0,,,
3018030001,11216,331,NOSTRAND,AVE,3,1803,1,A,0,,,
3018080010,11216,333,NOSTRAND,AVE,3,1808,10,A,0,,,262268 QUINCY ST
3018087501,11216,343,NOSTRAND,AVE,3,1808,7501,A,0,421-A (1-15),421-A (1-15),
3017970059,11216,348,NOSTRAND,AVE,3,1797,59,A,0,,,
3018180001,11216,373,NOSTRAND,AVE,3,1818,1,A,0,,,
3018280001,11216,407,NOSTRAND,AVE,3,1828,1,A,0,,,
3018320048,11216,462,NOSTRAND,AVE,3,1832,48,A,0,,GARDEN COMPLEX,
3018320049,11216,464,NOSTRAND,AVE,3,1832,49,A,0,,GARDEN COMPLEX,
3018320050,11216,466,NOSTRAND,AVE,3,1832,50,A,0,,SECTION 610 OF PHFL,
3018320051,11216,476,NOSTRAND,AVE,3,1832,51,A,0,,GARDEN COMPLEX,147 HANCOCK ST
3018370053,11216,480 TO 488,NOSTRAND,AVE,3,1837,53,A,0,,,
3018670001,11216,551,NOSTRAND,AVE,3,1867,1,A,0,,,1243 ATLANTIC AVE
3018650062,11216,570 TO 572,NOSTRAND,AVE,3,1865,62,A,0,421-A (16),421-A (16),
3012070005,11216,575,NOSTRAND,AVE,3,1207,5,A,0,,,
3012070004,11216,577,NOSTRAND,AVE,3,1207,4,A,0,,,
3012130004,11216,609,NOSTRAND,AVE,3,1213,4,A,0,,,
3012130003,11216,611,NOSTRAND,AVE,3,1213,3,A,0,J-51,J-51,
3012060041,11216,612 TO 616,NOSTRAND,AVE,3,1206,41,A,0,,,
3012200009,11216,619,NOSTRAND,AVE,3,1220,9,A,0,,,
3012200008,11216,621,NOSTRAND,AVE,3,1220,8,A,0,,,
3012340001,11216,681 TO 685,NOSTRAND,AVE,3,1234,1,A,0,,,
3012260041,11216,684 TO 694,NOSTRAND,AVE,3,1226,41,A,0,,,
3012340080,11216,689 TO 691,NOSTRAND,AVE,3,1234,80,A,0,,,
3012410001,11216,711,NOSTRAND,AVE,3,1241,1,A,0,,,
3012330149,11216,726,NOSTRAND,AVE,3,1233,149,B,0,,,
3012330054,11216,736,NOSTRAND,AVE,3,1233,54,A,0,,,
3012050009,11216,1126,PACIFIC,ST,3,1205,9,A,0,,,
3011990001,11216,1147,PACIFIC,ST,3,1199,1,A,0,,,
3012050022,11216,1154,PACIFIC,ST,3,1205,22,A,0,,,
3012050025,11216,1164,PACIFIC,ST,3,1205,25,A,0,,GARDEN COMPLEX,
3012050027,11216,1166,PACIFIC,ST,3,1205,27,A,0,,GARDEN COMPLEX,
3012060005,11216,1198,PACIFIC,ST,3,1206,5,A,0,,,
3012060020,11216,1216,PACIFIC,ST,3,1206,20,A,0,,ARTICLE 11,
3012060024,11216,1224,PACIFIC,ST,3,1206,24,A,0,,,
3012060028,11216,1234,PACIFIC,ST,3,1206,28,A,0,,,
3012060031,11216,1236,PACIFIC,ST,3,1206,31,A,0,,,
3012000067,11216,1239,PACIFIC,ST,3,1200,67,A,0,,,
3012060035,11216,1244,PACIFIC,ST,3,1206,35,A,0,,,
3012060036,11216,1246,PACIFIC,ST,3,1206,36,A,0,,,
3012060037,11216,1248,PACIFIC,ST,3,1206,37,A,0,,,
3012000066,11216,1249,PACIFIC,ST,3,1200,66,A,0,,ROOMING HOUSE,
3012060039,11216,1250,PACIFIC,ST,3,1206,39,A,0,,,
3012000062,11216,1257,PACIFIC,ST,3,1200,62,A,0,,,
3012000061,11216,1259,PACIFIC,ST,3,1200,61,A,0,,,
3012000058,11216,1265,PACIFIC,ST,3,1200,58,A,0,,,
3012070006,11216,1266,PACIFIC,ST,3,1207,6,A,0,421-A (16),421-A (16),
3012000057,11216,1267,PACIFIC,ST,3,1200,57,A,0,,,
3012070007,11216,1268,PACIFIC,ST,3,1207,7,A,0,,,
3012070011,11216,1272,PACIFIC,ST,3,1207,11,A,0,,ROOMING HOUSE,
3012000052,11216,1273,PACIFIC,ST,3,1200,52,A,0,,,
3012070012,11216,1274,PACIFIC,ST,3,1207,12,A,0,,,
3012070017,11216,1284,PACIFIC,ST,3,1207,17,A,0,,,
3012010074,11216,1295,PACIFIC,ST,3,1201,74,A,0,,,
3012070021,11216,1296,PACIFIC,ST,3,1207,21,A,0,,,
3012070025,11216,1302,PACIFIC,ST,3,1207,25,B,0,,,
3012010066,11216,1307,PACIFIC,ST,3,1201,66,A,0,J-51,J-51 ARTICLES 14 & 15,
3012010058,11216,1325,PACIFIC,ST,3,1201,58,A,0,,GARDEN COMPLEX,
3012080012,11216,1326,PACIFIC,ST,3,1208,12,B,0,,ROOMING HOUSE,
3012010057,11216,1327,PACIFIC,ST,3,1201,57,A,0,,,
3012010055,11216,1331,PACIFIC,ST,3,1201,55,A,0,,,
3012010054,11216,1333,PACIFIC,ST,3,1201,54,A,0,,,
3012080017,11216,1340,PACIFIC,ST,3,1208,17,A,0,,,
3012080019,11216,1342 TO 1344,PACIFIC,ST,3,1208,19,A,0,,,
3012010041,11216,1353,PACIFIC,ST,3,1201,41,A,0,,GARDEN COMPLEX,
3012080027,11216,1356,PACIFIC,ST,3,1208,27,A,0,,,
3012010039,11216,1357,PACIFIC,ST,3,1201,39,A,0,,,
3012020077,11216,1373,PACIFIC,ST,3,1202,77,A,0,,ROOMING HOUSE,
3012020070,11216,1387,PACIFIC,ST,3,1202,70,A,0,,,
3012090009,11216,1402,PACIFIC,ST,3,1209,9,A,1,,NON-EVICT COOP/CONDO,
3012090014,11216,1406,PACIFIC,ST,3,1209,14,A,0,,,
3012030071,11216,1435,PACIFIC,ST,3,1203,71,A,0,,,
3012090032,11216,1442,PACIFIC,ST,3,1209,32,A,0,,,
3012090033,11216,1444,PACIFIC,ST,3,1209,33,A,0,J-51,J-51,
3012030066,11216,1445,PACIFIC,ST,3,1203,66,B,0,,,
3012090034,11216,1446,PACIFIC,ST,3,1209,34,A,0,,ROOMING HOUSE,
3012030064,11216,1447,PACIFIC,ST,3,1203,64,A,0,,,
3012030060,11216,1451 TO 1457,PACIFIC,ST,3,1203,60,A,0,,,
3012030053,11216,1469,PACIFIC,ST,3,1203,53,A,0,,,
3012030051,11216,1473,PACIFIC,ST,3,1203,51,A,0,,,
3012030049,11216,1477,PACIFIC,ST,3,1203,49,A,0,,,
3012380016,11216,654,PARK,PL,3,1238,16,A,0,J-51,J-51,
3012380036,11216,710,PARK,PL,3,1238,36,A,0,J-51,J-51 ARTICLES 14 & 15,1450 BEDFORD AVE
3012320001,11216,723 TO 729,PARK,PL,3,1232,1,A,0,,,
3012390015,11216,726,PARK,PL,3,1239,15,A,0,,,
3012390016,11216,736,PARK,PL,3,1239,16,A,0,,,
3012390017,11216,740,PARK,PL,3,1239,17,A,0,,,
3012400010,11216,754,PARK,PL,3,1240,10,A,0,,GARDEN COMPLEX,117 ROGERS AVE
3012330077,11216,767,PARK,PL,3,1233,77,A,0,,,
3012330076,11216,769,PARK,PL,3,1233,76,A,0,,,
3012400017,11216,778,PARK,PL,3,1240,17,A,0,,,
3012400019,11216,784,PARK,PL,3,1240,19,A,0,,,
3012400023,11216,792,PARK,PL,3,1240,23,A,0,,,
3012400024,11216,796,PARK,PL,3,1240,24,A,0,,ROOMING HOUSE,
3012400026,11216,802,PARK,PL,3,1240,26,A,0,,,
3012400027,11216,804,PARK,PL,3,1240,27,A,0,,,
3012400028,11216,806,PARK,PL,3,1240,28,A,0,,GARDEN COMPLEX,
3012400029,11216,808,PARK,PL,3,1240,29,A,0,,ROOMING HOUSE,
3012330060,11216,809,PARK,PL,3,1233,60,A,0,,,
3012330058,11216,815,PARK,PL,3,1233,58,A,0,,ROOMING HOUSE,
3012330056,11216,817,PARK,PL,3,1233,56,A,0,,GARDEN COMPLEX,
3012410003,11216,834,PARK,PL,3,1241,3,A,0,,,
3012340073,11216,847,PARK,PL,3,1234,73,A,0,,ROOMING HOUSE,
3012340065,11216,867,PARK,PL,3,1234,65,A,0,,,
3012240001,11216,615 TO 623,PROSPECT,PL,3,1224,1,A,0,,,
3012240077,11216,625,PROSPECT,PL,3,1224,77,A,0,,,
3012240067,11216,647,PROSPECT,PL,3,1224,67,A,0,,,
3012310028,11216,648,PROSPECT,PL,3,1231,28,B,0,,,
3012240066,11216,649,PROSPECT,PL,3,1224,66,A,0,J-51,J-51,
3012310030,11216,650,PROSPECT,PL,3,1231,30,B,0,,,
3012310033,11216,658,PROSPECT,PL,3,1231,33,B,0,,,
3012310041,11216,678,PROSPECT,PL,3,1231,41,A,0,421-A (1-15),GARDEN COMPLEX 421-A (1-15),
3012310042,11216,680,PROSPECT,PL,3,1231,42,A,0,421-A (1-15),GARDEN COMPLEX 421-A (1-15),
3012310043,11216,682,PROSPECT,PL,3,1231,43,A,0,421-A (1-15),GARDEN COMPLEX 421-A (1-15),
3012240048,11216,685 TO 693,PROSPECT,PL,3,1224,48,A,0,,,
3012330016,11216,730,PROSPECT,PL,3,1233,16,A,0,421-A (16),421-A (16),
3012330023,11216,744,PROSPECT,PL,3,1233,23,A,0,421-A (1-15),421-A (1-15),
3012330024,11216,746,PROSPECT,PL,3,1233,24,A,0,,,
3012260055,11216,761 TO 767,PROSPECT,PL,3,1226,55,A,0,J-51,J-51,
3012330038,11216,780,PROSPECT,PL,3,1233,38,A,0,,,
3012330040,11216,784,PROSPECT,PL,3,1233,40,B,0,,,
3012330041,11216,786,PROSPECT,PL,3,1233,41,A,0,,GARDEN COMPLEX,
3012330043,11216,794,PROSPECT,PL,3,1233,43,A,0,,,
3012270078,11216,801 TO 803,PROSPECT,PL,3,1227,78,B,0,J-51,GARDEN COMPLEX J-51,
3012270076,11216,805,PROSPECT,PL,3,1227,76,A,0,,,
3012340005,11216,808,PROSPECT,PL,3,1234,5,A,0,,,
3012340007,11216,810,PROSPECT,PL,3,1234,7,A,0,,,
3012340010,11216,816,PROSPECT,PL,3,1234,10,A,0,J-51,J-51,
3012340026,11216,852,PROSPECT,PL,3,1234,26,A,0,,,
3012270054,11216,855,PROSPECT,PL,3,1227,54,A,0,,,
3019960022,11216,168,PUTNAM,AVE,3,1996,22,A,0,421-A (1-15),421-A (1-15),
3018270021,11216,210,PUTNAM,AVE,3,1827,21,A,0,,,
3018270023,11216,216,PUTNAM,AVE,3,1827,23,A,0,,,
3018220086,11216,239,PUTNAM,AVE,3,1822,86,B,0,,ROOMING HOUSE,
3018230093,11216,299,PUTNAM,AVE,3,1823,93,A,0,,,
3018280017,11216,300,PUTNAM,AVE,3,1828,17,A,0,,,
3018230091,11216,303,PUTNAM,AVE,3,1823,91,A,0,,,
3018230081,11216,319,PUTNAM,AVE,3,1823,81,A,0,,GARDEN COMPLEX,
3018230079,11216,321,PUTNAM,AVE,3,1823,79,A,0,J-51,J-51,
3018240056,11216,401,PUTNAM,AVE,3,1824,56,A,0,,GARDEN COMPLEX,
3018240049,11216,415,PUTNAM,AVE,3,1824,49,A,0,,GARDEN COMPLEX,
3019740004,11216,118,QUINCY,ST,3,1974,4,A,0,,,
3018020105,11216,165,QUINCY,ST,3,1802,105,A,0,J-51,J-51 SEC 608,
3018070013,11216,180,QUINCY,ST,3,1807,13,A,0,,,
3018020087,11216,193,QUINCY,ST,3,1802,87,A,0,,,
3018020081,11216,205,QUINCY,ST,3,1802,81,A,0,,,
3018020074,11216,219,QUINCY,ST,3,1802,74,A,0,421-A (1-15),421-A (1-15),
3018020073,11216,221,QUINCY,ST,3,1802,73,A,0,421-A (1-15),GARDEN COMPLEX 421-A (1-15),
3018030086,11216,257,QUINCY,ST,3,1803,86,A,0,,,
3018030085,11216,261,QUINCY,ST,3,1803,85,A,0,,GARDEN COMPLEX,
3018030084,11216,263,QUINCY,ST,3,1803,84,A,0,,GARDEN COMPLEX,
3018080013,11216,272,QUINCY,ST,3,1808,13,A,0,421-A (1-15),421-A (1-15),
3018030079,11216,273,QUINCY,ST,3,1803,79,A,0,J-51,J-51 SEC 608,
3018080014,11216,274,QUINCY,ST,3,1808,14,A,0,421-A (1-15),421-A (1-15),
3018030076,11216,277,QUINCY,ST,3,1803,76,B,0,,,
3018030074,11216,281,QUINCY,ST,3,1803,74,A,0,,,
3018030072,11216,285,QUINCY,ST,3,1803,72,A,0,,,
3018080027,11216,298,QUINCY,ST,3,1808,27,A,0,421-A (1-15),421-A (1-15),
3018080028,11216,300,QUINCY,ST,3,1808,28,A,0,,,
3018030065,11216,301,QUINCY,ST,3,1803,65,A,0,,GARDEN COMPLEX,
3018080030,11216,302,QUINCY,ST,3,1808,30,A,0,,,
3018080032,11216,304,QUINCY,ST,3,1808,32,A,0,,,
3012180011,11216,22,ROGERS,AVE,3,1218,11,A,0,,,
3012180005,11216,32,ROGERS,AVE,3,1218,5,A,0,,GARDEN COMPLEX,
3012120003,11216,35,ROGERS,AVE,3,1212,3,A,0,J-51,J-51,35 GRANT SQ
3012250020,11216,60,ROGERS,AVE,3,1225,20,A,0,,,
3012320021,11216,74,ROGERS,AVE,3,1232,21,B,0,,,
3012260080,11216,83 TO 93,ROGERS,AVE,3,1226,80,A,0,421-A (16),421-A (16),
3012330011,11216,95 TO 99,ROGERS,AVE,3,1233,11,A,0,,,
3012390019,11216,100,ROGERS,AVE,3,1239,19,A,0,,GARDEN COMPLEX,
3012400008,11216,121,ROGERS,AVE,3,1240,8,A,0,,GARDEN COMPLEX,
3012400007,11216,125,ROGERS,AVE,3,1240,7,A,0,,,
3012400005,11216,129,ROGERS,AVE,3,1240,5,A,0,,GARDEN COMPLEX,
3012400004,11216,133,ROGERS,AVE,3,1240,4,A,0,,GARDEN COMPLEX,
3012400002,11216,139,ROGERS,AVE,3,1240,2,A,0,,,
3012530027,11216,142,ROGERS,AVE,3,1253,27,A,0,,,
3012470009,11216,145,ROGERS,AVE,3,1247,9,A,0,421-A (1-15),421-A (1-15),
3012530028,11216,148,ROGERS,AVE,3,1253,28,B,0,,GARDEN COMPLEX,
3012530030,11216,150,ROGERS,AVE,3,1253,30,A,0,,,
3012530031,11216,154,ROGERS,AVE,3,1253,31,B,0,,,
3012530032,11216,156,ROGERS,AVE,3,1253,32,A,0,,,
3012530033,11216,158,ROGERS,AVE,3,1253,33,B,0,,,
3012600023,11216,166,ROGERS,AVE,3,1260,23,A,0,,,
3012540009,11216,169,ROGERS,AVE,3,1254,9,A,0,,,
3012540008,11216,171,ROGERS,AVE,3,1254,8,A,0,,,
3012540007,11216,175,ROGERS,AVE,3,1254,7,A,0,,,
3012540006,11216,177,ROGERS,AVE,3,1254,6,A,0,,,
3012520042,11216,666,SAINT JOHNS,PL,3,1252,42,A,0,,GARDEN COMPLEX,
3012520071,11216,682,SAINT JOHNS,PL,3,1252,71,A,0,,,
3012460001,11216,715 TO 731,SAINT JOHNS,PL,3,1246,1,A,0,,GARDEN COMPLEX,
3012530015,11216,736,SAINT JOHNS,PL,3,1253,15,A,0,,,
3012530017,11216,738,SAINT JOHNS,PL,3,1253,17,A,0,,,
3012470075,11216,765,SAINT JOHNS,PL,3,1247,75,A,0,,,
3012470070,11216,775,SAINT JOHNS,PL,3,1247,70,A,0,,,
3012540015,11216,780,SAINT JOHNS,PL,3,1254,15,A,0,,,
3012540018,11216,786,SAINT JOHNS,PL,3,1254,18,A,0,,,
3012540021,11216,798,SAINT JOHNS,PL,3,1254,21,A,0,,,
3012470063,11216,801,SAINT JOHNS,PL,3,1247,63,A,0,,,
3012540022,11216,802,SAINT JOHNS,PL,3,1254,22,A,0,,,
3012540026,11216,806,SAINT JOHNS,PL,3,1254,26,A,0,421-A (16),GARDEN COMPLEX 421-A (16),
3012470061,11216,807,SAINT JOHNS,PL,3,1247,61,A,0,,,
3012470060,11216,811,SAINT JOHNS,PL,3,1247,60,A,0,,,
3012470058,11216,817,SAINT JOHNS,PL,3,1247,58,A,0,J-51,GARDEN COMPLEX J-51,
3012540032,11216,820,SAINT JOHNS,PL,3,1254,32,A,0,J-51,J-51,
3012470056,11216,823,SAINT JOHNS,PL,3,1247,56,A,0,J-51,GARDEN COMPLEX J-51,
3012470055,11216,827,SAINT JOHNS,PL,3,1247,55,A,0,,,
3012540035,11216,828,SAINT JOHNS,PL,3,1254,35,A,0,J-51,J-51,
3012470054,11216,829 TO 831,SAINT JOHNS,PL,3,1247,54,A,0,,,
3012480063,11216,853,SAINT JOHNS,PL,3,1248,63,A,0,,,
3012480062,11216,857,SAINT JOHNS,PL,3,1248,62,A,0,,,
3012480061,11216,859,SAINT JOHNS,PL,3,1248,61,A,0,,,
3012480060,11216,863,SAINT JOHNS,PL,3,1248,60,A,0,,,
3012480059,11216,865,SAINT JOHNS,PL,3,1248,59,A,0,,,
3012480058,11216,869,SAINT JOHNS,PL,3,1248,58,A,0,,,
3012480057,11216,873,SAINT JOHNS,PL,3,1248,57,A,0,,,
3012480056,11216,875,SAINT JOHNS,PL,3,1248,56,A,0,,,
3012480055,11216,879,SAINT JOHNS,PL,3,1248,55,A,0,,,
3012480054,11216,881,SAINT JOHNS,PL,3,1248,54,A,0,,,
3012480052,11216,887,SAINT JOHNS,PL,3,1248,52,A,0,,,
3012480051,11216,891,SAINT JOHNS,PL,3,1248,51,A,0,,,
3012480050,11216,893,SAINT JOHNS,PL,3,1248,50,A,0,,,
3012480049,11216,897,SAINT JOHNS,PL,3,1248,49,B,0,,,
3012480048,11216,901,SAINT JOHNS,PL,3,1248,48,A,0,,GARDEN COMPLEX,
3012480047,11216,903,SAINT JOHNS,PL,3,1248,47,A,0,,,
3012480046,11216,907,SAINT JOHNS,PL,3,1248,46,B,0,,,
3012480045,11216,909,SAINT JOHNS,PL,3,1248,45,A,0,,,
3012480044,11216,913,SAINT JOHNS,PL,3,1248,44,B,0,J-51,J-51,
3012170083,11216,545,SAINT MARKS,AVE,3,1217,83,A,0,421-A (16),GARDEN COMPLEX 421-A (16),
3012170076,11216,561,SAINT MARKS,AVE,3,1217,76,B,0,,ROOMING HOUSE,
3012170069,11216,575,SAINT MARKS,AVE,3,1217,69,A,0,,,
3012170068,11216,577,SAINT MARKS,AVE,3,1217,68,A,0,,,
3012240032,11216,600,SAINT MARKS,AVE,3,1224,32,A,0,J-51,J-51,
3012260015,11216,654,SAINT MARKS,AVE,3,1226,15,A,0,J-51,J-51,
3012190061,11216,657,SAINT MARKS,AVE,3,1219,61,A,0,,,
3012190056,11216,665,SAINT MARKS,AVE,3,1219,56,A,0,,,
3012260023,11216,670,SAINT MARKS,AVE,3,1226,23,A,0,,,
3012260028,11216,678,SAINT MARKS,AVE,3,1226,28,A,0,,,
3012260029,11216,680,SAINT MARKS,AVE,3,1226,29,A,0,,,
3012260032,11216,686,SAINT MARKS,AVE,3,1226,32,A,0,,,
3012200001,11216,701,SAINT MARKS,AVE,3,1220,1,A,0,,,
3012200078,11216,705,SAINT MARKS,AVE,3,1220,78,A,0,,GARDEN COMPLEX,
3012200075,11216,711,SAINT MARKS,AVE,3,1220,75,A,0,,,
3012200019,11216,715,SAINT MARKS,AVE,3,1220,19,A,0,,,
3012270014,11216,718,SAINT MARKS,AVE,3,1227,14,A,0,,,
3012270016,11216,720,SAINT MARKS,AVE,3,1227,16,A,0,,,
3012200047,11216,731 TO 759,SAINT MARKS,AVE,3,1220,47,A,0,,,
3012270021,11216,732,SAINT MARKS,AVE,3,1227,21,A,0,,,
3012270025,11216,748,SAINT MARKS,AVE,3,1227,25,A,0,,,
3012270033,11216,762,SAINT MARKS,AVE,3,1227,33,A,0,,,
3012270036,11216,770,SAINT MARKS,AVE,3,1227,36,A,0,,,
3020000014,11216,1,SPENCER,PL,3,2000,14,A,0,J-51,J-51 SEC 608,
3019990015,11216,2,SPENCER,PL,3,1999,15,A,0,J-51,J-51 SEC 608,
3020000009,11216,11,SPENCER,PL,3,2000,9,A,0,,,
3020000001,11216,25 TO 27,SPENCER,PL,3,2000,1,A,0,J-51,J-51 SEC 608,
3020000045,11216,29,SPENCER,PL,3,2000,45,A,0,J-51,GARDEN COMPLEX J-51,
3012380068,11216,673,STERLING,PL,3,1238,68,A,0,,,
3012380067,11216,675,STERLING,PL,3,1238,67,A,0,,,
3012380066,11216,677,STERLING,PL,3,1238,66,A,0,,GARDEN COMPLEX,
3012380063,11216,681,STERLING,PL,3,1238,63,B,0,,GARDEN COMPLEX,
3012380060,11216,685 TO 687,STERLING,PL,3,1238,60,A,0,,,
3012380052,11216,703,STERLING,PL,3,1238,52,A,0,,,
3012380047,11216,717,STERLING,PL,3,1238,47,A,0,,,
3012380046,11216,721,STERLING,PL,3,1238,46,B,0,,,
3012460012,11216,742 TO 746,STERLING,PL,3,1246,12,A,0,,,
3012460013,11216,748,STERLING,PL,3,1246,13,A,0,,,
3012400072,11216,787,STERLING,PL,3,1240,72,A,0,,GARDEN COMPLEX,
3012470011,11216,788 TO 792,STERLING,PL,3,1247,11,B,0,421-A (1-15),GARDEN COMPLEX 421-A (1-15),
3012400071,11216,791,STERLING,PL,3,1240,71,A,0,J-51,J-51,
3012400069,11216,797,STERLING,PL,3,1240,69,A,0,421-A (16),421-A (16),
3012410059,11216,901,STERLING,PL,3,1241,59,A,0,,,
3012410052,11216,915,STERLING,PL,3,1241,52,A,0,,GARDEN COMPLEX,
3012480037,11216,918,STERLING,PL,3,1248,37,A,0,,,
3012480040,11216,924,STERLING,PL,3,1248,40,A,0,,,
3012480041,11216,934,STERLING,PL,3,1248,41,A,0,,,
3012410045,11216,939,STERLING,PL,3,1241,45,A,0,,,
3018470036,11216,406,SUMNER,AVE,3,1847,36,A,0,,,406 MARCUS GARVEY BLVD
3018470037,11216,408,SUMNER,AVE,3,1847,37,A,0,,GARDEN COMPLEX,408 MARCUS GARVEY BLVD
3016640005,11216,419,SUMNER,AVE,3,1664,5,A,0,,,419 MARCUS GARVEY BLVD
3016640004,11216,421,SUMNER,AVE,3,1664,4,A,0,,,
3018410004,11216,547,THROOP,AVE,3,1841,4,A,0,,,
3018400048,11216,588,THROOP,AVE,3,1840,48,A,0,,,
3018550042,11216,632,THROOP,AVE,3,1855,42,A,0,,,
3017860003,11216,231,TOMPKINS,AVE,3,1786,3,A,0,,SECTION 610 OF PHFL,
3017860001,11216,235,TOMPKINS,AVE,3,1786,1,A,0,,SECTION 610 OF PHFL,
3017910007,11216,249,TOMPKINS,AVE,3,1791,7,A,0,,SECTION 610 OF PHFL,
3017910004,11216,251,TOMPKINS,AVE,3,1791,4,A,0,,,
3017910003,11216,252,TOMPKINS,AVE,3,1791,3,A,0,,,
3018000002,11216,277,TOMPKINS,AVE,3,1800,2,A,0,J-51,J-51 SEC 608,
3018040037,11216,288 TO 290,TOMPKINS,AVE,3,1804,37,A,0,421-A (1-15),421-A (1-15),
3018050001,11216,301,TOMPKINS,AVE,3,1805,1,A,0,,SECTION 610 OF PHFL,
3018090039,11216,304,TOMPKINS,AVE,3,1809,39,A,0,,,
3018100007,11216,307,TOMPKINS,AVE,3,1810,7,A,0,,SECTION 610 OF PHFL,
3018100006,11216,309,TOMPKINS,AVE,3,1810,6,A,0,J-51,J-51,
3018140031,11216,318,TOMPKINS,AVE,3,1814,31,A,0,,,
3018200004,11216,351,TOMPKINS,AVE,3,1820,4,A,0,,SECTION 610 OF PHFL,
3018200003,11216,353,TOMPKINS,AVE,3,1820,3,A,0,,,
3018250003,11216,365,TOMPKINS,AVE,3,1825,3,A,0,J-51,J-51,
3018340037,11216,396,TOMPKINS,AVE,3,1834,37,A,0,J-51,J-51,
3018340038,11216,398,TOMPKINS,AVE,3,1834,38,A,0,J-51,J-51,
3018340039,11216,400,TOMPKINS,AVE,3,1834,39,A,0,,GARDEN COMPLEX,
3018340041,11216,402,TOMPKINS,AVE,3,1834,41,A,0,,,
3018340042,11216,404,TOMPKINS,AVE,3,1834,42,A,0,,GARDEN COMPLEX,
3018350004,11216,409,TOMPKINS,AVE,3,1835,4,A,0,,GARDEN COMPLEX,
3018397502,11216,410,TOMPKINS,AVE,3,1839,7502,A,0,421-A (16),GARDEN COMPLEX 421-A (16),
3018350002,11216,413,TOMPKINS,AVE,3,1835,2,A,0,,,
3018390040,11216,426,TOMPKINS,AVE,3,1839,40,A,0,,,227 HALSEY ST
3018400005,11216,427,TOMPKINS,AVE,3,1840,5,A,0,421-A (1-15),421-A (1-15),
3018460006,11216,445,TOMPKINS,AVE,3,1846,6,A,0,,GARDEN COMPLEX,
3018460005,11216,447,TOMPKINS,AVE,3,1846,5,A,0,,GARDEN COMPLEX,
3018460002,11216,455,TOMPKINS,AVE,3,1846,2,A,0,,,
3018520005,11216,469,TOMPKINS,AVE,3,1852,5,A,0,,,
3018520004,11216,471,TOMPKINS,AVE,3,1852,4,A,0,,GARDEN COMPLEX,
3018540037,11216,482,TOMPKINS,AVE,3,1854,37,A,0,,,
3018550003,11216,489,TOMPKINS,AVE,3,1855,3,A,0,,,
3018490030,11216,14,VERONA,PL,3,1849,30,A,0,,,
3001797503,11217,28 TO 44,3RD,AVE,3,179,7503,A,0,,,
3001800065,11217,33,3RD,AVE,3,180,65,A,0,,,
3003890004,11217,103,3RD,AVE,3,389,4,A,0,,,
3003890003,11217,105,3RD,AVE,3,389,3,B,0,,,
3003890002,11217,107,3RD,AVE,3,389,2,A,0,,,
3003890041,11217,82,4TH,AVE,3,389,41,A,0,421-A (16),421-A (16),
3004010041,11217,110,4TH,AVE,3,401,41,A,0,421-A (16),421-A (16),
3004070026,11217,126,4TH,AVE,3,407,26,A,0,421-A (1-15),421-A (1-15),
3004070034,11217,140,4TH,AVE,3,407,34,A,0,,,
3009430004,11217,143,4TH,AVE,3,943,4,A,0,,,
3009430003,11217,145,4TH,AVE,3,943,3,A,0,,,
3009430002,11217,147,4TH,AVE,3,943,2,A,0,,,
3004137501,11217,150,4TH,AVE,3,413,7501,A,0,421-A (1-15),421-A (1-15),
3009490004,11217,183,4TH,AVE,3,949,4,B,0,,,
3009490003,11217,185,4TH,AVE,3,949,3,A,0,,,
3009330008,11217,51,5TH,AVE,3,933,8,A,0,,,
3009330006,11217,53,5TH,AVE,3,933,6,A,0,,,
3009330005,11217,55,5TH,AVE,3,933,5,A,0,,,
3009330001,11217,61,5TH,AVE,3,933,1,A,0,,,
3009340041,11217,76,5TH,AVE,3,934,41,A,0,,GARDEN COMPLEX,
3009340042,11217,78,5TH,AVE,3,934,42,A,0,,,
3009340043,11217,82 TO 84,5TH,AVE,3,934,43,A,0,,,
3009340044,11217,86,5TH,AVE,3,934,44,A,0,,,
3009340045,11217,88,5TH,AVE,3,934,45,A,0,,,
3009440004,11217,131,5TH,AVE,3,944,4,B,0,,,
3009447504,11217,137,5TH,AVE,3,944,7504,A,0,,,
3009430044,11217,140,5TH,AVE,3,943,44,A,0,,,
3009470011,11217,141,5TH,AVE,3,947,11,A,0,,GARDEN COMPLEX,
3009430045,11217,142 TO 144,5TH,AVE,3,943,45,A,0,,,
3009470008,11217,147 TO 149,5TH,AVE,3,947,8,A,0,,GARDEN COMPLEX,
3009460050,11217,158,5TH,AVE,3,946,50,A,0,,,
3009490046,11217,172 TO 174,5TH,AVE,3,949,46,A,0,,GARDEN COMPLEX,
3009500001,11217,185,5TH,AVE,3,950,1,A,0,,,
3009490053,11217,186 TO 188,5TH,AVE,3,949,53,A,0,,,
3009530009,11217,189,5TH,AVE,3,953,9,A,0,,,
3009530008,11217,191,5TH,AVE,3,953,8,A,0,,,
3009530006,11217,195,5TH,AVE,3,953,6,A,0,,,
3011187502,11217,18,6TH,AVE,3,1118,7502,A,0,421-A (16),421-A (16),
3011187501,11217,38,6TH,AVE,3,1118,7501,A,0,,,
3011360008,11217,49,6TH,AVE,3,1136,8,A,0,,,
3011350030,11217,60,6TH,AVE,3,1135,30,A,0,,,
3011430008,11217,75,6TH,AVE,3,1143,8,A,0,,,
3009360002,11217,93,6TH,AVE,3,936,2,A,0,,TENETS ROOMING HOUSE,
3009390010,11217,97,6TH,AVE,3,939,10,A,0,,,74 PROSPECT PL
3009380043,11217,104,6TH,AVE,3,938,43,A,0,,,
3009380044,11217,106,6TH,AVE,3,938,44,A,0,,,
3009420004,11217,129,6TH,AVE,3,942,4,A,0,,,
3009470047,11217,158,6TH,AVE,3,947,47,A,0,,,
3009470051,11217,166,6TH,AVE,3,947,51,B,0,,ROOMING HOUSE,
3009510010,11217,177,6TH,AVE,3,951,10,B,0,,ROOMING HOUSE,
3009420047,11217,20A,7TH,AVE,3,942,47,A,0,,,
3009420046,11217,20,7TH,AVE,3,942,46,A,0,,,
3009450042,11217,32,7TH,AVE,3,945,42,A,0,,,
3010590009,11217,41,7TH,AVE,3,1059,9,A,0,,,
3009480045,11217,52,7TH,AVE,3,948,45,A,0,,,
3010590001,11217,57,7TH,AVE,3,1059,1,A,0,,,
3010610009,11217,61,7TH,AVE,3,1061,9,A,0,,,
3009510045,11217,66,7TH,AVE,3,951,45,A,0,,,
3009510046,11217,70,7TH,AVE,3,951,46,A,0,,,
3009510048,11217,72 TO 74,7TH,AVE,3,951,48,A,0,,,
3009540046,11217,92,7TH,AVE,3,954,46,A,0,,,
3010590045,11217,20,8TH,AVE,3,1059,45,A,1,,NON-EVICT COOP/CONDO,
3010640006,11217,59,8TH,AVE,3,1064,6,A,0,,,
3010640003,11217,65,8TH,AVE,3,1064,3,A,0,,,
3010640001,11217,71,8TH,AVE,3,1064,1,A,0,,,
3020950042,11217,206,ASHLAND,PL,3,2095,42,A,0,,,
3021107501,11217,300,ASHLAND,PL,3,2110,7501,A,0,421-A (1-15),421-A (1-15),
3001770056,11217,355,ATLANTIC,AVE,3,177,56,A,0,,,
3001830026,11217,384,ATLANTIC,AVE,3,183,26,A,0,,,
3001830030,11217,392,ATLANTIC,AVE,3,183,30,A,0,421-A (1-15),421-A (1-15),
3001770034,11217,397 TO 399,ATLANTIC,AVE,3,177,34,A,0,,,
3001840024,11217,452,ATLANTIC,AVE,3,184,24,A,0,,,
3001790039,11217,501,ATLANTIC,AVE,3,179,39,A,0,,,
3001850019,11217,510,ATLANTIC,AVE,3,185,19,A,0,421-A (16),ROOMING HOUSE 421-A (16),
3001800059,11217,527,ATLANTIC,AVE,3,180,59,A,0,,,
3001800056,11217,533,ATLANTIC,AVE,3,180,56,B,0,,,
3001800053,11217,539,ATLANTIC,AVE,3,180,53,B,0,,,
3001860030,11217,562,ATLANTIC,AVE,3,186,30,A,0,,,
3001860031,11217,564,ATLANTIC,AVE,3,186,31,A,0,,,
3020050165,11217,13,ATLANTIC COMMONS,,3,2005,165,A,0,421-A (16),421-A (16),
3020050166,11217,15,ATLANTIC COMMONS,,3,2005,166,A,0,,,
3020050167,11217,17,ATLANTIC COMMONS,,3,2005,167,A,0,,,
3003990001,11217,445,BALTIC,ST,3,399,1,A,0,,,
3004070007,11217,560,BALTIC,ST,3,407,7,A,0,,,
3004070010,11217,566,BALTIC,ST,3,407,10,A,0,,,
3004010062,11217,577 TO 579,BALTIC,ST,3,401,62,A,0,421-A (1-15),421-A (1-15),
3004010050,11217,595,BALTIC,ST,3,401,50,A,0,421-A (1-15),421-A (1-15),
3001970001,11217,251,BERGEN,ST,3,197,1,A,0,,,143 NEVINS ST
3001970055,11217,255 TO 259,BERGEN,ST,3,197,55,A,0,,,
3003880009,11217,258,BERGEN,ST,3,388,9,A,0,,GARDEN COMPLEX,
3001980001,11217,295 TO 299,BERGEN,ST,3,198,1,A,1,,COOP/CONDO PLAN FILE,93 3RD AVE
3003890005,11217,312 TO 316,BERGEN,ST,3,389,5,A,0,421-A (1-15),421-A (1-15),101 3RD AVE
3003890012,11217,320,BERGEN,ST,3,389,12,A,0,,,
3003890013,11217,322,BERGEN,ST,3,389,13,A,0,,GARDEN COMPLEX,
3003890022,11217,332,BERGEN,ST,3,389,22,A,0,,GARDEN COMPLEX,
3003890023,11217,334,BERGEN,ST,3,389,23,B,0,,ROOMING HOUSE,
3003890028,11217,344 TO 348,BERGEN,ST,3,389,28,A,0,,,
3009320038,11217,426,BERGEN,ST,3,932,38,A,0,,,
3009330010,11217,440,BERGEN,ST,3,933,10,A,0,,,
3009330014,11217,446,BERGEN,ST,3,933,14,B,0,,,
3009330026,11217,470,BERGEN,ST,3,933,26,A,0,,,
3009330027,11217,472,BERGEN,ST,3,933,27,A,0,,,
3011350034,11217,475,BERGEN,ST,3,1135,34,A,0,,,
3011430035,11217,528 TO 532,BERGEN,ST,3,1143,35,A,0,,,
3011360071,11217,531,BERGEN,ST,3,1136,71,A,0,,,
3011360069,11217,533,BERGEN,ST,3,1136,69,A,0,,,
3011430038,11217,534,BERGEN,ST,3,1143,38,A,0,,,
3011430039,11217,536,BERGEN,ST,3,1143,39,A,0,,,
3011360067,11217,537,BERGEN,ST,3,1136,67,A,0,,,
3011430040,11217,538,BERGEN,ST,3,1143,40,A,0,,,
3011360065,11217,539,BERGEN,ST,3,1136,65,A,0,,,
3011360062,11217,541,BERGEN,ST,3,1136,62,A,0,,,
3011430042,11217,542,BERGEN,ST,3,1143,42,A,0,,,
3011360061,11217,543,BERGEN,ST,3,1136,61,A,0,,,
3011360060,11217,545,BERGEN,ST,3,1136,60,A,0,,ROOMING HOUSE,
3011360058,11217,549,BERGEN,ST,3,1136,58,A,0,,,
3009500068,11217,17,BERKELEY,PL,3,950,68,A,0,,,
3009510070,11217,113,BERKELEY,PL,3,951,70,B,0,,,
3010630007,11217,180,BERKELEY,PL,3,1063,7,A,0,,,
3010610068,11217,187,BERKELEY,PL,3,1061,68,A,0,,,
3010610066,11217,193,BERKELEY,PL,3,1061,66,A,0,,,
3010630021,11217,206,BERKELEY,PL,3,1063,21,A,0,,,
3010630026,11217,220,BERKELEY,PL,3,1063,26,A,0,,,
3010610054,11217,221,BERKELEY,PL,3,1061,54,A,0,,,
3010610052,11217,225,BERKELEY,PL,3,1061,52,A,0,,,
3010610048,11217,233,BERKELEY,PL,3,1061,48,A,0,J-51,J-51,
3001830037,11217,104 TO 106,BOND,ST,3,183,37,A,0,,,
3003930069,11217,187,BOND,ST,3,393,69,A,0,,,
3004110011,11217,190,BUTLER,ST,3,411,11,A,0,,,
3004130036,11217,336,BUTLER,ST,3,413,36,A,0,,,
3001900055,11217,213,DEAN,ST,3,190,55,A,0,,,
3001970019,11217,274,DEAN,ST,3,197,19,A,0,,,
3001970021,11217,278,DEAN,ST,3,197,21,B,0,,GARDEN COMPLEX,
3001910039,11217,303,DEAN,ST,3,191,39,A,0,,,
3001980021,11217,334,DEAN,ST,3,198,21,A,0,,,
3009280001,11217,375,DEAN,ST,3,928,1,A,0,421-A (16),421-A (16),
3009300014,11217,388,DEAN,ST,3,930,14,B,0,,,
3009280051,11217,427,DEAN,ST,3,928,51,A,0,,,
3009280049,11217,433,DEAN,ST,3,928,49,A,0,,,
3009310008,11217,446,DEAN,ST,3,931,8,A,0,,,
3011180002,11217,461,DEAN,ST,3,1118,2,A,0,421-A (16),421-A (16),
3011280084,11217,497,DEAN,ST,3,1128,84,A,0,,,
3011280075,11217,523,DEAN,ST,3,1128,75,A,0,,,
3011360037,11217,546,DEAN,ST,3,1136,37,A,0,,,
3011360040,11217,552,DEAN,ST,3,1136,40,A,0,,,
3011360042,11217,556,DEAN,ST,3,1136,42,A,0,,,
3004160017,11217,419 TO 421,DEGRAW,ST,3,416,17,A,0,,,
3009490044,11217,718 TO 720,DEGRAW,ST,3,949,44,A,0,,,
3021000034,11217,149,DEKALB,AVE,3,2100,34,A,0,,,
3021060026,11217,1 TO 17,FLATBUSH,AVE,3,2106,26,A,0,421-A (16),421-A (16),546 FULTON ST
3021067502,11217,29,FLATBUSH,AVE,3,2106,7502,A,0,421-A (1-15),GARDEN COMPLEX 421-A (1-15),66 ROCKWELL PL
3009330036,11217,228,FLATBUSH,AVE,3,933,36,A,0,,,
3011430007,11217,255,FLATBUSH,AVE,3,1143,7,A,0,,,
3011430004,11217,261,FLATBUSH,AVE,3,1143,4,A,0,,TENETS ROOMING HOUSE,
3011500012,11217,281 TO 283,FLATBUSH,AVE,3,1150,12,A,0,,,
3011570011,11217,319,FLATBUSH,AVE,3,1157,11,B,0,,,
3011570010,11217,321,FLATBUSH,AVE,3,1157,10,A,0,,,
3020970062,11217,48,FORT GREENE,PL,3,2097,62,B,0,,ROOMING HOUSE,
3020980011,11217,63,FORT GREENE,PL,3,2098,11,A,0,,,
3020970072,11217,68,FORT GREENE,PL,3,2097,72,B,0,,ROOMING HOUSE,
3020970073,11217,70,FORT GREENE,PL,3,2097,73,B,0,,ROOMING HOUSE,
3021120038,11217,104,FORT GREENE,PL,3,2112,38,A,0,,,
3021120042,11217,112,FORT GREENE,PL,3,2112,42,A,0,,,
3021120045,11217,118,FORT GREENE,PL,3,2112,45,B,0,,,
3021077501,11217,590,FULTON,ST,3,2107,7501,A,0,"421-A (1-15),J-51",J-51 421-A (1-15),250 ASHLAND PL
3021150004,11217,698,FULTON,ST,3,2115,4,B,0,,,
3021140001,11217,67,HANSON,PL,3,2114,1,A,0,,,
3021140033,11217,75,HANSON,PL,3,2114,33,A,0,,,
3021150017,11217,89,HANSON,PL,3,2115,17,A,0,,,
3001950001,11217,139,HOYT,ST,3,195,1,A,0,,,
3003970037,11217,206,HOYT,ST,3,397,37,A,0,,,
3021077502,11217,9 TO 19,LAFAYETTE,AVE,3,2107,7502,A,0,421-A (1-15),421-A (1-15),270 ASHLAND PL
3021080021,11217,25,LAFAYETTE,AVE,3,2108,21,A,0,,,
3021170009,11217,82 TO 84,LAFAYETTE,AVE,3,2117,9,A,0,,,
3021170014,11217,92,LAFAYETTE,AVE,3,2117,14,A,0,,ROOMING HOUSE,
3021000076,11217,99,LAFAYETTE,AVE,3,2100,76,A,0,,,
3021000072,11217,101,LAFAYETTE,AVE,3,2100,72,A,1,,NON-EVICT COOP/CONDO,
3021180022,11217,114,LAFAYETTE,AVE,3,2118,22,A,0,,,
3021010073,11217,123,LAFAYETTE,AVE,3,2101,73,A,0,,,
3021010072,11217,125,LAFAYETTE,AVE,3,2101,72,A,0,,,
3021010071,11217,127,LAFAYETTE,AVE,3,2101,71,A,0,,,
3021010070,11217,129,LAFAYETTE,AVE,3,2101,70,A,0,,,
3009500012,11217,14,LINCOLN,PL,3,950,12,A,0,,GARDEN COMPLEX,
3009510040,11217,168,LINCOLN,PL,3,951,40,A,0,,,
3010610014,11217,186,LINCOLN,PL,3,1061,14,A,0,,,
3010590061,11217,209,LINCOLN,PL,3,1059,61,A,1,,NON-EVICT COOP/CONDO,
3010610028,11217,220,LINCOLN,PL,3,1061,28,A,0,,,
3010610030,11217,224,LINCOLN,PL,3,1061,30,A,0,,,
3010590055,11217,225,LINCOLN,PL,3,1059,55,A,1,,COOP/CONDO PLAN FILE,
3010590050,11217,229 TO 239,LINCOLN,PL,3,1059,50,A,1,,NON-EVICT COOP/CONDO,
3010610034,11217,232,LINCOLN,PL,3,1061,34,A,0,,,
3010610035,11217,234,LINCOLN,PL,3,1061,35,A,0,,GARDEN COMPLEX,
3001660025,11217,302 TO 312,LIVINGSTON,ST,3,166,25,A,0,421-A (16),421-A (16),
3001610054,11217,305,LIVINGSTON,ST,3,161,54,A,0,,,
3001660033,11217,324,LIVINGSTON,ST,3,166,33,A,0,,,
3001670016,11217,362 TO 366,LIVINGSTON,ST,3,167,16,A,0,,,
3001727501,11217,48 TO 66,NEVINS,ST,3,172,7501,A,0,,,306 SCHERMERHORN ST
3001970003,11217,139,NEVINS,ST,3,197,3,A,0,,,
3003870041,11217,150,NEVINS,ST,3,387,41,A,0,,GARDEN COMPLEX,
3003930038,11217,178,NEVINS,ST,3,393,38,A,0,,,
3001830060,11217,347,PACIFIC,ST,3,183,60,A,0,,,
3001830048,11217,369,PACIFIC,ST,3,183,48,A,0,,GARDEN COMPLEX,
3001900013,11217,410,PACIFIC,ST,3,190,13,A,0,,,
3001840052,11217,413,PACIFIC,ST,3,184,52,B,0,,GARDEN COMPLEX,
3001840049,11217,419,PACIFIC,ST,3,184,49,A,0,,,
3001850048,11217,467,PACIFIC,ST,3,185,48,A,1,,NON-EVICT COOP/CONDO,
3001850041,11217,483,PACIFIC,ST,3,185,41,A,0,,,
3001920024,11217,532,PACIFIC,ST,3,192,24,A,0,,,
3001920029,11217,540,PACIFIC,ST,3,192,29,A,0,,,
3001920030,11217,542,PACIFIC,ST,3,192,30,A,0,,,
3001920031,11217,544,PACIFIC,ST,3,192,31,B,0,,ROOMING HOUSE,
3001860049,11217,557,PACIFIC,ST,3,186,49,A,0,,,
3009280013,11217,568 TO 570,PACIFIC,ST,3,928,13,A,0,,,
3011287505,11217,662,PACIFIC,ST,3,1128,7505,A,0,421-A (16),421-A (16),37 6TH AVE
3011280009,11217,670,PACIFIC,ST,3,1128,9,A,0,421-A (1-15),421-A (1-15),
3009410012,11217,12,PARK,PL,3,941,12,A,0,,,
3009387503,11217,65,PARK,PL,3,938,7503,A,0,421-A (1-15),421-A (1-15),
3010620011,11217,25,PLAZA ST W,,3,1062,11,A,1,,NON-EVICT COOP/CONDO,
3009390012,11217,82,PROSPECT,PL,3,939,12,A,0,,,
3011500001,11217,111,PROSPECT,PL,3,1150,1,A,0,,,
3011500062,11217,115 TO 117,PROSPECT,PL,3,1150,62,A,0,,,
3011570015,11217,126,PROSPECT,PL,3,1157,15,A,0,,,
3011570021,11217,134,PROSPECT,PL,3,1157,21,A,0,,,
3011570022,11217,136,PROSPECT,PL,3,1157,22,A,0,,,
3020990023,11217,33,S ELLIOTT,PL,3,2099,23,A,0,,,
3020990016,11217,43 TO 47,S ELLIOTT,PL,3,2099,16,A,0,,,
3020980071,11217,54,S ELLIOTT,PL,3,2098,71,A,0,,,
3020980074,11217,62,S ELLIOTT,PL,3,2098,74,A,0,,GARDEN COMPLEX,
3020990003,11217,71,S ELLIOTT,PL,3,2099,3,B,0,,,
3021140007,11217,115,S ELLIOTT,PL,3,2114,7,A,0,,,
3021140006,11217,117,S ELLIOTT,PL,3,2114,6,A,0,,,
3021010034,11217,1,S OXFORD,ST,3,2101,34,A,0,,,
3021010033,11217,5,S OXFORD,ST,3,2101,33,A,0,,,
3021010027,11217,17,S OXFORD,ST,3,2101,27,A,0,,,
3021010026,11217,19,S OXFORD,ST,3,2101,26,A,0,,,
3021000056,11217,36,S OXFORD,ST,3,2100,56,A,0,,,
3021000059,11217,42,S OXFORD,ST,3,2100,59,A,0,,,
3021000061,11217,46,S OXFORD,ST,3,2100,61,A,0,,,
3021000062,11217,48,S OXFORD,ST,3,2100,62,A,0,,,
3021000063,11217,50,S OXFORD,ST,3,2100,63,A,0,,,
3021000065,11217,54,S OXFORD,ST,3,2100,65,A,0,,,
3021000070,11217,64,S OXFORD,ST,3,2100,70,B,0,,,
3021010004,11217,67,S OXFORD,ST,3,2101,4,A,0,,,
3021180008,11217,99,S OXFORD,ST,3,2118,8,A,0,,,
3021180007,11217,101,S OXFORD,ST,3,2118,7,A,0,,,
3021180002,11217,111,S OXFORD,ST,3,2118,2,A,0,,,
3021170033,11217,114,S OXFORD,ST,3,2117,33,B,0,,,
3020050124,11217,153,S OXFORD,ST,3,2005,124,A,0,421-A (16),421-A (16),
3020050122,11217,157,S OXFORD,ST,3,2005,122,A,0,,EXPIRED,
3020990045,11217,6,S PORTLAND,AVE,3,2099,45,A,1,,NON-EVICT COOP/CONDO,
3020990056,11217,28,S PORTLAND,AVE,3,2099,56,A,0,,,
3021000018,11217,31,S PORTLAND,AVE,3,2100,18,A,0,,,
3020990070,11217,56,S PORTLAND,AVE,3,2099,70,A,0,,,
3021000001,11217,65,S PORTLAND,AVE,3,2100,1,A,0,,,
3009520012,11217,682,SACKETT,ST,3,952,12,A,0,,,
3009520013,11217,686,SACKETT,ST,3,952,13,A,0,,,
3009527506,11217,688,SACKETT,ST,3,952,7506,A,1,,NON-EVICT COOP/CONDO,
3009520015,11217,690,SACKETT,ST,3,952,15,A,0,,GARDEN COMPLEX,
3009490065,11217,695,SACKETT,ST,3,949,65,A,0,421-A (1-15),421-A (1-15),
3009520018,11217,698,SACKETT,ST,3,952,18,A,0,,,
3009520019,11217,700,SACKETT,ST,3,952,19,A,0,,,
3009520020,11217,704,SACKETT,ST,3,952,20,A,0,,,
3009490056,11217,713,SACKETT,ST,3,949,56,B,0,,,
3009490055,11217,715,SACKETT,ST,3,949,55,A,0,,,
3020970021,11217,27,SAINT FELIX,ST,3,2097,21,A,0,,,
3020960052,11217,46,SAINT FELIX,ST,3,2096,52,B,0,,ROOMING HOUSE,
3009447506,11217,19,SAINT JOHNS,PL,3,944,7506,A,0,,,
3009470026,11217,42,SAINT JOHNS,PL,3,947,26,A,0,,,
3009470034,11217,58,SAINT JOHNS,PL,3,947,34,B,0,,ROOMING HOUSE,
3009450069,11217,111,SAINT JOHNS,PL,3,945,69,A,0,,,
3009450067,11217,115,SAINT JOHNS,PL,3,945,67,B,0,,,
3009450057,11217,135,SAINT JOHNS,PL,3,945,57,B,0,,,
3009480029,11217,170,SAINT JOHNS,PL,3,948,29,A,0,,,
3009480030,11217,172,SAINT JOHNS,PL,3,948,30,A,0,,,
3009480031,11217,174,SAINT JOHNS,PL,3,948,31,A,0,,,
3009480032,11217,176,SAINT JOHNS,PL,3,948,32,A,0,,,
3009480033,11217,178,SAINT JOHNS,PL,3,948,33,B,0,,,
3010580066,11217,179,SAINT JOHNS,PL,3,1058,66,A,0,,,
3010590023,11217,208,SAINT JOHNS,PL,3,1059,23,A,0,,,
3010590028,11217,218,SAINT JOHNS,PL,3,1059,28,B,0,,,
3010580033,11217,229,SAINT JOHNS,PL,3,1058,33,A,0,,,
3003890001,11217,5,SAINT MARKS,PL,3,389,1,A,0,,,
3009330070,11217,15,SAINT MARKS,AVE,3,933,70,A,0,,,
3003890057,11217,31,SAINT MARKS,PL,3,389,57,A,0,,,
3003890046,11217,55,SAINT MARKS,PL,3,389,46,A,0,,,
3009330050,11217,55,SAINT MARKS,AVE,3,933,50,B,0,,ROOMING HOUSE,
3011430001,11217,73,SAINT MARKS,AVE,3,1143,1,A,0,,,
3009360008,11217,76 TO 78,SAINT MARKS,AVE,3,936,8,A,0,,,
3009340010,11217,78,SAINT MARKS,PL,3,934,10,A,0,,,
3011430082,11217,93,SAINT MARKS,AVE,3,1143,82,B,0,,ROOMING HOUSE,
3001670051,11217,323,SCHERMERHORN,ST,3,167,51,A,0,,,
3001670013,11217,327 TO 359,SCHERMERHORN,ST,3,167,13,A,0,421-A (1-15),421-A (1-15),346 LIVINGSTON ST
3001710049,11217,335,STATE,ST,3,171,49,A,0,,,
3001770006,11217,346,STATE,ST,3,177,6,A,0,,,
3001770011,11217,354,STATE,ST,3,177,11,A,0,,GARDEN COMPLEX,
3001770012,11217,356,STATE,ST,3,177,12,A,0,,GARDEN COMPLEX,
3001770018,11217,368,STATE,ST,3,177,18,A,1,,NON-EVICT COOP/CONDO,
3001720066,11217,371,STATE,ST,3,172,66,A,0,,,
3001770020,11217,372,STATE,ST,3,177,20,A,0,,,
3001770021,11217,374,STATE,ST,3,177,21,A,0,,,
3001720064,11217,375,STATE,ST,3,172,64,A,0,,,
3001720049,11217,407,STATE,ST,3,172,49,A,0,,,
3001780016,11217,410,STATE,ST,3,178,16,A,0,,,
3001720047,11217,411,STATE,ST,3,172,47,A,0,,,
3001730049,11217,443,STATE,ST,3,173,49,A,0,,,
3001780036,11217,444,STATE,ST,3,178,36,A,0,,,
3001730048,11217,445,STATE,ST,3,173,48,A,0,,,
3001780038,11217,448,STATE,ST,3,178,38,A,0,,,
3001730044,11217,451,STATE,ST,3,173,44,A,0,,,
3001790007,11217,466,STATE,ST,3,179,7,B,0,,,
3001807501,11217,560 TO 564,STATE,ST,3,180,7501,A,0,,,
3009410071,11217,21,STERLING,PL,3,941,71,A,0,,,
3009440030,11217,48,STERLING,PL,3,944,30,A,0,,,
3009450019,11217,96,STERLING,PL,3,945,19,A,0,,,
3009457504,11217,118,STERLING,PL,3,945,7504,B,0,,,
3009457503,11217,122,STERLING,PL,3,945,7503,A,0,,,
3009457505,11217,126,STERLING,PL,3,945,7505,A,0,,,
3010580018,11217,160,STERLING,PL,3,1058,18,A,0,,,
3003930046,11217,473,WARREN,ST,3,393,46,A,0,,,
3003930044,11217,479,WARREN,ST,3,393,44,B,0,,GARDEN COMPLEX,
3003930043,11217,481,WARREN,ST,3,393,43,A,0,,,
3003930042,11217,483,WARREN,ST,3,393,42,A,0,,,
3003950059,11217,551,WARREN,ST,3,395,59,A,0,,ROOMING HOUSE,
3003950057,11217,561,WARREN,ST,3,395,57,A,0,,,
3003950056,11217,563,WARREN,ST,3,395,56,A,0,,,
3003950052,11217,571,WARREN,ST,3,395,52,A,1,,COOP/CONDO PLAN FILE,
3003950051,11217,573,WARREN,ST,3,395,51,A,0,,GARDEN COMPLEX,
3003950048,11217,579,WARREN,ST,3,395,48,A,0,,GARDEN COMPLEX,
3009340064,11217,627,WARREN,ST,3,934,64,A,0,,,
3009340063,11217,629,WARREN,ST,3,934,63,A,0,,,
3009370012,11217,640,WARREN,ST,3,937,12,A,0,,,
3003930032,11217,252,WYCKOFF,ST,3,393,32,A,0,,,
3003930034,11217,256,WYCKOFF,ST,3,393,34,B,0,,,
3003930035,11217,258,WYCKOFF,ST,3,393,35,B,0,,,166170 NEVINS ST
3003880058,11217,259,WYCKOFF,ST,3,388,58,A,0,,,
3050720006,11218,2,12TH,AVE,3,5072,6,A,0,,,10 WESTMINSTER RD
3053510004,11218,3403,14TH,AVE,3,5351,4,A,0,,,
3053510001,11218,3409,14TH,AVE,3,5351,1,A,0,,,
3053500017,11218,3505,14TH,AVE,3,5350,17,A,0,,,
3053500016,11218,3507,14TH,AVE,3,5350,16,B,0,,,
3053467501,11218,3915,14TH,AVE,3,5346,7501,A,0,421-A (16),421-A (16),
3053680004,11218,3613,15TH,AVE,3,5368,4,A,0,,,
3053680003,11218,3617,15TH,AVE,3,5368,3,A,0,,,
3053680002,11218,3619,15TH,AVE,3,5368,2,A,0,,,
3053680001,11218,3623,15TH,AVE,3,5368,1,A,0,,,
3053640046,11218,4014,16TH,AVE,3,5364,46,A,0,,,
3054180018,11218,3723,18TH,AVE,3,5418,18,A,0,,,
3054180006,11218,3765,18TH,AVE,3,5418,6,A,0,,,
3054170033,11218,3801 TO 3811,18TH,AVE,3,5417,33,A,0,,,
3054170029,11218,3821,18TH,AVE,3,5417,29,A,0,,,
3054170020,11218,3841,18TH,AVE,3,5417,20,A,0,,,
3054160007,11218,4219 TO 4229,18TH,AVE,3,5416,7,A,0,,,
3008900012,11218,560 TO 562,19TH,ST,3,890,12,A,0,421-A (1-15),421-A (1-15),
3008900015,11218,564,19TH,ST,3,890,15,A,0,421-A (16),421-A (16),
3008900073,11218,563,20TH,ST,3,890,73,A,0,,,
3053500018,11218,1406,35TH,ST,3,5350,18,A,0,,,
3053510060,11218,1407,35TH,ST,3,5351,60,B,0,,,
3053510058,11218,1411,35TH,ST,3,5351,58,A,0,,,
3053510057,11218,1415,35TH,ST,3,5351,57,B,0,,,
3053510055,11218,1421,35TH,ST,3,5351,55,B,0,,,
3053510053,11218,1427,35TH,ST,3,5351,53,A,0,,,
3053510047,11218,1429,35TH,ST,3,5351,47,A,0,,,
3053027501,11218,1121 TO 1127,36TH,ST,3,5302,7501,A,0,421-A (16),421-A (16),
3053080043,11218,1239,36TH,ST,3,5308,43,A,0,,,
3053080042,11218,1243,36TH,ST,3,5308,42,A,0,,,
3053080041,11218,1245,36TH,ST,3,5308,41,A,0,,,
3052910019,11218,1135,38TH,ST,3,5291,19,A,0,,,
3052910018,11218,1137,38TH,ST,3,5291,18,A,0,,,
3052910017,11218,1139,38TH,ST,3,5291,17,A,0,,,
3052910016,11218,1141,38TH,ST,3,5291,16,A,0,,,
3052910015,11218,1143,38TH,ST,3,5291,15,B,0,,,
3052910014,11218,1145,38TH,ST,3,5291,14,B,0,,,
3052910013,11218,1147,38TH,ST,3,5291,13,B,0,,,
3052910011,11218,1151,38TH,ST,3,5291,11,B,0,,,
3052900014,11218,1141,39TH,ST,3,5290,14,A,0,,,
3052900013,11218,1143,39TH,ST,3,5290,13,A,0,,,
3052900012,11218,1145,39TH,ST,3,5290,12,A,0,,,
3052940056,11218,1241,39TH,ST,3,5294,56,A,0,,,
3052970031,11218,1360,40TH,ST,3,5297,31,B,0,,,
3053650047,11218,1573,40TH,ST,3,5365,47,A,0,,,
3053650046,11218,1575,40TH,ST,3,5365,46,A,0,,,
3053650045,11218,1579,40TH,ST,3,5365,45,B,0,,GARDEN COMPLEX,
3052970072,11218,1315,41ST,ST,3,5297,72,A,0,,,
3053810018,11218,1630,41ST,ST,3,5381,18,A,0,,,
3053340001,11218,102,ALBEMARLE,RD,3,5334,1,A,0,,,
3053340006,11218,114,ALBEMARLE,RD,3,5334,6,A,0,,,
3053370007,11218,414,ALBEMARLE,RD,3,5337,7,A,1,,COOP/CONDO PLAN FILE,
3053270041,11218,415,ALBEMARLE,RD,3,5327,41,A,0,,,
3050730006,11218,10,ARGYLE,RD,3,5073,6,A,0,J-51,J-51,
3050740055,11218,15,ARGYLE,RD,3,5074,55,A,0,J-51,GARDEN COMPLEX J-51,
3050740053,11218,27,ARGYLE,RD,3,5074,53,A,0,,,
3050730014,11218,28 TO 30,ARGYLE,RD,3,5073,14,A,0,,,
3050740050,11218,33,ARGYLE,RD,3,5074,50,A,0,,,
3050730019,11218,40,ARGYLE,RD,3,5073,19,A,0,,,
3050740040,11218,51,ARGYLE,RD,3,5074,40,B,0,,,
3050730027,11218,52,ARGYLE,RD,3,5073,27,A,0,,GARDEN COMPLEX,
3050730029,11218,58,ARGYLE,RD,3,5073,29,A,0,,GARDEN COMPLEX,
3051560066,11218,377,ARGYLE,RD,3,5156,66,A,0,,,377 E 13TH ST
3051560058,11218,385,ARGYLE,RD,3,5156,58,A,1,,NON-EVICT COOP/CONDO,
3051550017,11218,400,ARGYLE,RD,3,5155,17,A,0,,GARDEN COMPLEX,
3051560048,11218,415,ARGYLE,RD,3,5156,48,A,1,,NON-EVICT COOP/CONDO,
3053700002,11218,110 TO 114,AVENUE C,,3,5370,2,B,0,,,
3053700006,11218,116,AVENUE C,,3,5370,6,A,0,,,
3053590049,11218,701,AVENUE C,,3,5359,49,B,0,,,
3053590046,11218,717 TO 721,AVENUE C,,3,5359,46,A,0,,,
3053600048,11218,801,AVENUE C,,3,5360,48,A,0,,,
3053600046,11218,813,AVENUE C,,3,5360,46,A,0,,,
3053600045,11218,815,AVENUE C,,3,5360,45,A,0,,,
3053600044,11218,819,AVENUE C,,3,5360,44,A,0,,,
3053600043,11218,823,AVENUE C,,3,5360,43,B,0,,,
3053950054,11218,111,AVENUE F,,3,5395,54,A,0,,,
3054090001,11218,202,AVENUE F,,3,5409,1,A,0,,,
3053960048,11218,209,AVENUE F,,3,5396,48,A,0,,,
3053960045,11218,215,AVENUE F,,3,5396,45,A,0,,,
3053960043,11218,221,AVENUE F,,3,5396,43,A,0,,,
3054110023,11218,420,AVENUE F,,3,5411,23,A,0,,,762774 E 5TH ST
3053360082,11218,303,BEVERLEY,RD,3,5336,82,A,0,,,
3053550001,11218,310,BEVERLEY,RD,3,5355,1,A,1,,NON-EVICT COOP/CONDO,
3053370076,11218,415,BEVERLEY,RD,3,5337,76,A,1,,NON-EVICT COOP/CONDO,
3053380092,11218,503,BEVERLEY,RD,3,5338,92,A,0,421-A (1-15),421-A (1-15),
3053400048,11218,707,BEVERLEY,RD,3,5340,48,A,0,,,
3053430037,11218,803,BEVERLEY,RD,3,5343,37,A,0,,,
3053430035,11218,807,BEVERLEY,RD,3,5343,35,A,0,,,
3053430033,11218,811,BEVERLEY,RD,3,5343,33,A,0,,,
3053200055,11218,22 TO 36,CATON,PL,3,5320,55,A,0,421-A (1-15),421-A (1-15),
3053200024,11218,23 TO 49,CATON,PL,3,5320,24,A,0,421-A (1-15),GARDEN COMPLEX 421-A (1-15),
3053240001,11218,100,CATON,AVE,3,5324,1,A,0,,,
3053250003,11218,210,CATON,AVE,3,5325,3,A,0,,,
3053210010,11218,625,CATON,AVE,3,5321,10,A,0,,,
3050700003,11218,910,CATON,AVE,3,5070,3,A,0,,,
3050710001,11218,1006,CATON,AVE,3,5071,1,B,0,,,
3050720003,11218,1110,CATON,AVE,3,5072,3,A,1,,NON-EVICT COOP/CONDO,
3053130001,11218,145,CHESTER,AVE,3,5313,1,A,0,,,
3053140036,11218,55,CHURCH,AVE,3,5314,36,A,0,,,
3053510008,11218,58,CHURCH,AVE,3,5351,8,A,0,,,
3053510011,11218,64,CHURCH,AVE,3,5351,11,A,0,,,
3053320062,11218,99,CHURCH,AVE,3,5332,62,A,0,,,
3053100007,11218,113,CLARA,ST,3,5310,7,A,0,,,
3050700001,11218,399,CONEY ISLAND,AVE,3,5070,1,A,0,,,
3051130024,11218,527,CONEY ISLAND,AVE,3,5113,24,A,0,,,
3053610029,11218,620,CONEY ISLAND,AVE,3,5361,29,A,0,,,
3051410237,11218,695,CONEY ISLAND,AVE,3,5141,237,A,0,,,
3051410137,11218,697,CONEY ISLAND,AVE,3,5141,137,A,0,,,
3051410136,11218,701,CONEY ISLAND,AVE,3,5141,136,A,0,,,
3051410135,11218,703,CONEY ISLAND,AVE,3,5141,135,A,0,,,
3051410134,11218,705,CONEY ISLAND,AVE,3,5141,134,A,0,,,
3051410122,11218,735,CONEY ISLAND,AVE,3,5141,122,A,0,,,
3051530065,11218,759,CONEY ISLAND,AVE,3,5153,65,A,0,,,
3051530063,11218,765,CONEY ISLAND,AVE,3,5153,63,B,0,,NONE,
3054030016,11218,866 TO 876,CONEY ISLAND,AVE,3,5403,16,A,0,,,
3053850007,11218,116,CORTELYOU,RD,3,5385,7,A,0,,,
3053850008,11218,118,CORTELYOU,RD,3,5385,8,A,0,,,
3053850010,11218,124,CORTELYOU,RD,3,5385,10,A,0,,,
3053730050,11218,405,CORTELYOU,RD,3,5373,50,A,0,,,
3053730049,11218,407,CORTELYOU,RD,3,5373,49,A,0,,,
3053730048,11218,411,CORTELYOU,RD,3,5373,48,A,0,,,
3053920001,11218,800,CORTELYOU,RD,3,5392,1,A,1,,NON-EVICT COOP/CONDO,
3053770043,11218,801 TO 823,CORTELYOU,RD,3,5377,43,A,1,,NON-EVICT COOP/CONDO,
3053930007,11218,922,CORTELYOU,RD,3,5393,7,A,0,,,
3051417502,11218,1027 TO 1035,CORTELYOU,RD,3,5141,7502,A,0,,,
3051550002,11218,1206,CORTELYOU,RD,3,5155,2,A,0,,,
3053070045,11218,70,DAHILL,RD,3,5307,45,A,0,,,
3053510044,11218,262,DAHILL,RD,3,5351,44,A,0,,,
3053690077,11218,323,DAHILL,RD,3,5369,77,A,0,,,
3053680013,11218,334,DAHILL,RD,3,5368,13,B,0,421-A (1-15),421-A (1-15),
3053820033,11218,526 TO 536,DAHILL,RD,3,5382,33,A,0,J-51,J-51,
3054070078,11218,611,DAHILL,RD,3,5407,78,A,0,,,
3054050019,11218,636 TO 652,DAHILL,RD,3,5405,19,A,0,,,
3054050028,11218,654 TO 656,DAHILL,RD,3,5405,28,A,0,,,
3053850055,11218,103,DITMAS,AVE,3,5385,55,A,0,,,
3053970007,11218,318,DITMAS,AVE,3,5397,7,A,0,,,
3054007502,11218,640,DITMAS,AVE,3,5400,7502,A,1,,COOP/CONDO PLAN FILE,
3053920052,11218,805,DITMAS,AVE,3,5392,52,A,0,,,
3054030010,11218,924,DITMAS,AVE,3,5403,10,A,0,,,
3051970001,11218,1002,DITMAS,AVE,3,5197,1,A,0,,,
3051530040,11218,1001,DORCHESTER,RD,3,5153,40,A,0,,GARDEN COMPLEX,
3051740001,11218,1010,DORCHESTER,RD,3,5174,1,A,0,,,
3050700005,11218,2,E 10TH,ST,3,5070,5,A,0,,,
3051430084,11218,355 TO 365,E 12TH,ST,3,5143,84,A,0,,,365 WESTMINSTER RD
3052700140,11218,76,E 2ND,ST,3,5270,140,A,0,,,
3052800047,11218,112 TO 140,E 2ND,ST,3,5280,47,A,1,J-51,J-51 NON-EVICT COOP/CONDO,
3053250065,11218,197 TO 213,E 2ND,ST,3,5325,65,A,0,,,
3053250053,11218,235 TO 241,E 2ND,ST,3,5325,53,A,0,,,
3053340016,11218,276,E 2ND,ST,3,5334,16,B,0,,,
3053340018,11218,282,E 2ND,ST,3,5334,18,B,0,,,
3053340020,11218,284,E 2ND,ST,3,5334,20,A,0,,,
3053340021,11218,288,E 2ND,ST,3,5334,21,A,0,,,
3053340022,11218,290,E 2ND,ST,3,5334,22,B,0,,,
3053340025,11218,296,E 2ND,ST,3,5334,25,A,0,,,
3053340026,11218,300,E 2ND,ST,3,5334,26,A,0,,,
3053350042,11218,329,E 2ND,ST,3,5335,42,A,0,,,
3053710051,11218,533,E 2ND,ST,3,5371,51,A,0,,,
3053860081,11218,553,E 2ND,ST,3,5386,81,A,0,,,
3053850015,11218,558,E 2ND,ST,3,5385,15,A,0,,,
3053860079,11218,561,E 2ND,ST,3,5386,79,A,0,,,
3053850018,11218,564,E 2ND,ST,3,5385,18,A,0,,,
3053850022,11218,570,E 2ND,ST,3,5385,22,A,0,,,
3053950036,11218,626 TO 686,E 2ND,ST,3,5395,36,A,0,421-A (1-15),421-A (1-15),
3053950008,11218,638,E 2ND,ST,3,5395,8,A,0,,,
3053950014,11218,640 TO 650,E 2ND,ST,3,5395,14,A,0,,,
3053960054,11218,713 TO 715,E 2ND,ST,3,5396,54,A,0,,,
3054080031,11218,780,E 2ND,ST,3,5408,31,A,0,,,
3054090038,11218,791,E 2ND,ST,3,5409,38,A,0,,,
3053360044,11218,325 TO 327,E 3RD,ST,3,5336,44,A,0,,GARDEN COMPLEX,
3053710045,11218,564,E 3RD,ST,3,5371,45,A,0,,,
3053970054,11218,741,E 3RD,ST,3,5397,54,A,0,,,
3053960039,11218,742,E 3RD,ST,3,5396,39,A,0,,,
3054090006,11218,762,E 3RD,ST,3,5409,6,A,0,,,
3052720036,11218,78,E 4TH,ST,3,5272,36,A,0,,,
3053180001,11218,151,E 4TH,ST,3,5318,1,A,0,,,
3053170011,11218,170,E 4TH,ST,3,5317,11,A,0,,,
3053270058,11218,261,E 4TH,ST,3,5327,58,B,0,,ROOMING HOUSE,
3053550012,11218,392,E 4TH,ST,3,5355,12,A,0,,,
3053720006,11218,474,E 4TH,ST,3,5372,6,A,0,,,
3053720010,11218,484,E 4TH,ST,3,5372,10,A,0,,,
3053720041,11218,556,E 4TH,ST,3,5372,41,B,0,,,
3053720044,11218,564,E 4TH,ST,3,5372,44,A,0,,,
3054110007,11218,785 TO 795,E 4TH,ST,3,5411,7,A,0,,,
3052737502,11218,82,E 5TH,ST,3,5273,7502,A,1,,NON-EVICT COOP/CONDO,
3053280079,11218,221,E 5TH,ST,3,5328,79,A,0,,,
3053570054,11218,445,E 5TH,ST,3,5357,54,A,0,,,
3053740057,11218,555 TO 559,E 5TH,ST,3,5374,57,B,0,,,
3053890067,11218,623 TO 635,E 5TH,ST,3,5389,67,A,0,,,
3053990001,11218,669,E 5TH,ST,3,5399,1,A,0,,,
3053300024,11218,217,E 7TH,ST,3,5330,24,A,0,,,
3053760076,11218,465,E 7TH,ST,3,5376,76,A,0,J-51,J-51,
3053760068,11218,495,E 7TH,ST,3,5376,68,A,1,,NON-EVICT COOP/CONDO,
3053760058,11218,515,E 7TH,ST,3,5376,58,A,1,,COOP/CONDO PLAN FILE,
3053910061,11218,599,E 7TH,ST,3,5391,61,A,1,,NON-EVICT COOP/CONDO,
3053210051,11218,70,E 8TH,ST,3,5321,51,A,0,,,
3053400018,11218,200,E 8TH,ST,3,5340,18,B,0,,GARDEN COMPLEX,
3053400022,11218,222,E 8TH,ST,3,5340,22,A,0,J-51,J-51,
3053420033,11218,227,E 8TH,ST,3,5342,33,A,0,,,
3053590043,11218,352 TO 360,E 8TH,ST,3,5359,43,B,0,,,
3053760010,11218,376,E 8TH,ST,3,5376,10,A,0,J-51,J-51,
3053760033,11218,430,E 8TH,ST,3,5376,33,A,0,,,
3053920085,11218,475,E 8TH,ST,3,5392,85,A,0,421-A (1-15),421-A (1-15),
3053920071,11218,499,E 8TH,ST,3,5392,71,A,0,,,
3053610001,11218,205,E 9TH,ST,3,5361,1,A,0,,,
3053610055,11218,263,E 9TH,ST,3,5361,55,A,0,421-A (1-15),421-A (1-15),
3053780080,11218,323,E 9TH,ST,3,5378,80,A,0,,,
3053920027,11218,440,E 9TH,ST,3,5392,27,A,0,,,
3053170003,11218,2922,FORT HAMILTON,PKWY,3,5317,3,A,0,,,
3052870021,11218,800 TO 814,GREENWOOD,AVE,3,5287,21,A,0,,,
3053430001,11218,2 TO 24,HINCKLEY,PL,3,5343,1,A,0,,,
3051410032,11218,14,LEWIS,PL,3,5141,32,A,0,J-51,J-51,
3053140017,11218,25,LOUISA,ST,3,5314,17,A,0,,,
3053240055,11218,347,MCDONALD,AVE,3,5324,55,A,0,,,
3053240053,11218,355,MCDONALD,AVE,3,5324,53,A,0,,,
3053530084,11218,495,MCDONALD,AVE,3,5353,84,A,0,,,
3053530083,11218,497,MCDONALD,AVE,3,5353,83,A,0,,,
3053530079,11218,503,MCDONALD,AVE,3,5353,79,A,0,,,
3053520018,11218,514,MCDONALD,AVE,3,5352,18,A,0,,,
3053530074,11218,515,MCDONALD,AVE,3,5353,74,A,0,,,
3053530073,11218,517,MCDONALD,AVE,3,5353,73,A,0,,,
3053530071,11218,521,MCDONALD,AVE,3,5353,71,A,0,,,
3053520021,11218,522,MCDONALD,AVE,3,5352,21,A,0,,,
3053530070,11218,523,MCDONALD,AVE,3,5353,70,A,0,,GARDEN COMPLEX,
3053530068,11218,525,MCDONALD,AVE,3,5353,68,A,0,,,
3053530067,11218,529,MCDONALD,AVE,3,5353,67,B,0,,,
3053530065,11218,535,MCDONALD,AVE,3,5353,65,B,0,,,
3053520026,11218,536,MCDONALD,AVE,3,5352,26,A,0,,,
3053530064,11218,537,MCDONALD,AVE,3,5353,64,B,0,421-A (1-15),421-A (1-15),
3053530063,11218,541,MCDONALD,AVE,3,5353,63,A,0,,,
3053530062,11218,543,MCDONALD,AVE,3,5353,62,A,0,,,
3053530061,11218,545,MCDONALD,AVE,3,5353,61,B,0,,,
3053530060,11218,549,MCDONALD,AVE,3,5353,60,A,0,,,
3053530059,11218,553,MCDONALD,AVE,3,5353,59,A,0,,,
3053530058,11218,555,MCDONALD,AVE,3,5353,58,A,0,,,
3052870001,11218,10 TO 16,OCEAN,PKWY,3,5287,1,A,0,,,
3053200009,11218,29 TO 49,OCEAN,PKWY,3,5320,9,A,0,,,
3052860001,11218,30,OCEAN,PKWY,3,5286,1,A,1,,NON-EVICT COOP/CONDO,
3052850040,11218,40,OCEAN,PKWY,3,5285,40,A,1,,COOP/CONDO PLAN FILE,
3053190001,11218,50,OCEAN,PKWY,3,5319,1,A,0,,,
3053200001,11218,71,OCEAN,PKWY,3,5320,1,A,0,,,
3053190024,11218,100,OCEAN,PKWY,3,5319,24,A,0,,,
3053210001,11218,101,OCEAN,PKWY,3,5321,1,B,0,,,
3053280010,11218,110,OCEAN,PKWY,3,5328,10,A,1,,NON-EVICT COOP/CONDO,
3053280015,11218,120,OCEAN,PKWY,3,5328,15,A,0,,,
3053290001,11218,125,OCEAN,PKWY,3,5329,1,A,0,,,
3053280021,11218,130,OCEAN,PKWY,3,5328,21,A,0,,,
3053290072,11218,135,OCEAN,PKWY,3,5329,72,A,1,,NON-EVICT COOP/CONDO,
3053280023,11218,140,OCEAN,PKWY,3,5328,23,A,0,,,
3053290068,11218,175,OCEAN,PKWY,3,5329,68,A,0,J-51,J-51,
3053280037,11218,178,OCEAN,PKWY,3,5328,37,A,0,,,
3053290062,11218,179,OCEAN,PKWY,3,5329,62,A,1,,COOP/CONDO PLAN FILE,
3053290058,11218,183,OCEAN,PKWY,3,5329,58,A,0,,,
3053290052,11218,191 TO 201,OCEAN,PKWY,3,5329,52,A,0,,,
3053390001,11218,205 TO 207,OCEAN,PKWY,3,5339,1,A,1,,NON-EVICT COOP/CONDO,
3053390061,11218,227,OCEAN,PKWY,3,5339,61,A,1,,NON-EVICT COOP/CONDO,
3053380070,11218,230,OCEAN,PKWY,3,5338,70,A,0,,,
3053390054,11218,239 TO 241,OCEAN,PKWY,3,5339,54,A,0,,,
3053380075,11218,240 TO 248,OCEAN,PKWY,3,5338,75,A,1,,NON-EVICT COOP/CONDO,
3053390052,11218,243 TO 245,OCEAN,PKWY,3,5339,52,A,0,,,
3053390045,11218,249,OCEAN,PKWY,3,5339,45,A,0,,,
3053380081,11218,250,OCEAN,PKWY,3,5338,81,A,0,,,
3053570005,11218,260 TO 272,OCEAN,PKWY,3,5357,5,A,1,,NON-EVICT COOP/CONDO,
3053580086,11218,269,OCEAN,PKWY,3,5358,86,A,0,,,
3053570017,11218,274 TO 296,OCEAN,PKWY,3,5357,17,A,1,,NON-EVICT COOP/CONDO,
3053580077,11218,279 TO 295,OCEAN,PKWY,3,5358,77,A,0,,,
3053570030,11218,300 TO 308,OCEAN,PKWY,3,5357,30,A,1,,NON-EVICT COOP/CONDO,
3053580071,11218,305,OCEAN,PKWY,3,5358,71,A,0,,GARDEN COMPLEX,
3053580063,11218,315,OCEAN,PKWY,3,5358,63,A,0,,,
3053570040,11218,320 TO 328,OCEAN,PKWY,3,5357,40,A,0,,,
3053570045,11218,330,OCEAN,PKWY,3,5357,45,A,0,,,
3053750082,11218,349,OCEAN,PKWY,3,5375,82,A,0,,,
3053740010,11218,350,OCEAN,PKWY,3,5374,10,A,1,,NON-EVICT COOP/CONDO,
3053750077,11218,363,OCEAN,PKWY,3,5375,77,A,0,,,
3053740021,11218,370,OCEAN,PKWY,3,5374,21,A,1,,NON-EVICT COOP/CONDO,
3053750072,11218,377,OCEAN,PKWY,3,5375,72,A,0,,GARDEN COMPLEX,
3053740030,11218,386,OCEAN,PKWY,3,5374,30,A,0,,,
3053750063,11218,387 TO 395,OCEAN,PKWY,3,5375,63,A,0,,,
3053740034,11218,388 TO 394,OCEAN,PKWY,3,5374,34,A,0,,,
3053740041,11218,402,OCEAN,PKWY,3,5374,41,A,0,,,
3053750049,11218,407 TO 417,OCEAN,PKWY,3,5375,49,B,1,,EVICT COOP/CONDO,
3053740044,11218,410 TO 418,OCEAN,PKWY,3,5374,44,A,0,,,
3053890010,11218,420 TO 430,OCEAN,PKWY,3,5389,10,A,0,,,
3053907502,11218,423,OCEAN,PKWY,3,5390,7502,A,0,"421-A (1-15),421-G",421-A (1-15) 421-G,
3053900084,11218,435,OCEAN,PKWY,3,5390,84,A,0,,,
3053890019,11218,438 TO 446,OCEAN,PKWY,3,5389,19,A,0,,,
3053900080,11218,441 TO 447,OCEAN,PKWY,3,5390,80,A,0,,,
3053890024,11218,450,OCEAN,PKWY,3,5389,24,A,0,,,
3053900074,11218,455,OCEAN,PKWY,3,5390,74,A,0,,,
3053900066,11218,465,OCEAN,PKWY,3,5390,66,A,0,,,
3053890034,11218,470 TO 480,OCEAN,PKWY,3,5389,34,A,0,,,
3053900061,11218,483,OCEAN,PKWY,3,5390,61,A,0,,,
3053890041,11218,488,OCEAN,PKWY,3,5389,41,A,1,,NON-EVICT COOP/CONDO,
3053890046,11218,490 TO 498,OCEAN,PKWY,3,5389,46,A,0,,,
3053900053,11218,499 TO 501,OCEAN,PKWY,3,5390,53,A,0,,,
3053990015,11218,514,OCEAN,PKWY,3,5399,15,A,0,,,
3054000091,11218,525,OCEAN,PKWY,3,5400,91,A,1,,NON-EVICT COOP/CONDO,
3054000083,11218,535,OCEAN,PKWY,3,5400,83,A,0,,,
3053990021,11218,540,OCEAN,PKWY,3,5399,21,A,1,,NON-EVICT COOP/CONDO,
3054000074,11218,567 TO 569,OCEAN,PKWY,3,5400,74,A,0,421-A (16),421-A (16),
3053990041,11218,570,OCEAN,PKWY,3,5399,41,A,1,,COOP/CONDO PLAN FILE,
3054000072,11218,571,OCEAN,PKWY,3,5400,72,A,0,421-A (16),421-A (16),
3053990045,11218,572 TO 580,OCEAN,PKWY,3,5399,45,A,0,,,
3054000068,11218,581,OCEAN,PKWY,3,5400,68,A,0,421-A (1-15),GARDEN COMPLEX 421-A (1-15),
3054007501,11218,601,OCEAN,PKWY,3,5400,7501,A,0,,GARDEN COMPLEX,
3054120014,11218,602 TO 618,OCEAN,PKWY,3,5412,14,A,0,,,
3054120024,11218,622,OCEAN,PKWY,3,5412,24,A,0,,,
3052570045,11218,135,PROSPECT PARK SW,,3,5257,45,A,1,,NON-EVICT COOP/CONDO,
3052790019,11218,185,PROSPECT PARK SW,,3,5279,19,A,0,,,
3052870035,11218,199,PROSPECT PARK SW,,3,5287,35,A,0,,,
3052740009,11218,1218 TO 1224,PROSPECT,AVE,3,5274,9,A,0,421-A (1-15),421-A (1-15),
3052770001,11218,1293,PROSPECT,AVE,3,5277,1,A,0,,,
3052750036,11218,47 TO 49,REEVE,PL,3,5275,36,A,1,,COOP/CONDO PLAN FILE,
3052680002,11218,176,SEELEY,ST,3,5268,2,A,0,,,
3052680018,11218,202,SEELEY,ST,3,5268,18,A,1,,NON-EVICT COOP/CONDO,
3050710009,11218,10,STRATFORD,RD,3,5071,9,A,0,,,10 E 11TH ST
3050720058,11218,15,STRATFORD,RD,3,5072,58,B,0,,,
3050720047,11218,35 TO 49,STRATFORD,RD,3,5072,47,A,0,,,3549 E 11TH ST
3050710022,11218,38,STRATFORD,RD,3,5071,22,A,0,421-A (16),421-A (16),
3050720041,11218,51,STRATFORD,RD,3,5072,41,A,0,,,
3051540059,11218,395,STRATFORD,RD,3,5154,59,A,0,,,
3051540047,11218,415,STRATFORD,RD,3,5154,47,A,0,J-51,J-51,
3051530031,11218,428,STRATFORD,RD,3,5153,31,A,0,,,
3051740008,11218,470,STRATFORD,RD,3,5174,8,A,0,,,
3051747501,11218,480,STRATFORD,RD,3,5174,7501,A,0,421-A (1-15),421-A (1-15),843 CONEY ISLAND AVE
3053090029,11218,37 TO 51,TEHAMA,ST,3,5309,29,A,0,,,
3053070070,11218,40,TEHAMA,ST,3,5307,70,A,0,,,
3053080001,11218,159,TEHAMA,ST,3,5308,1,A,0,,,
3052600007,11218,4,TERRACE,PL,3,5260,7,A,0,421-A (1-15),421-A (1-15),
3052600014,11218,20,TERRACE,PL,3,5260,14,A,0,,,
3051120029,11218,39,TURNER,PL,3,5112,29,A,0,,,
3051130001,11218,60,TURNER,PL,3,5113,1,A,0,,,
3050730001,11218,5,WESTMINSTER,RD,3,5073,1,A,0,,,
3050730056,11218,15,WESTMINSTER,RD,3,5073,56,B,0,,,
3050720012,11218,20,WESTMINSTER,RD,3,5072,12,A,1,,NON-EVICT COOP/CONDO,
3050720017,11218,30,WESTMINSTER,RD,3,5072,17,A,0,,,
3050730052,11218,33,WESTMINSTER,RD,3,5073,52,B,0,,GARDEN COMPLEX,
3050720025,11218,50,WESTMINSTER,RD,3,5072,25,A,0,,,
3051550050,11218,405,WESTMINSTER,RD,3,5155,50,A,0,,GARDEN COMPLEX,
3051540024,11218,410,WESTMINSTER,RD,3,5154,24,A,0,,,410 12TH AVE
3055870002,11219,4023,10TH,AVE,3,5587,2,A,0,421-A (16),421-A (16),
3056070038,11219,4406,10TH,AVE,3,5607,38,B,0,,GARDEN COMPLEX,
3056070044,11219,4424,10TH,AVE,3,5607,44,A,0,,,
3056130041,11219,4514,10TH,AVE,3,5613,41,A,0,,,
3056140003,11219,4519,10TH,AVE,3,5614,3,A,0,,,
3056460006,11219,5001,10TH,AVE,3,5646,6,A,0,,,
3057090006,11219,5901 TO 5911,10TH,AVE,3,5709,6,A,0,,,
3057570055,11219,6604,10TH,AVE,3,5757,55,A,0,,,
3057570061,11219,6624,10TH,AVE,3,5757,61,A,0,,,
3056210006,11219,4601,11TH,AVE,3,5621,6,A,0,,,
3055920039,11219,4102,12TH,AVE,3,5592,39,A,0,,,
3055980001,11219,4219,12TH,AVE,3,5598,1,A,0,,,
3056040006,11219,4307,12TH,AVE,3,5604,6,A,0,,,
3056040001,11219,4315,12TH,AVE,3,5604,1,A,0,,,
3056160001,11219,4515,12TH,AVE,3,5616,1,A,0,,,
3056150048,11219,4520,12TH,AVE,3,5615,48,A,0,,,
3056210044,11219,4608,12TH,AVE,3,5621,44,A,0,,,
3056210045,11219,4610,12TH,AVE,3,5621,45,A,0,,,
3056220007,11219,4611,12TH,AVE,3,5622,7,A,0,,,
3056280008,11219,4701,12TH,AVE,3,5628,8,A,0,,,
3056280001,11219,4711,12TH,AVE,3,5628,1,A,0,,,
3056470040,11219,5010,12TH,AVE,3,5647,40,A,0,,,
3056470042,11219,5016,12TH,AVE,3,5647,42,A,0,,,
3055937514,11219,4100 TO 4112,13TH,AVE,3,5593,7514,A,0,,,
3056560006,11219,5101 TO 5113,13TH,AVE,3,5656,6,A,0,,,
3056560001,11219,5115 TO 5123,13TH,AVE,3,5656,1,A,0,,,
3056700001,11219,5323,13TH,AVE,3,5670,1,A,0,,,
3056830040,11219,5510,13TH,AVE,3,5683,40,A,0,,,
3056830046,11219,5516 TO 5520,13TH,AVE,3,5683,46,A,0,421-A (1-15),GARDEN COMPLEX 421-A (1-15),
3057600140,11219,6606,13TH,AVE,3,5760,140,A,0,421-A (1-15),421-A (1-15),
3057600141,11219,6608,13TH,AVE,3,5760,141,A,0,421-A (1-15),421-A (1-15),
3057610007,11219,6609,13TH,AVE,3,5761,7,B,0,,ROOMING HOUSE,
3057610006,11219,6611,13TH,AVE,3,5761,6,A,0,,,
3057600042,11219,6612,13TH,AVE,3,5760,42,A,0,,,
3057600046,11219,6622,13TH,AVE,3,5760,46,A,0,,,
3057670044,11219,6704,13TH,AVE,3,5767,44,A,0,,,
3057687505,11219,6705,13TH,AVE,3,5768,7505,A,0,421-A (1-15),421-A (1-15),
3057670048,11219,6714,13TH,AVE,3,5767,48,B,0,,,
3057670049,11219,6716,13TH,AVE,3,5767,49,A,0,,,
3057680006,11219,6719,13TH,AVE,3,5768,6,A,0,,,
3057740033,11219,6802,13TH,AVE,3,5774,33,A,0,,,
3057740034,11219,6806,13TH,AVE,3,5774,34,A,0,,,
3057740035,11219,6808,13TH,AVE,3,5774,35,A,0,,,
3057740036,11219,6812,13TH,AVE,3,5774,36,A,0,,N/A,
3057400045,11219,63-18,14TH,AVE,3,5740,45,A,0,,,
3056290044,11219,4716,14TH,AVE,3,5629,44,A,0,,,
3056350038,11219,4800,14TH,AVE,3,5635,38,A,0,,,
3056350041,11219,4812,14TH,AVE,3,5635,41,A,0,,,
3056430006,11219,4901,14TH,AVE,3,5643,6,A,0,,,
3056500005,11219,5001,14TH,AVE,3,5650,5,A,0,,,
3056500001,11219,5023,14TH,AVE,3,5650,1,B,0,,,
3056560045,11219,5118,14TH,AVE,3,5656,45,A,0,,,
3056640006,11219,5201,14TH,AVE,3,5664,6,A,0,,,
3056640001,11219,5213 TO 5225,14TH,AVE,3,5664,1,A,0,,,
3056840044,11219,5502,14TH,AVE,3,5684,44,A,0,,,
3056920004,11219,5601,14TH,AVE,3,5692,4,A,0,,,
3056920001,11219,5619,14TH,AVE,3,5692,1,A,0,,,
3057060005,11219,5801 TO 5813,14TH,AVE,3,5706,5,A,0,,,
3057347501,11219,6215,14TH,AVE,3,5734,7501,A,0,J-51,J-51,
3057610039,11219,6604,14TH,AVE,3,5761,39,A,0,,GARDEN COMPLEX,
3057690011,11219,6705,14TH,AVE,3,5769,11,A,0,,,
3057690009,11219,6709 TO 6711,14TH,AVE,3,5769,9,A,0,,,
3057680044,11219,6710,14TH,AVE,3,5768,44,A,0,,,
3057680048,11219,6716,14TH,AVE,3,5768,48,A,0,,,
3057680049,11219,6720,14TH,AVE,3,5768,49,A,0,,,
3057760007,11219,6801,14TH,AVE,3,5776,7,B,0,,,
3057750040,11219,6814,14TH,AVE,3,5775,40,A,0,,GARDEN COMPLEX,
3057750041,11219,6816,14TH,AVE,3,5775,41,B,0,,ROOMING HOUSE,
3053630006,11219,4109,15TH,AVE,3,5363,6,A,0,,,
3053630003,11219,4117,15TH,AVE,3,5363,3,A,0,,,
3053620002,11219,4219,15TH,AVE,3,5362,2,A,0,J-51,J-51,
3056000042,11219,4220,15TH,AVE,3,5600,42,A,0,,,
3054420006,11219,4701,15TH,AVE,3,5442,6,A,0,,,
3056300038,11219,4702,15TH,AVE,3,5630,38,A,0,,,
3054470001,11219,4815,15TH,AVE,3,5447,1,A,0,,,
3056430038,11219,4910,15TH,AVE,3,5643,38,A,0,,,
3056500034,11219,5000,15TH,AVE,3,5650,34,A,0,,GARDEN COMPLEX,
3054580006,11219,5001,15TH,AVE,3,5458,6,A,0,,,
3056570035,11219,5100,15TH,AVE,3,5657,35,B,1,,NON-EVICT COOP/CONDO,
3056640035,11219,5200,15TH,AVE,3,5664,35,A,0,,,
3054710008,11219,5201 TO 5205,15TH,AVE,3,5471,8,A,0,,,1502 52ND ST
3056710034,11219,5302,15TH,AVE,3,5671,34,A,0,,,
3054770002,11219,5315,15TH,AVE,3,5477,2,A,0,,,
3056780041,11219,5420,15TH,AVE,3,5678,41,A,0,,,
3054880004,11219,5501,15TH,AVE,3,5488,4,A,0,,,
3056850041,11219,5520,15TH,AVE,3,5685,41,A,0,,,
3054910001,11219,5609,15TH,AVE,3,5491,1,A,0,,,
3056920040,11219,5614,15TH,AVE,3,5692,40,A,0,,,
3054960004,11219,5701,15TH,AVE,3,5496,4,A,0,,,
3052880041,11219,1084,38TH,ST,3,5288,41,B,0,,,
3055820065,11219,933,39TH,ST,3,5582,65,B,0,,,
3052880056,11219,1069,39TH,ST,3,5288,56,A,0,,,
3055830040,11219,905,40TH,ST,3,5583,40,A,0,,,
3055830039,11219,907,40TH,ST,3,5583,39,A,0,,,
3055867501,11219,940,40TH,ST,3,5586,7501,A,0,,,
3055900010,11219,902,41ST,ST,3,5590,10,A,0,,,
3055907503,11219,950,41ST,ST,3,5590,7503,B,0,,,
3055910018,11219,1026,41ST,ST,3,5591,18,A,0,421-A (1-15),421-A (1-15),
3055950009,11219,902,42ND,ST,3,5595,9,A,0,,,
3055950011,11219,914,42ND,ST,3,5595,11,B,0,,,
3055900074,11219,915,42ND,ST,3,5590,74,B,0,,,
3055900073,11219,917,42ND,ST,3,5590,73,B,0,,,
3055900068,11219,929 TO 931,42ND,ST,3,5590,68,A,0,,,
3055900067,11219,935,42ND,ST,3,5590,67,A,0,,,
3055950019,11219,944,42ND,ST,3,5595,19,A,0,,,
3055900060,11219,945,42ND,ST,3,5590,60,A,0,,,
3055900059,11219,953,42ND,ST,3,5590,59,A,0,,,
3055900058,11219,959,42ND,ST,3,5590,58,A,0,,,
3055900052,11219,961,42ND,ST,3,5590,52,A,0,J-51,J-51 SECTION 610 OF PHFL,
3055900049,11219,979,42ND,ST,3,5590,49,A,0,,,
3055970024,11219,1142,42ND,ST,3,5597,24,A,0,,,
3055930060,11219,1225,42ND,ST,3,5593,60,A,0,421-A (16),421-A (16),
3055980016,11219,1226,42ND,ST,3,5598,16,A,0,,,
3055980027,11219,1254,42ND,ST,3,5598,27,A,0,,,
3053630045,11219,1571,42ND,ST,3,5363,45,A,0,,,
3056010006,11219,902 TO 912,43RD,ST,3,5601,6,A,0,,,
3055950001,11219,905,43RD,ST,3,5595,1,A,0,,,
3055950073,11219,915,43RD,ST,3,5595,73,A,0,J-51,J-51,
3055950043,11219,969 TO 983,43RD,ST,3,5595,43,A,0,,,
3056030016,11219,1124 TO 1128,43RD,ST,3,5603,16,A,0,,,
3055970073,11219,1129,43RD,ST,3,5597,73,A,0,,,
3056030020,11219,1130,43RD,ST,3,5603,20,A,0,,,
3056030021,11219,1134,43RD,ST,3,5603,21,A,0,,,
3055970070,11219,1135,43RD,ST,3,5597,70,A,0,,,
3056030022,11219,1138,43RD,ST,3,5603,22,A,0,,,
3055970064,11219,1143,43RD,ST,3,5597,64,A,0,,,
3055970058,11219,1163,43RD,ST,3,5597,58,A,1,,NON-EVICT COOP/CONDO,
3055980062,11219,1235,43RD,ST,3,5598,62,A,0,,,
3056040023,11219,1248,43RD,ST,3,5604,23,A,0,421-A (1-15),421-A (1-15),
3055980053,11219,1255,43RD,ST,3,5598,53,A,0,J-51,J-51,
3056040030,11219,1270,43RD,ST,3,5604,30,A,0,,,
3056050024,11219,1332,43RD,ST,3,5605,24,A,0,,,
3055990047,11219,1371,43RD,ST,3,5599,47,A,0,,,
3056060025,11219,1454,43RD,ST,3,5606,25,A,0,,,
3056060029,11219,1472,43RD,ST,3,5606,29,A,0,,,
3056070003,11219,902,44TH,ST,3,5607,3,A,0,,,
3056010045,11219,973,44TH,ST,3,5601,45,A,0,,,
3056080025,11219,1050,44TH,ST,3,5608,25,A,0,,,
3056090036,11219,1168,44TH,ST,3,5609,36,A,0,421-A (1-15),421-A (1-15),
3056047504,11219,1231,44TH,ST,3,5604,7504,A,0,421-A (1-15),421-A (1-15),
3056040052,11219,1247,44TH,ST,3,5604,52,A,0,,,
3056040050,11219,1249,44TH,ST,3,5604,50,A,0,,,
3056100026,11219,1258 TO 1264,44TH,ST,3,5610,26,A,0,,,
3056107507,11219,1270,44TH,ST,3,5610,7507,A,0,421-A (1-15),421-A (1-15),
3056110012,11219,1314,44TH,ST,3,5611,12,A,0,,GARDEN COMPLEX,
3056110013,11219,1316,44TH,ST,3,5611,13,A,0,,,
3056110014,11219,1320,44TH,ST,3,5611,14,A,0,,,
3056110016,11219,1322,44TH,ST,3,5611,16,A,0,,,
3056110021,11219,1338,44TH,ST,3,5611,21,A,0,421-A (1-15),GARDEN COMPLEX 421-A (1-15),
3056050062,11219,1347,44TH,ST,3,5605,62,A,0,,,
3056050054,11219,1365,44TH,ST,3,5605,54,A,0,,,
3056120024,11219,1446,44TH,ST,3,5612,24,A,0,,,
3056060058,11219,1453,44TH,ST,3,5606,58,A,0,,,
3056130036,11219,974,45TH,ST,3,5613,36,A,0,,,
3056080051,11219,1005,45TH,ST,3,5608,51,A,0,,,
3056140012,11219,1018,45TH,ST,3,5614,12,A,0,,,
3056140014,11219,1020,45TH,ST,3,5614,14,A,0,,,
3056080037,11219,1035,45TH,ST,3,5608,37,A,0,,,
3056140019,11219,1042,45TH,ST,3,5614,19,A,0,,,
3056170010,11219,1302,45TH,ST,3,5617,10,A,0,,,
3056110072,11219,1313,45TH,ST,3,5611,72,A,0,,GARDEN COMPLEX,
3056180036,11219,1470,45TH,ST,3,5618,36,A,0,421-A (1-15),421-A (1-15),
3056190039,11219,974,46TH,ST,3,5619,39,A,0,,GARDEN COMPLEX,
3056130044,11219,983,46TH,ST,3,5613,44,A,0,,SECTION 610 OF PHFL ARTICLE 11,
3056150065,11219,1139,46TH,ST,3,5615,65,A,0,,,
3056210032,11219,1154 TO 1156,46TH,ST,3,5621,32,A,0,421-A (1-15),421-A (1-15),
3056230012,11219,1314,46TH,ST,3,5623,12,A,0,,,
3056170063,11219,1327,46TH,ST,3,5617,63,A,0,,,
3056170059,11219,1343,46TH,ST,3,5617,59,A,0,421-A (1-15),421-A (1-15),
3056250005,11219,902,47TH,ST,3,5625,5,A,0,,SECTION 610 OF PHFL ARTICLE 11,
3056250008,11219,914,47TH,ST,3,5625,8,A,0,,SECTION 610 OF PHFL ARTICLE 11,
3056250011,11219,926,47TH,ST,3,5625,11,A,0,,SECTION 610 OF PHFL ARTICLE 11,
3056250027,11219,968,47TH,ST,3,5625,27,A,0,,,
3056190047,11219,973,47TH,ST,3,5619,47,A,0,,,
3056250030,11219,974,47TH,ST,3,5625,30,A,0,,,
3056270011,11219,1112,47TH,ST,3,5627,11,B,0,,,
3056270012,11219,1114,47TH,ST,3,5627,12,B,0,,,
3056210062,11219,1145 TO 1147,47TH,ST,3,5621,62,A,0,,,
3056270051,11219,1154,47TH,ST,3,5627,51,A,0,,,
3056270052,11219,1156,47TH,ST,3,5627,52,A,0,,,
3056270057,11219,1178,47TH,ST,3,5627,57,A,0,421-A (1-15),421-A (1-15),
3056270058,11219,1180 TO 1184,47TH,ST,3,5627,58,A,0,421-A (1-15),421-A (1-15),
3056220064,11219,1213 TO 1223,47TH,ST,3,5622,64,A,0,,,
3056290012,11219,1320,47TH,ST,3,5629,12,A,0,,,
3056230054,11219,1357,47TH,ST,3,5623,54,A,0,,,
3056290030,11219,1358,47TH,ST,3,5629,30,A,0,,,
3056230154,11219,1359,47TH,ST,3,5623,154,A,0,,,
3056290034,11219,1368,47TH,ST,3,5629,34,A,0,J-51,GARDEN COMPLEX J-51,
3054360068,11219,1501 TO 1523,47TH,ST,3,5436,68,A,0,,,
3056290070,11219,1315,48TH,ST,3,5629,70,A,0,,,
3056290054,11219,1347,48TH,ST,3,5629,54,A,0,,,
3056350028,11219,1360,48TH,ST,3,5635,28,A,0,,,
3056360022,11219,1450,48TH,ST,3,5636,22,A,0,,GARDEN COMPLEX,
3056380033,11219,964,49TH,ST,3,5638,33,A,0,,,
3056340001,11219,1207,49TH,ST,3,5634,1,A,0,,,
3056410019,11219,1228 TO 1236,49TH,ST,3,5641,19,A,0,,,
3056340048,11219,1261 TO 1271,49TH,ST,3,5634,48,A,0,,,
3056357507,11219,1337,49TH,ST,3,5635,7507,A,0,421-A (1-15),421-A (1-15),
3056430012,11219,1416,49TH,ST,3,5643,12,A,0,421-A (1-15),421-A (1-15),
3056360052,11219,1455,49TH,ST,3,5636,52,A,0,,GARDEN COMPLEX,
3056430031,11219,1466,49TH,ST,3,5643,31,A,0,,GARDEN COMPLEX,
3056460013,11219,1016,50TH,ST,3,5646,13,A,0,,,
3056460036,11219,1042,50TH,ST,3,5646,36,A,0,,,
3056390030,11219,1043,50TH,ST,3,5639,30,A,0,,,
3056390067,11219,1053,50TH,ST,3,5639,67,A,0,,,
3056390066,11219,1057,50TH,ST,3,5639,66,A,0,,,
3056470037,11219,1180,50TH,ST,3,5647,37,A,0,,,
3056480020,11219,1232,50TH,ST,3,5648,20,A,0,421-A (16),421-A (16),
3056410056,11219,1245,50TH,ST,3,5641,56,A,0,,,
3056480028,11219,1252,50TH,ST,3,5648,28,A,0,421-A (1-15),421-A (1-15),
3056420071,11219,1315,50TH,ST,3,5642,71,A,0,,,
3056420061,11219,1335,50TH,ST,3,5642,61,A,0,,,
3056460030,11219,1037,51ST,ST,3,5646,30,A,0,,,
3056470044,11219,1179,51ST,ST,3,5647,44,A,0,,,
3056480065,11219,1231,51ST,ST,3,5648,65,A,0,,,
3056480053,11219,1259,51ST,ST,3,5648,53,A,0,421-A (16),421-A (16),
3056557503,11219,1270,51ST,ST,3,5655,7503,A,0,,,
3056557504,11219,1272,51ST,ST,3,5655,7504,A,0,,,
3056560014,11219,1320,51ST,ST,3,5656,14,A,0,,,
3056490059,11219,1333,51ST,ST,3,5649,59,A,0,,,
3056560034,11219,1370,51ST,ST,3,5656,34,A,0,,,
3056570007,11219,1400,51ST,ST,3,5657,7,A,0,,,
3056500068,11219,1425,51ST,ST,3,5650,68,A,0,,,
3054650021,11219,1536 TO 1546,51ST,ST,3,5465,21,A,0,,,
3054580049,11219,1571,51ST,ST,3,5458,49,A,0,421-A (1-15),GARDEN COMPLEX 421-A (1-15),
3056590042,11219,984,52ND,ST,3,5659,42,A,0,,,
3056590043,11219,986,52ND,ST,3,5659,43,A,0,,,
3056540042,11219,1173,52ND,ST,3,5654,42,A,0,,,
3056550066,11219,1261,52ND,ST,3,5655,66,A,0,,,
3056620055,11219,1268,52ND,ST,3,5662,55,A,0,,,
3056570048,11219,1451,52ND,ST,3,5657,48,A,0,,,
3056640031,11219,1472,52ND,ST,3,5664,31,A,0,,,
3056600073,11219,1031,53RD,ST,3,5660,73,A,0,,,
3056600072,11219,1035,53RD,ST,3,5660,72,A,0,,GARDEN COMPLEX,
3056600068,11219,1047,53RD,ST,3,5660,68,A,0,,,
3056600067,11219,1049,53RD,ST,3,5660,67,A,0,,,
3056600066,11219,1053,53RD,ST,3,5660,66,A,0,,,
3056620040,11219,1269,53RD,ST,3,5662,40,A,0,,,
3056637508,11219,1325,53RD,ST,3,5663,7508,A,0,421-A (1-15),421-A (1-15),
3056700033,11219,1364,53RD,ST,3,5670,33,A,0,421-A (1-15),GARDEN COMPLEX 421-A (1-15),
3056640065,11219,1421,53RD,ST,3,5664,65,A,0,,GARDEN COMPLEX,
3056640054,11219,1441,53RD,ST,3,5664,54,A,0,,GARDEN COMPLEX,
3054710001,11219,1501,53RD,ST,3,5471,1,A,0,,,
3056730020,11219,938,54TH,ST,3,5673,20,A,0,,,
3056730023,11219,940,54TH,ST,3,5673,23,A,0,,,
3056730024,11219,944,54TH,ST,3,5673,24,A,0,,,
3056730025,11219,946,54TH,ST,3,5673,25,A,0,,,
3056730026,11219,950,54TH,ST,3,5673,26,A,0,,,
3056730027,11219,952,54TH,ST,3,5673,27,A,0,,,
3056730028,11219,956,54TH,ST,3,5673,28,A,0,,,
3056730030,11219,962,54TH,ST,3,5673,30,A,0,,,
3056730035,11219,968,54TH,ST,3,5673,35,A,0,,,
3056730037,11219,974,54TH,ST,3,5673,37,A,0,,GARDEN COMPLEX,
3056730038,11219,976,54TH,ST,3,5673,38,A,0,,,
3056730039,11219,980,54TH,ST,3,5673,39,A,0,,,
3056730040,11219,982,54TH,ST,3,5673,40,A,0,,,
3056730041,11219,986,54TH,ST,3,5673,41,A,0,,,
3056760027,11219,1262,54TH,ST,3,5676,27,A,0,,,
3056770025,11219,1346 TO 1350,54TH,ST,3,5677,25,A,0,,,
3056770030,11219,1362,54TH,ST,3,5677,30,A,0,421-A (1-15),GARDEN COMPLEX 421-A (1-15),
3056710042,11219,1475,54TH,ST,3,5671,42,A,0,,,
3056710043,11219,1477,54TH,ST,3,5671,43,A,0,,,
3056710041,11219,1479,54TH,ST,3,5671,41,A,0,,,
3056810008,11219,1014,55TH,ST,3,5681,8,A,0,,,
3056810017,11219,1040,55TH,ST,3,5681,17,A,0,,,
3056810019,11219,1044,55TH,ST,3,5681,19,A,0,421-A (1-15),GARDEN COMPLEX 421-A (1-15),
3056810020,11219,1046,55TH,ST,3,5681,20,A,0,421-A (1-15),GARDEN COMPLEX 421-A (1-15),
3056810021,11219,1050,55TH,ST,3,5681,21,A,0,,,
3056760052,11219,1249,55TH,ST,3,5676,52,A,0,,,
3056760051,11219,1253,55TH,ST,3,5676,51,A,0,,,
3056840026,11219,1326,55TH,ST,3,5684,26,A,0,,,
3056840028,11219,1332,55TH,ST,3,5684,28,A,0,,,
3056780001,11219,1401,55TH,ST,3,5678,1,A,0,,,
3056850024,11219,1452,55TH,ST,3,5685,24,A,0,,,
3056780049,11219,1455,55TH,ST,3,5678,49,A,0,,,
3054880015,11219,1522,55TH,ST,3,5488,15,A,0,,GARDEN COMPLEX,
3056810001,11219,1015,56TH,ST,3,5681,1,A,0,,,
3056880013,11219,1024,56TH,ST,3,5688,13,A,0,,,
3054910037,11219,1574,56TH,ST,3,5491,37,A,0,,,
3056870053,11219,969,57TH,ST,3,5687,53,A,0,421-A (16),421-A (16),
3056950008,11219,1004,57TH,ST,3,5695,8,A,0,,,
3056950010,11219,1010,57TH,ST,3,5695,10,A,0,,,
3056950013,11219,1018,57TH,ST,3,5695,13,A,0,,,
3056950031,11219,1056,57TH,ST,3,5695,31,A,0,,,
3056950033,11219,1058,57TH,ST,3,5695,33,A,0,,,
3056950034,11219,1062,57TH,ST,3,5695,34,A,0,,,
3056950035,11219,1064,57TH,ST,3,5695,35,A,0,,,
3056950036,11219,1066,57TH,ST,3,5695,36,A,0,,,
3056907503,11219,1265 TO 1267,57TH,ST,3,5690,7503,A,0,,,
3056980048,11219,1354,57TH,ST,3,5698,48,A,0,,,
3054910063,11219,1537,57TH,ST,3,5491,63,A,0,,,
3057010025,11219,946,58TH,ST,3,5701,25,A,0,,,
3057010026,11219,948,58TH,ST,3,5701,26,A,0,,,
3057010028,11219,952,58TH,ST,3,5701,28,A,0,,,
3056940035,11219,971,58TH,ST,3,5694,35,A,0,,,
3057040032,11219,1262,58TH,ST,3,5704,32,A,0,421-A (1-15),421-A (1-15),
3057040035,11219,1270,58TH,ST,3,5704,35,A,0,,,
3057050117,11219,1330,58TH,ST,3,5705,117,A,0,,,
3057050019,11219,1332,58TH,ST,3,5705,19,A,0,,,
3056980170,11219,1367,58TH,ST,3,5698,170,A,0,,,
3057010061,11219,925,59TH,ST,3,5701,61,A,0,,,
3057080012,11219,928,59TH,ST,3,5708,12,A,0,,,
3057080013,11219,930,59TH,ST,3,5708,13,A,0,,GARDEN COMPLEX,
3057010055,11219,935 TO 939,59TH,ST,3,5701,55,A,0,,,
3057080017,11219,946,59TH,ST,3,5708,17,A,0,,,
3057030062,11219,1125,59TH,ST,3,5703,62,A,0,,,
3057030061,11219,1129,59TH,ST,3,5703,61,A,0,,,
3057030060,11219,1131,59TH,ST,3,5703,60,A,0,,,
3057030059,11219,1135,59TH,ST,3,5703,59,A,0,,,
3057040058,11219,1249,59TH,ST,3,5704,58,B,0,,GARDEN COMPLEX,
3057040055,11219,1251,59TH,ST,3,5704,55,A,0,,,
3055020062,11219,1537,59TH,ST,3,5502,62,B,0,,,
3057087505,11219,901,60TH,ST,3,5708,7505,A,1,,COOP/CONDO PLAN FILE,
3057157501,11219,952 TO 968,60TH,ST,3,5715,7501,A,0,421-A (1-15),GARDEN COMPLEX 421-A (1-15),
3057100041,11219,1171,60TH,ST,3,5710,41,A,0,,,
3057110067,11219,1221,60TH,ST,3,5711,67,A,0,,,
3057200015,11219,1422,60TH,ST,3,5720,15,A,0,421-A (1-15),GARDEN COMPLEX 421-A (1-15),
3057300028,11219,1054,62ND,ST,3,5730,28,A,0,421-A (1-15),421-A (1-15),
3057360054,11219,972,63RD,ST,3,5736,54,A,0,,,
3057300074,11219,1013,63RD,ST,3,5730,74,A,0,,,
3057300073,11219,1015,63RD,ST,3,5730,73,A,0,,GARDEN COMPLEX,
3057310064,11219,1115,63RD,ST,3,5731,64,A,0,,,
3057310059,11219,1125,63RD,ST,3,5731,59,A,0,,,
3057310054,11219,1137,63RD,ST,3,5731,54,A,0,,,
3057400029,11219,1354,63RD,ST,3,5740,29,A,0,,,
3057360036,11219,923,64TH,ST,3,5736,36,A,0,,,
3057360065,11219,969,64TH,ST,3,5736,65,A,0,,GARDEN COMPLEX,
3057370058,11219,1045,64TH,ST,3,5737,58,B,0,,,
3057370056,11219,1053,64TH,ST,3,5737,56,A,0,,,
3057440044,11219,1074,64TH,ST,3,5744,44,A,0,,,
3057380071,11219,1119,64TH,ST,3,5738,71,A,0,,,
3057460038,11219,1274,64TH,ST,3,5746,38,A,0,,,
3057400071,11219,1323,64TH,ST,3,5740,71,A,0,421-A (16),421-A (16),
3057470124,11219,1334,64TH,ST,3,5747,124,A,0,,,
3057400058,11219,1355,64TH,ST,3,5740,58,A,0,,,
3057440068,11219,1045 TO 1047,65TH,ST,3,5744,68,A,0,,,
3057440055,11219,1075,65TH,ST,3,5744,55,B,0,,,
3057450001,11219,1101,65TH,ST,3,5745,1,A,0,,,
3057470061,11219,1345,65TH,ST,3,5747,61,A,0,,,
3057470055,11219,1361,65TH,ST,3,5747,55,A,0,,GARDEN COMPLEX,
3057470051,11219,1367 TO 1369,65TH,ST,3,5747,51,A,0,,GARDEN COMPLEX,
3057550020,11219,1436,65TH,ST,3,5755,20,A,0,421-A (1-15),421-A (1-15),
3057570054,11219,980,66TH,ST,3,5757,54,A,0,,,
3057580016,11219,1026,66TH,ST,3,5758,16,A,0,,,
3057580017,11219,1028,66TH,ST,3,5758,17,A,0,,,
3057520001,11219,1101,66TH,ST,3,5752,1,B,0,,,
3057590015,11219,1124,66TH,ST,3,5759,15,A,0,,GARDEN COMPLEX,
3057590032,11219,1162,66TH,ST,3,5759,32,A,0,421-A (1-15),421-A (1-15),
3057590033,11219,1164,66TH,ST,3,5759,33,A,0,421-A (1-15),421-A (1-15),
3057590034,11219,1168,66TH,ST,3,5759,34,A,0,,,
3057610011,11219,1312,66TH,ST,3,5761,11,A,0,,,
3057610012,11219,1314,66TH,ST,3,5761,12,A,0,,,
3057540056,11219,1353,66TH,ST,3,5754,56,A,0,421-A (1-15),421-A (1-15),
3057610031,11219,1360,66TH,ST,3,5761,31,A,0,,,
3057550001,11219,1401,66TH,ST,3,5755,1,B,0,,GARDEN COMPLEX,
3057550059,11219,1415,66TH,ST,3,5755,59,B,0,,,
3057620014,11219,1418,66TH,ST,3,5762,14,A,0,,,
3057620021,11219,1436,66TH,ST,3,5762,21,B,0,,,
3057550050,11219,1439,66TH,ST,3,5755,50,A,0,,GARDEN COMPLEX,
3057620023,11219,1440,66TH,ST,3,5762,23,A,0,421-A (1-15),ROOMING HOUSE 421-A (1-15),
3057620027,11219,1450,66TH,ST,3,5762,27,B,0,,,
3055580043,11219,1570,66TH,ST,3,5558,43,B,0,,,
3057640031,11219,942,67TH,ST,3,5764,31,A,0,,,
3057570070,11219,957,67TH,ST,3,5757,70,A,0,,,
3057580053,11219,1059,67TH,ST,3,5758,53,A,0,,,
3057580052,11219,1061,67TH,ST,3,5758,52,A,0,,,
3057660031,11219,1152,67TH,ST,3,5766,31,B,0,,,
3057680029,11219,1348,67TH,ST,3,5768,29,A,0,,,
3057680031,11219,1352,67TH,ST,3,5768,31,A,0,,,
3057620001,11219,1401,67TH,ST,3,5762,1,A,0,,,
3057680057,11219,1363,68TH,ST,3,5768,57,A,0,,,1363 OVINGTON AVE
3057750034,11219,1374,68TH,ST,3,5775,34,B,0,,,
3057680052,11219,1375 TO 1383,68TH,ST,3,5768,52,A,0,,,
3057690057,11219,1455,68TH,ST,3,5769,57,B,0,,,1457 OVINGTON AVE
3057690054,11219,1465,68TH,ST,3,5769,54,A,0,,,
3055730006,11219,1502,68TH,ST,3,5573,6,A,0,,,
3055660005,11219,1531 TO 1535,68TH,ST,3,5566,5,A,0,,,
3055740012,11219,1540,68TH,ST,3,5574,12,A,0,,,
3061550019,11219,1234,69TH,ST,3,6155,19,A,0,,,1234 BAY RIDGE AVE
3061560030,11219,1358,69TH,ST,3,6156,30,B,0,,GARDEN COMPLEX,1358 BAY RIDGE AVE
3057750042,11219,1379,69TH,ST,3,5775,42,A,0,,GARDEN COMPLEX,1379 BAY RIDGE AVE
3061570036,11219,1472,69TH,ST,3,6157,36,A,0,,,1472 BAY RIDGE AVE
3061580052,11219,1562,69TH,ST,3,6158,52,A,0,,GARDEN COMPLEX,1562 BAY RIDGE AVE
3057730050,11219,1149,BAY RIDGE,AVE,3,5773,50,A,0,,,1149 69TH ST
3061550018,11219,1230,BAY RIDGE,AVE,3,6155,18,A,0,,,
3061550020,11219,1238,BAY RIDGE,AVE,3,6155,20,A,0,,,1238 69TH ST
3061550021,11219,1240,BAY RIDGE,AVE,3,6155,21,A,0,,,
3061550023,11219,1242,BAY RIDGE,AVE,3,6155,23,A,0,,,
3057740037,11219,1275,BAY RIDGE,AVE,3,5774,37,A,0,,,
3057750001,11219,1305,BAY RIDGE,AVE,3,5775,1,B,0,,,1305 69TH ST
3061560021,11219,1336,BAY RIDGE,AVE,3,6156,21,B,0,,,
3061560022,11219,1340,BAY RIDGE,AVE,3,6156,22,B,0,,,
3055730001,11219,1501,BAY RIDGE,AVE,3,5573,1,A,0,,,
3061580053,11219,1564,BAY RIDGE,AVE,3,6158,53,B,0,,,1564 69TH ST
3055580067,11219,6639,DURYEA,CT,3,5558,67,A,0,421-A (1-15),GARDEN COMPLEX 421-A (1-15),
3056140024,11219,4504,FORT HAMILTON,PKWY,3,5614,24,B,0,,,
3056740001,11219,5423,FORT HAMILTON,PKWY,3,5674,1,A,0,,,
3056810005,11219,5511,FORT HAMILTON,PKWY,3,5681,5,A,0,,,
3056940032,11219,5718,FORT HAMILTON,PKWY,3,5694,32,A,0,,,
3057290030,11219,6224,FORT HAMILTON,PKWY,3,5729,30,A,0,,,
3057360051,11219,6303,FORT HAMILTON,PKWY,3,5736,51,A,0,,,
3057430021,11219,6402,FORT HAMILTON,PKWY,3,5743,21,A,0,,GARDEN COMPLEX,
3057570038,11219,6613,FORT HAMILTON,PKWY,3,5757,38,B,0,,,
3057640029,11219,6711,FORT HAMILTON,PKWY,3,5764,29,A,0,,,
3057640025,11219,6717 TO 6719,FORT HAMILTON,PKWY,3,5764,25,A,0,,,
3056157507,11219,4515,NEW UTRECHT,AVE,3,5615,7507,A,0,421-A (1-15),GARDEN COMPLEX 421-A (1-15),
3056620048,11219,5207,NEW UTRECHT,AVE,3,5662,48,A,0,,,
3056620047,11219,5211 TO 5213,NEW UTRECHT,AVE,3,5662,47,A,0,,,
3056620044,11219,5219,NEW UTRECHT,AVE,3,5662,44,A,0,,,
3057650054,11219,1073,OVINGTON,AVE,3,5765,54,A,0,,,
3057720034,11219,1080,OVINGTON,AVE,3,5772,34,A,0,,GARDEN COMPLEX,
3057670078,11219,1223,OVINGTON,AVE,3,5767,78,A,0,,,
3057670076,11219,1227,OVINGTON,AVE,3,5767,76,A,0,,GARDEN COMPLEX,
3057670074,11219,1231 TO 1233,OVINGTON,AVE,3,5767,74,A,0,,,
3057750006,11219,1302 TO 1312,OVINGTON,AVE,3,5775,6,A,0,,,
3057680059,11219,1357 TO 1359,OVINGTON,AVE,3,5768,59,A,0,,,13571359 68TH ST
3057680058,11219,1361,OVINGTON,AVE,3,5768,58,A,0,,,1361 68TH ST
3057760030,11219,1462,OVINGTON,AVE,3,5776,30,A,0,,,
3008217503,11220,5407,2ND,AVE,3,821,7503,A,0,,,
3007360046,11220,4420,3RD,AVE,3,736,46,A,0,,,
3007360047,11220,4422,3RD,AVE,3,736,47,A,0,,,
3007540138,11220,4602 TO 4606,3RD,AVE,3,754,138,A,0,,,
3007890046,11220,5024,3RD,AVE,3,789,46,A,0,,,
3008370043,11220,5618,3RD,AVE,3,837,43,A,0,,,
3008370044,11220,5622,3RD,AVE,3,837,44,A,0,,,
3008450042,11220,5718,3RD,AVE,3,845,42,A,0,,,
3057800045,11220,6020,3RD,AVE,3,5780,45,A,0,421-A (16),421-A (16),
3058630005,11220,6809,3RD,AVE,3,5863,5,A,0,,,
3058630004,11220,6815,3RD,AVE,3,5863,4,A,0,,,
3058630002,11220,6819,3RD,AVE,3,5863,2,A,0,,,
3058620052,11220,6826,3RD,AVE,3,5862,52,A,0,,,
3058620053,11220,6830,3RD,AVE,3,5862,53,A,0,,,
3058620054,11220,6832,3RD,AVE,3,5862,54,A,0,,,
3007280065,11220,321 TO 323,44TH,ST,3,728,65,A,0,,,
3007280064,11220,325,44TH,ST,3,728,64,A,0,,,
3007370021,11220,336,44TH,ST,3,737,21,A,0,,,
3007280060,11220,337,44TH,ST,3,728,60,A,0,,,
3007370022,11220,338,44TH,ST,3,737,22,A,0,,,
3007280057,11220,343,44TH,ST,3,728,57,A,0,,,
3007280056,11220,347,44TH,ST,3,728,56,A,0,,,
3007380011,11220,418,44TH,ST,3,738,11,A,0,,,
3007380013,11220,422,44TH,ST,3,738,13,A,0,,,
3007380014,11220,424,44TH,ST,3,738,14,A,0,,,
3007380036,11220,474 TO 480,44TH,ST,3,738,36,A,0,,,
3007390009,11220,504,44TH,ST,3,739,9,A,0,,,
3007400006,11220,602,44TH,ST,3,740,6,A,0,,,44014403 6TH AVE
3007320053,11220,761,44TH,ST,3,732,53,A,0,,,
3007320050,11220,773,44TH,ST,3,732,50,A,0,,,
3007320049,11220,777,44TH,ST,3,732,49,A,0,,,
3007330001,11220,807,44TH,ST,3,733,1,A,0,,,
3007420011,11220,814,44TH,ST,3,742,11,A,0,,,
3007330055,11220,851,44TH,ST,3,733,55,A,0,,,
3007450035,11220,262,45TH,ST,3,745,35,A,0,,,
3007450037,11220,266,45TH,ST,3,745,37,A,0,,,
3007450039,11220,268,45TH,ST,3,745,39,A,0,,,
3007450041,11220,272,45TH,ST,3,745,41,A,0,,,
3007460026,11220,350,45TH,ST,3,746,26,B,0,,,
3007460027,11220,354,45TH,ST,3,746,27,B,0,,,
3007380001,11220,401,45TH,ST,3,738,1,A,0,,,
3007390001,11220,505,45TH,ST,3,739,1,A,0,,,4425 5TH AVE
3007390063,11220,535,45TH,ST,3,739,63,A,0,,,
3007490005,11220,606,45TH,ST,3,749,5,A,0,,,
3007400001,11220,609,45TH,ST,3,740,1,A,0,,,
3007490035,11220,672 TO 684,45TH,ST,3,749,35,A,0,,,
3007500034,11220,768 TO 774,45TH,ST,3,750,34,A,0,,,
3007450067,11220,237,46TH,ST,3,745,67,B,0,,,
3007450064,11220,245,46TH,ST,3,745,64,B,0,,,
3007450062,11220,247,46TH,ST,3,745,62,B,0,,,
3007450059,11220,259,46TH,ST,3,745,59,A,0,,GARDEN COMPLEX,
3007540035,11220,270,46TH,ST,3,754,35,B,0,,,
3007450051,11220,275,46TH,ST,3,745,51,A,0,,,
3007540038,11220,278,46TH,ST,3,754,38,A,0,,,
3007470067,11220,423,46TH,ST,3,747,67,A,0,,,
3007470048,11220,461,46TH,ST,3,747,48,A,0,,,
3007560038,11220,476,46TH,ST,3,756,38,A,0,,,
3007480072,11220,513,46TH,ST,3,748,72,A,0,,,
3007570010,11220,514,46TH,ST,3,757,10,A,0,,,
3007570011,11220,518,46TH,ST,3,757,11,A,0,,,
3007570012,11220,520,46TH,ST,3,757,12,A,0,,GARDEN COMPLEX,
3007480060,11220,541,46TH,ST,3,748,60,A,0,,,
3007480057,11220,545,46TH,ST,3,748,57,A,0,,,
3007480055,11220,553,46TH,ST,3,748,55,A,0,,,
3007480053,11220,557,46TH,ST,3,748,53,A,0,,,
3007480046,11220,579,46TH,ST,3,748,46,A,0,,,
3007580023,11220,642,46TH,ST,3,758,23,A,0,,,
3007580026,11220,648,46TH,ST,3,758,26,A,0,,,
3007580027,11220,650,46TH,ST,3,758,27,A,0,,,
3007580029,11220,654,46TH,ST,3,758,29,A,0,,,
3007580031,11220,658,46TH,ST,3,758,31,A,0,,,
3007580032,11220,660,46TH,ST,3,758,32,A,0,,,
3007580034,11220,664,46TH,ST,3,758,34,B,0,,,
3007580035,11220,666,46TH,ST,3,758,35,B,0,,,
3007500048,11220,759 TO 771,46TH,ST,3,750,48,A,0,,,
3007580058,11220,649,47TH,ST,3,758,58,A,0,,,
3007580056,11220,653,47TH,ST,3,758,56,A,0,,GARDEN COMPLEX,
3007580055,11220,655,47TH,ST,3,758,55,B,0,,,
3007580054,11220,659,47TH,ST,3,758,54,B,0,,,
3007580053,11220,661,47TH,ST,3,758,53,A,0,,,
3007580052,11220,663,47TH,ST,3,758,52,A,0,,,
3007580051,11220,665,47TH,ST,3,758,51,B,0,,,
3007580050,11220,667,47TH,ST,3,758,50,A,0,,,
3007670038,11220,674,47TH,ST,3,767,38,A,0,,,47024712 7TH AVE
3007690011,11220,816,47TH,ST,3,769,11,A,0,,,
3007690036,11220,880,47TH,ST,3,769,36,A,0,,,
3007740011,11220,402 TO 412,48TH,ST,3,774,11,A,0,,,
3007650056,11220,451,48TH,ST,3,765,56,A,0,,,
3007650055,11220,453,48TH,ST,3,765,55,A,0,,GARDEN COMPLEX,
3007650053,11220,455,48TH,ST,3,765,53,A,0,,,
3007750011,11220,512,48TH,ST,3,775,11,A,0,,,
3007750013,11220,514,48TH,ST,3,775,13,A,0,,,
3007670051,11220,671,48TH,ST,3,767,51,A,0,,,
3007760037,11220,680,48TH,ST,3,776,37,A,0,,,
3007820014,11220,320,49TH,ST,3,782,14,A,0,,,
3007737501,11220,357,49TH,ST,3,773,7501,A,1,421-A (1-15),421-A (1-15) COOP/CONDO PLAN FILE,
3007820031,11220,358,49TH,ST,3,782,31,A,0,,,
3007820032,11220,360,49TH,ST,3,782,32,A,0,,,
3007820033,11220,362,49TH,ST,3,782,33,A,0,,,
3007730044,11220,373,49TH,ST,3,773,44,A,0,,,4824 4TH AVE
3007830012,11220,414,49TH,ST,3,783,12,A,0,,,
3007830013,11220,418,49TH,ST,3,783,13,B,0,,,
3007830016,11220,426,49TH,ST,3,783,16,A,0,,,
3007830018,11220,428 TO 430,49TH,ST,3,783,18,A,0,,,
3007830019,11220,434,49TH,ST,3,783,19,A,0,,,
3007830021,11220,436,49TH,ST,3,783,21,A,0,,,
3007740059,11220,441,49TH,ST,3,774,59,A,0,,,
3007830026,11220,450,49TH,ST,3,783,26,A,0,,,
3007830028,11220,454,49TH,ST,3,783,28,A,0,,,
3007830030,11220,460,49TH,ST,3,783,30,A,0,,,
3007750082,11220,515,49TH,ST,3,775,82,A,0,,,
3007750080,11220,517,49TH,ST,3,775,80,A,0,,,
3007750078,11220,519,49TH,ST,3,775,78,A,0,,,
3007750077,11220,521,49TH,ST,3,775,77,A,0,,,
3007750075,11220,523,49TH,ST,3,775,75,A,0,,,
3007750074,11220,525,49TH,ST,3,775,74,A,0,,,
3007750073,11220,527,49TH,ST,3,775,73,A,0,,,
3007750072,11220,529,49TH,ST,3,775,72,B,0,,,
3007750070,11220,537,49TH,ST,3,775,70,A,0,,,
3007750069,11220,541,49TH,ST,3,775,69,A,0,,,
3007750068,11220,543,49TH,ST,3,775,68,A,0,,,
3007750067,11220,547,49TH,ST,3,775,67,A,0,,,
3007750065,11220,549,49TH,ST,3,775,65,A,0,,,
3007750064,11220,553,49TH,ST,3,775,64,A,0,,,
3007750063,11220,555,49TH,ST,3,775,63,A,0,,,
3007750062,11220,559,49TH,ST,3,775,62,B,0,,,
3007750059,11220,565,49TH,ST,3,775,59,A,0,,,
3007750058,11220,569,49TH,ST,3,775,58,B,0,,,
3007760067,11220,625,49TH,ST,3,776,67,A,0,421-A (1-15),421-A (1-15),
3007850037,11220,674,49TH,ST,3,785,37,A,0,,GARDEN COMPLEX,
3007760045,11220,677,49TH,ST,3,776,45,A,0,,,
3007860034,11220,770,49TH,ST,3,786,34,A,0,421-A (1-15),421-A (1-15),
3007860035,11220,772,49TH,ST,3,786,35,A,0,421-A (1-15),421-A (1-15),
3007860036,11220,774,49TH,ST,3,786,36,A,0,421-A (1-15),421-A (1-15),
3007770044,11220,775,49TH,ST,3,777,44,A,0,,,
3007780070,11220,815,49TH,ST,3,778,70,A,0,,,
3007780069,11220,819,49TH,ST,3,778,69,B,0,,,
3007780068,11220,823,49TH,ST,3,778,68,A,0,,,
3007780066,11220,827,49TH,ST,3,778,66,A,0,,,
3056370032,11220,864,49TH,ST,3,5637,32,A,0,,SECTION 610 OF PHFL ARTICLE 11,
3007640036,11220,4702 TO 4704,4TH,AVE,3,764,36,A,0,,,370 47TH ST
3007640037,11220,4706,4TH,AVE,3,764,37,A,0,,,
3007650006,11220,4707,4TH,AVE,3,765,6,A,0,,GARDEN COMPLEX,
3007640039,11220,4710 TO 4712,4TH,AVE,3,764,39,A,0,,,
3007650004,11220,4715,4TH,AVE,3,765,4,A,0,,,
3007650003,11220,4717,4TH,AVE,3,765,3,B,0,,GARDEN COMPLEX,
3007730038,11220,4802,4TH,AVE,3,773,38,A,0,,,
3007740008,11220,4805,4TH,AVE,3,774,8,B,0,,,
3007740006,11220,4809,4TH,AVE,3,774,6,B,0,,,
3007740004,11220,4815,4TH,AVE,3,774,4,A,0,,,
3007740002,11220,4819,4TH,AVE,3,774,2,A,0,,,
3007910010,11220,5001,4TH,AVE,3,791,10,A,0,,,402 50TH ST
3007910008,11220,5007,4TH,AVE,3,791,8,A,0,,,
3007910007,11220,5011,4TH,AVE,3,791,7,A,0,,,
3007910005,11220,5013,4TH,AVE,3,791,5,A,0,J-51,GARDEN COMPLEX J-51,
3007910003,11220,5015,4TH,AVE,3,791,3,A,0,,,
3007910002,11220,5019,4TH,AVE,3,791,2,A,0,,,
3007987501,11220,5102 TO 5108,4TH,AVE,3,798,7501,A,0,,GARDEN COMPLEX SECTION 610 OF PHFL,372 51ST ST
3008140041,11220,5310,4TH,AVE,3,814,41,A,0,,,
3008230005,11220,5411,4TH,AVE,3,823,5,A,0,,,
3008220039,11220,5416,4TH,AVE,3,822,39,A,0,,,
3008220041,11220,5422,4TH,AVE,3,822,41,A,0,,,
3008310004,11220,5513,4TH,AVE,3,831,4,B,0,,,
3008300041,11220,5516,4TH,AVE,3,830,41,A,0,,,
3008310003,11220,5519,4TH,AVE,3,831,3,A,0,,,
3008300043,11220,5520,4TH,AVE,3,830,43,A,0,,,
3008390008,11220,5605,4TH,AVE,3,839,8,A,0,,,
3008390006,11220,5609,4TH,AVE,3,839,6,A,0,,,
3008380037,11220,5610,4TH,AVE,3,838,37,A,0,,,
3008380039,11220,5614,4TH,AVE,3,838,39,A,0,,,
3008380041,11220,5618,4TH,AVE,3,838,41,A,0,,,
3008390001,11220,5623,4TH,AVE,3,839,1,B,0,,,401409 57TH ST
3008380044,11220,5624 TO 5626,4TH,AVE,3,838,44,A,0,,,375 57TH ST
3008470004,11220,5713,4TH,AVE,3,847,4,A,0,,,
3008470003,11220,5717,4TH,AVE,3,847,3,B,0,,,
3008470001,11220,5721,4TH,AVE,3,847,1,A,0,,,
3008630006,11220,5911,4TH,AVE,3,863,6,B,0,,,
3008630003,11220,5921,4TH,AVE,3,863,3,A,0,,,
3057820006,11220,6005,4TH,AVE,3,5782,6,A,0,,,
3057810036,11220,6006,4TH,AVE,3,5781,36,B,0,,,
3057810037,11220,6008,4TH,AVE,3,5781,37,A,0,,,
3057810038,11220,6012,4TH,AVE,3,5781,38,A,0,,,
3057810040,11220,6018,4TH,AVE,3,5781,40,A,0,,,
3058080036,11220,6310,4TH,AVE,3,5808,36,B,0,,,
3058080038,11220,6316,4TH,AVE,3,5808,38,B,0,,,
3007810075,11220,217,50TH,ST,3,781,75,A,0,,,
3007810074,11220,219,50TH,ST,3,781,74,A,0,,,
3007890038,11220,274 TO 284,50TH,ST,3,789,38,A,0,,,5002 3RD AVE
3007900012,11220,314,50TH,ST,3,790,12,A,0,,,
3007820056,11220,329,50TH,ST,3,782,56,A,0,,GARDEN COMPLEX,
3007920014,11220,528,50TH,ST,3,792,14,B,0,,,
3007920015,11220,530,50TH,ST,3,792,15,B,0,,,
3007920017,11220,538,50TH,ST,3,792,17,A,0,,,
3007840056,11220,549,50TH,ST,3,784,56,A,0,,,
3007920024,11220,558,50TH,ST,3,792,24,A,0,,,
3007840053,11220,559,50TH,ST,3,784,53,B,0,,,
3007840050,11220,567,50TH,ST,3,784,50,A,0,,GARDEN COMPLEX,
3007840049,11220,571,50TH,ST,3,784,49,A,0,,,
3007840047,11220,581,50TH,ST,3,784,47,A,0,,,4924 6TH AVE
3007930026,11220,662,50TH,ST,3,793,26,A,0,421-A (1-15),421-A (1-15),
3056370061,11220,839,50TH,ST,3,5637,61,B,0,,,
3056440025,11220,846,50TH,ST,3,5644,25,A,0,,GARDEN COMPLEX,
3056440027,11220,850,50TH,ST,3,5644,27,A,0,,,
3056440029,11220,856,50TH,ST,3,5644,29,A,0,,,
3056440031,11220,862,50TH,ST,3,5644,31,A,0,,,
3056440033,11220,868,50TH,ST,3,5644,33,A,0,,,
3007970020,11220,236,51ST,ST,3,797,20,A,0,,,
3007970021,11220,238,51ST,ST,3,797,21,A,0,,,
3007970022,11220,240,51ST,ST,3,797,22,A,0,,,
3007970023,11220,242,51ST,ST,3,797,23,A,0,,,
3007970029,11220,258,51ST,ST,3,797,29,A,0,,,
3007980017,11220,328 TO 330,51ST,ST,3,798,17,A,0,,,
3007910001,11220,403,51ST,ST,3,791,1,A,0,,,
3007990011,11220,414,51ST,ST,3,799,11,B,0,,ROOMING HOUSE,
3007990020,11220,442,51ST,ST,3,799,20,A,0,,,
3007990021,11220,444,51ST,ST,3,799,21,B,0,,,
3007990025,11220,448,51ST,ST,3,799,25,A,0,,,
3007920056,11220,523,51ST,ST,3,792,56,A,0,,,
3007920055,11220,527,51ST,ST,3,792,55,A,0,,,
3007920054,11220,529,51ST,ST,3,792,54,B,0,,,
3007920052,11220,535,51ST,ST,3,792,52,A,0,,GARDEN COMPLEX,
3007920051,11220,539,51ST,ST,3,792,51,B,0,,,
3007920048,11220,549,51ST,ST,3,792,48,A,0,,,
3007920047,11220,551 TO 555,51ST,ST,3,792,47,A,0,,,
3007930001,11220,605,51ST,ST,3,793,1,A,0,,,
3007930060,11220,613,51ST,ST,3,793,60,A,0,421-A (1-15),421-A (1-15),
3007930047,11220,649,51ST,ST,3,793,47,A,0,,,
3007930038,11220,683,51ST,ST,3,793,38,B,0,,,
3008020009,11220,708,51ST,ST,3,802,9,A,0,,,
3008020018,11220,728,51ST,ST,3,802,18,A,0,,ROOMING HOUSE,
3008020019,11220,730,51ST,ST,3,802,19,A,0,,GARDEN COMPLEX,
3008020020,11220,734,51ST,ST,3,802,20,A,0,421-A (1-15),GARDEN COMPLEX 421-A (1-15),
3007980001,11220,313,52ND,ST,3,798,1,A,0,,,
3008060012,11220,314,52ND,ST,3,806,12,A,0,,,
3007980063,11220,325,52ND,ST,3,798,63,A,0,,,
3008070024,11220,438,52ND,ST,3,807,24,A,0,,,
3007990051,11220,459,52ND,ST,3,799,51,B,0,,,
3007990050,11220,463,52ND,ST,3,799,50,A,0,,,
3007990047,11220,469,52ND,ST,3,799,47,B,0,,GARDEN COMPLEX,
3008080009,11220,506,52ND,ST,3,808,9,A,1,,NON-EVICT COOP/CONDO,
3008080013,11220,520,52ND,ST,3,808,13,A,0,,,
3008080025,11220,548,52ND,ST,3,808,25,A,0,,,
3008080037,11220,580,52ND,ST,3,808,37,B,0,,,
3008090008,11220,606,52ND,ST,3,809,8,A,0,,,5201 6TH AVE
3008020056,11220,753,52ND,ST,3,802,56,B,0,,,
3008020052,11220,765,52ND,ST,3,802,52,A,0,,,
3008020051,11220,769,52ND,ST,3,802,51,A,0,,,
3008020050,11220,771,52ND,ST,3,802,50,B,0,,,
3008100037,11220,772,52ND,ST,3,810,37,A,0,421-A (1-15),421-A (1-15),
3008107501,11220,774,52ND,ST,3,810,7501,B,1,421-A (1-15),421-A (1-15) NON-EVICT COOP/CONDO,
3056510068,11220,823,52ND,ST,3,5651,68,A,0,,,
3056510065,11220,831,52ND,ST,3,5651,65,B,0,,,
3056510064,11220,833,52ND,ST,3,5651,64,A,0,,,
3056517502,11220,837,52ND,ST,3,5651,7502,A,0,421-A (1-15),GARDEN COMPLEX 421-A (1-15),
3008130014,11220,218,53RD,ST,3,813,14,A,0,,,
3008130016,11220,222,53RD,ST,3,813,16,A,0,,,
3008130017,11220,224,53RD,ST,3,813,17,A,0,,,
3008130018,11220,228,53RD,ST,3,813,18,A,0,,,
3008130019,11220,230,53RD,ST,3,813,19,A,0,,,
3008140020,11220,334 TO 338,53RD,ST,3,814,20,A,0,,,
3008150013,11220,414,53RD,ST,3,815,13,A,0,,,
3008150029,11220,452,53RD,ST,3,815,29,B,0,,,
3008150031,11220,456,53RD,ST,3,815,31,B,0,,,
3008160009,11220,500,53RD,ST,3,816,9,A,0,,,
3008080071,11220,511 TO 515,53RD,ST,3,808,71,A,0,,,
3008080069,11220,517,53RD,ST,3,808,69,B,0,,,
3008090001,11220,607,53RD,ST,3,809,1,A,0,,GARDEN COMPLEX,5215 6TH AVE
3008170037,11220,680,53RD,ST,3,817,37,B,0,,,
3008100065,11220,737,53RD,ST,3,810,65,A,0,,,
3008180023,11220,738,53RD,ST,3,818,23,A,0,,,
3008180025,11220,742,53RD,ST,3,818,25,A,0,,,
3008210011,11220,214,54TH,ST,3,821,11,A,0,,,
3008210012,11220,218,54TH,ST,3,821,12,A,0,,,
3008210015,11220,226,54TH,ST,3,821,15,A,0,,,
3008210016,11220,230,54TH,ST,3,821,16,A,0,J-51,GARDEN COMPLEX J-51,
3008210018,11220,232,54TH,ST,3,821,18,A,0,,,
3008220016,11220,328,54TH,ST,3,822,16,A,0,,,
3008220017,11220,332,54TH,ST,3,822,17,A,0,,,
3008220018,11220,336,54TH,ST,3,822,18,A,0,,,
3008220019,11220,340,54TH,ST,3,822,19,A,0,,,
3008220021,11220,342,54TH,ST,3,822,21,A,0,,,
3008150064,11220,433,54TH,ST,3,815,64,A,0,,,
3008210072,11220,213,55TH,ST,3,821,72,A,0,,,
3008210071,11220,217,55TH,ST,3,821,71,A,0,,,
3008210069,11220,225,55TH,ST,3,821,69,A,0,,,
3008210068,11220,227,55TH,ST,3,821,68,A,0,,,
3008290020,11220,246,55TH,ST,3,829,20,A,0,,,
3008210054,11220,259,55TH,ST,3,821,54,A,0,,,
3008210047,11220,275,55TH,ST,3,821,47,B,0,,,5424 3RD AVE
3008300030,11220,356,55TH,ST,3,830,30,A,0,,,
3008300033,11220,364,55TH,ST,3,830,33,A,0,,,
3008300035,11220,378,55TH,ST,3,830,35,A,0,,,
3008320008,11220,508,55TH,ST,3,832,8,B,0,,,
3008327501,11220,546,55TH,ST,3,832,7501,A,1,,NON-EVICT COOP/CONDO,
3008320027,11220,550,55TH,ST,3,832,27,A,0,,,
3008250001,11220,607,55TH,ST,3,825,1,B,0,,,
3008260074,11220,715,55TH,ST,3,826,74,A,0,,,
3008260072,11220,719,55TH,ST,3,826,72,A,0,,,
3008260058,11220,751,55TH,ST,3,826,58,A,0,,,
3008260057,11220,753,55TH,ST,3,826,57,A,0,,,
3008267502,11220,757,55TH,ST,3,826,7502,A,0,421-A (1-15),421-A (1-15),
3008267503,11220,761 TO 763,55TH,ST,3,826,7503,A,0,421-A (1-15),421-A (1-15),
3008290001,11220,221,56TH,ST,3,829,1,A,0,,GARDEN COMPLEX,
3008290065,11220,225,56TH,ST,3,829,65,A,0,,,
3008290064,11220,227,56TH,ST,3,829,64,A,0,,,
3008290061,11220,233,56TH,ST,3,829,61,A,0,J-51,GARDEN COMPLEX J-51,
3008290047,11220,265,56TH,ST,3,829,47,A,0,,,
3008370038,11220,276,56TH,ST,3,837,38,B,0,,,
3008400010,11220,306 TO 506,56TH,ST,3,840,10,B,0,J-51,GARDEN COMPLEX J-51,
3008300058,11220,341,56TH,ST,3,830,58,B,0,,,
3008300057,11220,343,56TH,ST,3,830,57,A,0,,,
3008300056,11220,347,56TH,ST,3,830,56,A,0,,,
3008380035,11220,374,56TH,ST,3,838,35,A,0,,,
3008300045,11220,375,56TH,ST,3,830,45,A,0,,,5524 4TH AVE
3008390010,11220,402,56TH,ST,3,839,10,A,0,,,
3008310047,11220,479,56TH,ST,3,831,47,B,0,,,
3008320001,11220,503,56TH,ST,3,832,1,A,0,,,
3008320070,11220,519,56TH,ST,3,832,70,A,0,,,
3008320069,11220,521,56TH,ST,3,832,69,A,0,,,
3008320067,11220,525,56TH,ST,3,832,67,A,0,,,
3008320066,11220,529,56TH,ST,3,832,66,A,0,,,
3008320065,11220,531,56TH,ST,3,832,65,A,0,,,
3008320064,11220,535,56TH,ST,3,832,64,A,0,,,
3008320063,11220,537,56TH,ST,3,832,63,B,0,,GARDEN COMPLEX,
3008400027,11220,552,56TH,ST,3,840,27,A,0,,,
3008400031,11220,560,56TH,ST,3,840,31,A,0,,,
3008400032,11220,564,56TH,ST,3,840,32,A,0,,,
3008320051,11220,565,56TH,ST,3,832,51,A,0,,,
3008400034,11220,566,56TH,ST,3,840,34,A,0,,,
3008320050,11220,567,56TH,ST,3,832,50,A,0,,,
3008410010,11220,606,56TH,ST,3,841,10,A,0,,,
3008330069,11220,617,56TH,ST,3,833,69,B,0,,,
3008330068,11220,619,56TH,ST,3,833,68,B,0,,,
3008330067,11220,623,56TH,ST,3,833,67,A,0,,,
3008330066,11220,625,56TH,ST,3,833,66,B,0,,,
3008330065,11220,629,56TH,ST,3,833,65,A,0,,,
3008330064,11220,631,56TH,ST,3,833,64,A,0,,,
3008330063,11220,635,56TH,ST,3,833,63,A,0,,,
3008330062,11220,637,56TH,ST,3,833,62,A,0,,,
3008330061,11220,641,56TH,ST,3,833,61,A,0,,,
3008330057,11220,653,56TH,ST,3,833,57,A,0,,,
3008330056,11220,655,56TH,ST,3,833,56,A,0,,GARDEN COMPLEX,
3008330055,11220,659,56TH,ST,3,833,55,A,0,,,
3008330054,11220,661,56TH,ST,3,833,54,A,0,,,
3008410033,11220,664 TO 666,56TH,ST,3,841,33,A,0,,,
3008420012,11220,714 TO 716,56TH,ST,3,842,12,A,0,,,
3056860011,11220,814,56TH,ST,3,5686,11,A,0,,,
3056790068,11220,831,56TH,ST,3,5679,68,A,0,,ROOMING HOUSE,
3056790067,11220,833,56TH,ST,3,5679,67,A,0,421-A (16),421-A (16),
3056860031,11220,860,56TH,ST,3,5686,31,A,0,,,
3056860032,11220,862,56TH,ST,3,5686,32,A,0,,,
3008450023,11220,244,57TH,ST,3,845,23,A,0,,,
3008450024,11220,248,57TH,ST,3,845,24,B,0,,,
3008370054,11220,257,57TH,ST,3,837,54,A,0,421-A (1-15),EXPIRED 421-A (1-15),
3008450031,11220,262,57TH,ST,3,845,31,A,0,,,
3008450032,11220,264,57TH,ST,3,845,32,A,0,,,
3008370045,11220,275,57TH,ST,3,837,45,A,0,,,
3008460011,11220,316 TO 318,57TH,ST,3,846,11,A,0,,,
3008390071,11220,413,57TH,ST,3,839,71,A,0,421-A (1-15),421-A (1-15),
3008390066,11220,423,57TH,ST,3,839,66,B,0,,,
3008390064,11220,427,57TH,ST,3,839,64,A,0,,,
3008390062,11220,433,57TH,ST,3,839,62,A,0,,,
3008410001,11220,605,57TH,ST,3,841,1,A,0,,,
3008500019,11220,728,57TH,ST,3,850,19,A,0,,,
3008500034,11220,764,57TH,ST,3,850,34,A,0,,,
3008500035,11220,768,57TH,ST,3,850,35,A,0,,,
3008500037,11220,772,57TH,ST,3,850,37,A,0,,,
3008500137,11220,774,57TH,ST,3,850,137,A,0,,,
3056930011,11220,814,57TH,ST,3,5693,11,A,0,,,
3056860073,11220,815,57TH,ST,3,5686,73,A,0,,,
3056860068,11220,825,57TH,ST,3,5686,68,A,0,,,
3056860060,11220,847,57TH,ST,3,5686,60,A,0,,,
3008450058,11220,241,58TH,ST,3,845,58,A,0,,,
3008450057,11220,243,58TH,ST,3,845,57,A,0,,,
3008450056,11220,247,58TH,ST,3,845,56,A,0,,,
3008460068,11220,313,58TH,ST,3,846,68,A,0,,,
3008540012,11220,314,58TH,ST,3,854,12,A,0,,,
3008460067,11220,315,58TH,ST,3,846,67,A,0,,,
3008540013,11220,316,58TH,ST,3,854,13,A,0,,,
3008460065,11220,317,58TH,ST,3,846,65,A,0,,ROOMING HOUSE,
3008540015,11220,322,58TH,ST,3,854,15,A,0,,,
3008540016,11220,324,58TH,ST,3,854,16,A,0,,,
3008540018,11220,328,58TH,ST,3,854,18,A,0,421-A (1-15),421-A (1-15),
3008540020,11220,334,58TH,ST,3,854,20,A,0,,,
3008460054,11220,347,58TH,ST,3,846,54,B,0,,ROOMING HOUSE,
3008460053,11220,349,58TH,ST,3,846,53,A,0,,,
3008460052,11220,353,58TH,ST,3,846,52,A,0,,,
3008460051,11220,355,58TH,ST,3,846,51,A,0,,ROOMING HOUSE,
3008460049,11220,359,58TH,ST,3,846,49,A,0,,GARDEN COMPLEX,
3008460047,11220,361,58TH,ST,3,846,47,A,0,,,
3008540034,11220,364 TO 366,58TH,ST,3,854,34,A,0,,,
3008460046,11220,365,58TH,ST,3,846,46,A,0,,,
3008480001,11220,501 TO 511,58TH,ST,3,848,1,A,0,,,
3008560008,11220,502 TO 510,58TH,ST,3,856,8,A,0,,,
3008480050,11220,559,58TH,ST,3,848,50,A,0,,GARDEN COMPLEX,
3008480049,11220,569,58TH,ST,3,848,49,A,0,,,
3008480047,11220,571,58TH,ST,3,848,47,A,0,,,
3008500071,11220,719,58TH,ST,3,850,71,A,0,,,
3008500070,11220,723,58TH,ST,3,850,70,A,0,421-A (1-15),421-A (1-15),
3008580037,11220,774,58TH,ST,3,858,37,B,0,,,
3056930072,11220,803,58TH,ST,3,5693,72,A,0,,,
3056930049,11220,869,58TH,ST,3,5693,49,A,0,,,
3008540064,11220,327,59TH,ST,3,854,64,A,0,,,
3008540063,11220,329,59TH,ST,3,854,63,A,0,,,
3008540050,11220,361,59TH,ST,3,854,50,A,0,,,
3008540049,11220,363,59TH,ST,3,854,49,A,0,,,
3008630010,11220,408,59TH,ST,3,863,10,A,0,,,
3008560045,11220,573 TO 583,59TH,ST,3,856,45,A,0,,,
3008580001,11220,705,59TH,ST,3,858,1,A,0,,,
3008580073,11220,715,59TH,ST,3,858,73,A,0,,GARDEN COMPLEX,
3008580071,11220,717,59TH,ST,3,858,71,A,0,,,
3008660014,11220,718,59TH,ST,3,866,14,A,0,421-A (1-15),GARDEN COMPLEX 421-A (1-15),
3008580069,11220,723,59TH,ST,3,858,69,A,0,,,
3008580068,11220,727,59TH,ST,3,858,68,A,0,,,
3008580067,11220,729,59TH,ST,3,858,67,A,0,,,
3008580066,11220,731,59TH,ST,3,858,66,A,0,,GARDEN COMPLEX,
3008660021,11220,734,59TH,ST,3,866,21,A,0,,,
3008660022,11220,736,59TH,ST,3,866,22,A,0,,,
3008660023,11220,738,59TH,ST,3,866,23,A,0,,,
3008660024,11220,740,59TH,ST,3,866,24,A,0,,,
3008660025,11220,742,59TH,ST,3,866,25,B,0,,,
3008660026,11220,746,59TH,ST,3,866,26,A,0,,,
3008660027,11220,748,59TH,ST,3,866,27,A,0,,,
3008580049,11220,769,59TH,ST,3,858,49,A,0,,,
3057000064,11220,833,59TH,ST,3,5700,64,A,0,,421AN/A,
3057070033,11220,864,59TH,ST,3,5707,33,A,0,421-A (1-15),ROOMING HOUSE 421-A (1-15),
3057070036,11220,880,59TH,ST,3,5707,36,A,0,,,
3007390008,11220,4403,5TH,AVE,3,739,8,A,0,,,
3007390007,11220,4405,5TH,AVE,3,739,7,A,0,,,
3007390006,11220,4409,5TH,AVE,3,739,6,A,0,,,
3007390005,11220,4411,5TH,AVE,3,739,5,B,0,,,
3007390004,11220,4413,5TH,AVE,3,739,4,A,0,,,
3007390002,11220,4421 TO 4423,5TH,AVE,3,739,2,A,0,,,
3007560039,11220,4606,5TH,AVE,3,756,39,A,0,,,
3007560040,11220,4608,5TH,AVE,3,756,40,A,0,,,
3007560041,11220,4612,5TH,AVE,3,756,41,A,0,,,
3007570001,11220,4623,5TH,AVE,3,757,1,A,0,421-A (16),GARDEN COMPLEX 421-A (16),
3007750007,11220,4807,5TH,AVE,3,775,7,A,0,,,
3007750006,11220,4809,5TH,AVE,3,775,6,B,0,,,
3007740043,11220,4818,5TH,AVE,3,774,43,B,0,,,
3007740046,11220,4824,5TH,AVE,3,774,46,A,0,,,481 49TH ST
3007840009,11220,4901,5TH,AVE,3,784,9,A,0,,,
3007840006,11220,4909,5TH,AVE,3,784,6,A,0,,,
3007840004,11220,4913,5TH,AVE,3,784,4,A,0,,,
3008000009,11220,5103,5TH,AVE,3,800,9,A,0,,,506 51ST ST
3008080007,11220,5205,5TH,AVE,3,808,7,A,0,,,
3008080005,11220,5211,5TH,AVE,3,808,5,A,0,,,
3008080003,11220,5217,5TH,AVE,3,808,3,A,0,,,
3008080002,11220,5219,5TH,AVE,3,808,2,A,0,,,
3008080001,11220,5223,5TH,AVE,3,808,1,A,0,,,501509 53RD ST
3008160007,11220,5305,5TH,AVE,3,816,7,A,0,,,
3008320004,11220,5513,5TH,AVE,3,832,4,A,0,,,
3008320003,11220,5517,5TH,AVE,3,832,3,A,0,,,
3008320002,11220,5519,5TH,AVE,3,832,2,A,0,,,
3008390045,11220,5624,5TH,AVE,3,839,45,A,0,,,475 57TH ST
3008480006,11220,5705 TO 5707,5TH,AVE,3,848,6,A,0,,,
3008480005,11220,5709,5TH,AVE,3,848,5,A,0,,,
3008480004,11220,5713 TO 5715,5TH,AVE,3,848,4,A,0,,,
3008470044,11220,5724,5TH,AVE,3,847,44,B,0,,,
3008560002,11220,5821 TO 5823,5TH,AVE,3,856,2,B,0,,,
3008630040,11220,5904 TO 5906,5TH,AVE,3,863,40,A,0,,,
3008630042,11220,5908 TO 5910,5TH,AVE,3,863,42,A,0,,,
3008630043,11220,5914,5TH,AVE,3,863,43,A,0,,,
3008630044,11220,5918,5TH,AVE,3,863,44,A,0,,GARDEN COMPLEX,
3008630047,11220,5920,5TH,AVE,3,863,47,A,0,,,
3008630048,11220,5924,5TH,AVE,3,863,48,A,0,,,479 60TH ST
3057820041,11220,6022,5TH,AVE,3,5782,41,A,0,,,
3057820042,11220,6024,5TH,AVE,3,5782,42,B,0,,,479 61ST ST
3057910047,11220,6124,5TH,AVE,3,5791,47,A,0,,,479 62ND ST
3058560021,11220,6701,5TH,AVE,3,5856,21,A,0,,,
3008610061,11220,241,60TH,ST,3,861,61,A,0,,,
3008610059,11220,247,60TH,ST,3,861,59,A,0,,,
3057800027,11220,248,60TH,ST,3,5780,27,A,0,,,
3008610058,11220,249,60TH,ST,3,861,58,A,0,,,
3057800029,11220,254,60TH,ST,3,5780,29,B,0,,,
3057800030,11220,256,60TH,ST,3,5780,30,B,0,,,
3008610055,11220,257,60TH,ST,3,861,55,A,0,,,
3008610054,11220,259,60TH,ST,3,861,54,B,0,,,
3008610053,11220,261,60TH,ST,3,861,53,A,0,,,
3008610050,11220,269,60TH,ST,3,861,50,A,0,,,
3057800036,11220,270,60TH,ST,3,5780,36,A,0,,,
3008610049,11220,271,60TH,ST,3,861,49,A,0,,,
3057810030,11220,360,60TH,ST,3,5781,30,A,0,,,
3057810032,11220,368,60TH,ST,3,5781,32,A,0,,,
3008630001,11220,405,60TH,ST,3,863,1,A,0,,GARDEN COMPLEX,
3057820020,11220,438,60TH,ST,3,5782,20,A,0,,,
3057820023,11220,446,60TH,ST,3,5782,23,A,0,,,
3057820024,11220,448,60TH,ST,3,5782,24,A,0,,,
3057820025,11220,450,60TH,ST,3,5782,25,B,0,,,
3057820026,11220,452,60TH,ST,3,5782,26,A,1,,COOP/CONDO PLAN FILE,
3057820031,11220,464,60TH,ST,3,5782,31,B,0,,,
3057820032,11220,468,60TH,ST,3,5782,32,B,0,,,
3057820033,11220,472,60TH,ST,3,5782,33,A,0,,GARDEN COMPLEX,
3057820034,11220,474,60TH,ST,3,5782,34,B,0,,,
3057820036,11220,480,60TH,ST,3,5782,36,A,0,,,
3057820037,11220,484,60TH,ST,3,5782,37,B,0,,,
3057830031,11220,556,60TH,ST,3,5783,31,A,0,,,
3057840017,11220,626,60TH,ST,3,5784,17,A,0,,,
3057840018,11220,628,60TH,ST,3,5784,18,A,0,,ROOMING HOUSE,
3008660001,11220,705,60TH,ST,3,866,1,A,0,,,
3008660077,11220,711,60TH,ST,3,866,77,A,0,,,
3057850011,11220,714,60TH,ST,3,5785,11,A,0,,,
3008660075,11220,715,60TH,ST,3,866,75,A,0,,,
3008660074,11220,717,60TH,ST,3,866,74,B,0,,,
3008660073,11220,721,60TH,ST,3,866,73,A,0,,,
3008660071,11220,723 TO 725,60TH,ST,3,866,71,A,0,,GARDEN COMPLEX,
3057850014,11220,724,60TH,ST,3,5785,14,A,0,,,
3057850015,11220,726,60TH,ST,3,5785,15,A,0,,,
3057850017,11220,732,60TH,ST,3,5785,17,A,0,,,
3057850018,11220,736,60TH,ST,3,5785,18,A,0,,,
3057850020,11220,742,60TH,ST,3,5785,20,B,0,,,
3057850021,11220,744,60TH,ST,3,5785,21,A,0,,,
3057850022,11220,748,60TH,ST,3,5785,22,B,0,,,
3057850023,11220,752 TO 760,60TH,ST,3,5785,23,A,0,,,
3057850028,11220,762 TO 770,60TH,ST,3,5785,28,A,0,,GARDEN COMPLEX,
3057850033,11220,776,60TH,ST,3,5785,33,A,0,,,
3057070071,11220,819,60TH,ST,3,5707,71,A,0,,,
3057070070,11220,823,60TH,ST,3,5707,70,A,0,,,
3057077504,11220,827,60TH,ST,3,5707,7504,B,0,,,
3057077503,11220,829,60TH,ST,3,5707,7503,A,0,,,
3057070062,11220,837,60TH,ST,3,5707,62,A,0,,,
3057070059,11220,843,60TH,ST,3,5707,59,A,0,,,
3057140033,11220,864,60TH,ST,3,5714,33,A,0,,,
3057810062,11220,321,61ST,ST,3,5781,62,A,0,,,
3057900014,11220,322,61ST,ST,3,5790,14,A,0,,,
3057900015,11220,326,61ST,ST,3,5790,15,A,0,,,
3057900016,11220,328,61ST,ST,3,5790,16,A,0,,,
3057900017,11220,330,61ST,ST,3,5790,17,A,0,,GARDEN COMPLEX,
3057900018,11220,334,61ST,ST,3,5790,18,A,0,,,
3057900019,11220,336,61ST,ST,3,5790,19,B,0,,,
3057900021,11220,342,61ST,ST,3,5790,21,A,0,,GARDEN COMPLEX,
3057900022,11220,346,61ST,ST,3,5790,22,A,0,,,
3057900023,11220,348,61ST,ST,3,5790,23,B,0,,,
3057900024,11220,352,61ST,ST,3,5790,24,A,0,,,
3057900025,11220,354,61ST,ST,3,5790,25,A,0,,,
3057900027,11220,360,61ST,ST,3,5790,27,A,0,,,
3057900028,11220,364,61ST,ST,3,5790,28,A,0,,,
3057900029,11220,368,61ST,ST,3,5790,29,B,0,,,
3057810041,11220,375,61ST,ST,3,5781,41,A,0,,,
3057820001,11220,401,61ST,ST,3,5782,1,A,0,,GARDEN COMPLEX,
3057910007,11220,404,61ST,ST,3,5791,7,A,0,,,
3057910010,11220,410,61ST,ST,3,5791,10,A,0,,,
3057910015,11220,418,61ST,ST,3,5791,15,A,0,,,
3057910017,11220,422,61ST,ST,3,5791,17,A,0,,,
3057820062,11220,425,61ST,ST,3,5782,62,A,0,,,
3057910019,11220,426,61ST,ST,3,5791,19,A,0,,,
3057820059,11220,429,61ST,ST,3,5782,59,A,0,,,
3057910021,11220,430,61ST,ST,3,5791,21,A,0,,,
3057910024,11220,434,61ST,ST,3,5791,24,A,0,,,
3057820056,11220,437,61ST,ST,3,5782,56,A,0,,GARDEN COMPLEX,
3057910026,11220,438,61ST,ST,3,5791,26,A,0,,GARDEN COMPLEX,
3057910029,11220,442,61ST,ST,3,5791,29,A,0,,GARDEN COMPLEX,
3057820054,11220,445,61ST,ST,3,5782,54,A,0,,GARDEN COMPLEX,
3057910031,11220,446,61ST,ST,3,5791,31,A,0,,,
3057820052,11220,449,61ST,ST,3,5782,52,A,0,,GARDEN COMPLEX,
3057910034,11220,450,61ST,ST,3,5791,34,A,0,,,
3057820050,11220,455,61ST,ST,3,5782,50,A,0,,,
3057820048,11220,459,61ST,ST,3,5782,48,A,0,,,
3057820047,11220,463,61ST,ST,3,5782,47,A,0,,,
3057820046,11220,465,61ST,ST,3,5782,46,A,0,,,
3057830001,11220,503,61ST,ST,3,5783,1,A,0,,,6023 5TH AVE
3057830044,11220,579,61ST,ST,3,5783,44,A,0,,,
3057890054,11220,253,62ND,ST,3,5789,54,A,0,,,
3057890053,11220,255,62ND,ST,3,5789,53,A,0,,,
3057890052,11220,259,62ND,ST,3,5789,52,A,0,,,
3057890050,11220,265,62ND,ST,3,5789,50,A,0,,GARDEN COMPLEX,
3057890049,11220,267,62ND,ST,3,5789,49,B,0,,,
3057890048,11220,271,62ND,ST,3,5789,48,A,0,,,
3057890047,11220,273,62ND,ST,3,5789,47,A,0,,,
3057910001,11220,405,62ND,ST,3,5791,1,A,0,,GARDEN COMPLEX,
3057910073,11220,413,62ND,ST,3,5791,73,A,0,,,
3057920001,11220,505,62ND,ST,3,5792,1,A,0,,,
3057930051,11220,671,62ND,ST,3,5793,51,A,0,,,
3057280010,11220,806,62ND,ST,3,5728,10,A,0,,,
3057280012,11220,814,62ND,ST,3,5728,12,A,0,,,
3057280013,11220,816,62ND,ST,3,5728,13,B,0,,,
3057280014,11220,818,62ND,ST,3,5728,14,A,0,,,
3057990054,11220,339,63RD,ST,3,5799,54,A,0,,,
3057990053,11220,343,63RD,ST,3,5799,53,A,0,,,
3057990052,11220,345,63RD,ST,3,5799,52,A,0,,,
3057990051,11220,347,63RD,ST,3,5799,51,A,0,,,
3058080024,11220,350,63RD,ST,3,5808,24,A,0,,,
3057990050,11220,351,63RD,ST,3,5799,50,A,0,,,
3058080025,11220,352,63RD,ST,3,5808,25,A,0,,,
3057990049,11220,353,63RD,ST,3,5799,49,A,0,,,
3057990048,11220,355,63RD,ST,3,5799,48,A,0,,,
3058080026,11220,356,63RD,ST,3,5808,26,A,0,,,
3058080027,11220,358,63RD,ST,3,5808,27,A,0,,SECTION 610 OF PHFL,
3057990047,11220,359,63RD,ST,3,5799,47,A,0,,,
3057990046,11220,361,63RD,ST,3,5799,46,A,0,,,
3057990044,11220,363,63RD,ST,3,5799,44,B,0,,,
3058080029,11220,364,63RD,ST,3,5808,29,A,0,,,
3058080030,11220,368,63RD,ST,3,5808,30,A,0,,,
3058080034,11220,376,63RD,ST,3,5808,34,B,0,,,
3058100010,11220,502,63RD,ST,3,5810,10,A,0,,,
3058010001,11220,503,63RD,ST,3,5801,1,A,0,,,
3058080040,11220,375,64TH,ST,3,5808,40,B,0,,,
3058160070,11220,213,65TH,ST,3,5816,70,A,0,,,
3058160069,11220,217,65TH,ST,3,5816,69,A,0,,,
3058160068,11220,219,65TH,ST,3,5816,68,A,0,,,
3058160067,11220,223,65TH,ST,3,5816,67,A,0,,,
3058160066,11220,225,65TH,ST,3,5816,66,A,0,,,
3058160062,11220,237,65TH,ST,3,5816,62,A,0,,,
3057420071,11220,821,65TH,ST,3,5742,71,B,0,,,
3058490030,11220,260,67TH,ST,3,5849,30,A,0,,,
3058490035,11220,272,67TH,ST,3,5849,35,B,0,,ROOMING HOUSE,
3058500018,11220,318,67TH,ST,3,5850,18,B,0,,,
3058510040,11220,484,67TH,ST,3,5851,40,A,0,,,
3058560037,11220,546,67TH,ST,3,5856,37,A,0,421-A (1-15),421-A (1-15),
3058570009,11220,610,67TH,ST,3,5857,9,A,0,,,
3058570010,11220,612,67TH,ST,3,5857,10,B,0,,,
3058570011,11220,614,67TH,ST,3,5857,11,A,0,,,
3058570012,11220,616,67TH,ST,3,5857,12,A,0,,,
3058570013,11220,618,67TH,ST,3,5857,13,A,0,,,
3058520057,11220,157,68TH,ST,3,5852,57,A,0,,,
3058520055,11220,161,68TH,ST,3,5852,55,A,0,,,
3058620028,11220,244,68TH,ST,3,5862,28,A,0,,,
3058620039,11220,268,68TH,ST,3,5862,39,A,0,,,
3058620040,11220,270,68TH,ST,3,5862,40,A,0,,,
3058620041,11220,272,68TH,ST,3,5862,41,A,0,,,
3058620042,11220,274,68TH,ST,3,5862,42,A,0,,,
3058637501,11220,308,68TH,ST,3,5863,7501,A,0,J-51,J-51,
3058630012,11220,312,68TH,ST,3,5863,12,A,0,,,
3058540072,11220,315,68TH,ST,3,5854,72,A,0,,,
3058630014,11220,316,68TH,ST,3,5863,14,A,0,,,
3058540071,11220,319,68TH,ST,3,5854,71,A,0,,,
3058540070,11220,321 TO 323,68TH,ST,3,5854,70,A,0,,,
3058540069,11220,325,68TH,ST,3,5854,69,A,0,,,
3058540068,11220,329,68TH,ST,3,5854,68,A,0,,,
3058540065,11220,335,68TH,ST,3,5854,65,A,0,,,
3058550180,11220,413,68TH,ST,3,5855,180,A,0,,,
3058640013,11220,416,68TH,ST,3,5864,13,A,0,,,
3058550079,11220,419,68TH,ST,3,5855,79,A,0,,,
3058550078,11220,421,68TH,ST,3,5855,78,A,0,,,
3058640017,11220,426,68TH,ST,3,5864,17,A,0,,,
3058550076,11220,427,68TH,ST,3,5855,76,A,0,,,
3058640018,11220,428,68TH,ST,3,5864,18,A,0,,,
3058640019,11220,430,68TH,ST,3,5864,19,A,0,,,
3058550075,11220,431,68TH,ST,3,5855,75,A,0,,,
3058640021,11220,434,68TH,ST,3,5864,21,A,0,,,
3058550073,11220,437,68TH,ST,3,5855,73,A,0,,,
3058640022,11220,438,68TH,ST,3,5864,22,A,0,,,
3058640023,11220,440,68TH,ST,3,5864,23,A,0,421-A (1-15),421-A (1-15),
3058550071,11220,441,68TH,ST,3,5855,71,A,0,,,
3058550070,11220,443,68TH,ST,3,5855,70,A,0,,,
3058640026,11220,446,68TH,ST,3,5864,26,A,0,,,
3058640027,11220,448,68TH,ST,3,5864,27,A,0,,,
3058550069,11220,449,68TH,ST,3,5855,69,A,0,,,
3058550068,11220,451,68TH,ST,3,5855,68,A,0,,GARDEN COMPLEX,
3058640028,11220,452,68TH,ST,3,5864,28,A,0,,,
3058550067,11220,453,68TH,ST,3,5855,67,A,0,,ROOMING HOUSE,
3058640029,11220,454,68TH,ST,3,5864,29,A,0,,,
3058550066,11220,457,68TH,ST,3,5855,66,B,0,,,
3058640030,11220,458,68TH,ST,3,5864,30,A,0,,,
3058550057,11220,459,68TH,ST,3,5855,57,A,0,,,
3058550056,11220,461,68TH,ST,3,5855,56,A,0,,,
3058640032,11220,464,68TH,ST,3,5864,32,A,0,,,
3058550055,11220,465,68TH,ST,3,5855,55,A,0,,,
3058550054,11220,467,68TH,ST,3,5855,54,A,0,,,
3058640034,11220,470,68TH,ST,3,5864,34,A,0,,,
3058640035,11220,474,68TH,ST,3,5864,35,B,0,,,
3058580040,11220,743,68TH,ST,3,5858,40,A,0,,,
3057630001,11220,805,68TH,ST,3,5763,1,A,0,,GARDEN COMPLEX,
3057700023,11220,840,68TH,ST,3,5770,23,A,0,,,
3057700025,11220,844,68TH,ST,3,5770,25,A,0,,GARDEN COMPLEX,
3057700028,11220,850,68TH,ST,3,5770,28,B,0,,,
3057700029,11220,854,68TH,ST,3,5770,29,A,0,,,
3057700036,11220,880,68TH,ST,3,5770,36,A,1,,NON-EVICT COOP/CONDO,
3058640071,11220,431,69TH,ST,3,5864,71,A,0,,,431 BAY RIDGE AVE
3057700062,11220,839,69TH,ST,3,5770,62,A,0,,,
3058770023,11220,844,69TH,ST,3,5877,23,A,0,,,844 BAY RIDGE AVE
3057700057,11220,853,69TH,ST,3,5770,57,A,0,,,853 BAY RIDGE AVE
3007580001,11220,4623,6TH,AVE,3,758,1,A,0,,,
3007840038,11220,4902,6TH,AVE,3,784,38,A,0,,,574 49TH ST
3007840039,11220,4906,6TH,AVE,3,784,39,A,0,,,
3007840041,11220,4910,6TH,AVE,3,784,41,A,0,,GARDEN COMPLEX,
3007840043,11220,4916,6TH,AVE,3,784,43,A,0,,GARDEN COMPLEX,
3007840045,11220,4920,6TH,AVE,3,784,45,A,0,,,
3008000041,11220,5108,6TH,AVE,3,800,41,A,0,,,
3008090007,11220,5203,6TH,AVE,3,809,7,A,0,,,
3008090006,11220,5205,6TH,AVE,3,809,6,A,0,,,
3008080038,11220,5206,6TH,AVE,3,808,38,A,0,,16,
3008090005,11220,5207,6TH,AVE,3,809,5,A,0,,,
3008090004,11220,5209,6TH,AVE,3,809,4,A,0,,,
3008170005,11220,5301,6TH,AVE,3,817,5,A,0,,,602 53RD ST
3008160037,11220,5302,6TH,AVE,3,816,37,A,0,,,
3008160042,11220,5314 TO 5324,6TH,AVE,3,816,42,A,0,,,583 54TH ST
3008170001,11220,5319 TO 5323,6TH,AVE,3,817,1,A,0,,,601 54TH ST
3008320038,11220,5502,6TH,AVE,3,832,38,A,0,,,
3008410009,11220,5605,6TH,AVE,3,841,9,A,0,,,
3008410008,11220,5607,6TH,AVE,3,841,8,B,0,,,
3008400040,11220,5608,6TH,AVE,3,840,40,B,0,,,
3008410006,11220,5611,6TH,AVE,3,841,6,A,0,,GARDEN COMPLEX,
3008400041,11220,5612,6TH,AVE,3,840,41,A,0,,,
3008410004,11220,5613,6TH,AVE,3,841,4,A,0,,GARDEN COMPLEX,
3008400042,11220,5614,6TH,AVE,3,840,42,B,0,,,
3008410003,11220,5617,6TH,AVE,3,841,3,B,0,,,
3008410002,11220,5619,6TH,AVE,3,841,2,A,0,,,
3008400045,11220,5622 TO 5624,6TH,AVE,3,840,45,A,0,,,
3058570008,11220,6701,6TH,AVE,3,5857,8,A,0,,,
3058570107,11220,6713,6TH,AVE,3,5857,107,A,0,,,
3058660004,11220,6815,6TH,AVE,3,5866,4,A,0,,,
3058660003,11220,6817,6TH,AVE,3,5866,3,A,0,,,
3058660002,11220,6821,6TH,AVE,3,5866,2,A,0,,,
3007400041,11220,4402,7TH,AVE,3,740,41,A,0,,,
3007670043,11220,4714 TO 4724,7TH,AVE,3,767,43,A,0,,,679 48TH ST
3007760039,11220,4808,7TH,AVE,3,776,39,A,0,,,
3007760040,11220,4812,7TH,AVE,3,776,40,A,0,,,
3007760042,11220,4818,7TH,AVE,3,776,42,A,0,,,
3007760043,11220,4820,7TH,AVE,3,776,43,A,0,,,
3007850040,11220,4912,7TH,AVE,3,785,40,A,0,,,
3007850043,11220,4918,7TH,AVE,3,785,43,A,0,,,
3008010039,11220,5106,7TH,AVE,3,801,39,B,0,,,
3008020003,11220,5117,7TH,AVE,3,802,3,A,0,,,
3008187501,11220,5321,7TH,AVE,3,818,7501,A,0,,,
3008260002,11220,5413,7TH,AVE,3,826,2,A,0,,,
3008340003,11220,5517,7TH,AVE,3,834,3,A,0,,,
3008340002,11220,5519,7TH,AVE,3,834,2,A,0,,,
3008340001,11220,5523,7TH,AVE,3,834,1,A,0,,,
3008490038,11220,5706,7TH,AVE,3,849,38,A,0,,,
3008660009,11220,5903,7TH,AVE,3,866,9,B,0,,,
3008660006,11220,5909,7TH,AVE,3,866,6,A,0,,,
3008660005,11220,5911,7TH,AVE,3,866,5,A,0,,,
3057840044,11220,6016,7TH,AVE,3,5784,44,B,0,J-51,J-51,
3056370006,11220,4901,8TH,AVE,3,5637,6,A,0,,,
3007867501,11220,4914,8TH,AVE,3,786,7501,A,0,421-A (1-15),GARDEN COMPLEX 421-A (1-15),
3056370001,11220,4923,8TH,AVE,3,5637,1,A,0,,,
3056440002,11220,5021,8TH,AVE,3,5644,2,A,0,,,
3008100040,11220,5202,8TH,AVE,3,810,40,A,0,,,
3056580005,11220,5213,8TH,AVE,3,5658,5,A,0,421-A (1-15),421-A (1-15),
3008100049,11220,5224,8TH,AVE,3,810,49,B,0,,,
3057280009,11220,6203,8TH,AVE,3,5728,9,A,0,,GARDEN COMPLEX,
3057280007,11220,6209,8TH,AVE,3,5728,7,A,0,,,
3057280006,11220,6211,8TH,AVE,3,5728,6,B,0,,,
3057280005,11220,6213,8TH,AVE,3,5728,5,A,0,,,
3057280003,11220,6217,8TH,AVE,3,5728,3,A,1,,COOP/CONDO PLAN FILE,
3057630010,11220,6701,8TH,AVE,3,5763,10,B,0,,,
3057630007,11220,6709,8TH,AVE,3,5763,7,A,0,,,
3057630006,11220,6711,8TH,AVE,3,5763,6,A,0,,,
3057630005,11220,6713,8TH,AVE,3,5763,5,B,0,,,
3058580036,11220,6714,8TH,AVE,3,5858,36,A,0,,,
3057630004,11220,6715,8TH,AVE,3,5763,4,A,0,,,
3058580037,11220,6716,8TH,AVE,3,5858,37,A,0,,,
3057630003,11220,6717,8TH,AVE,3,5763,3,A,0,,,
3058580038,11220,6718,8TH,AVE,3,5858,38,A,0,,,
3057630002,11220,6721,8TH,AVE,3,5763,2,A,0,,,
3058580039,11220,6722,8TH,AVE,3,5858,39,A,0,,,
3007600036,11220,4600,9TH,AVE,3,760,36,A,0,,,
3056190001,11220,4613 TO 4623,9TH,AVE,3,5619,1,A,0,,,
3056860042,11220,5610,9TH,AVE,3,5686,42,A,0,,,
3058680009,11220,6 TO 8,BAY RIDGE,AVE,3,5868,9,A,0,421-A (1-15),421-A (1-15),
3058690030,11220,98,BAY RIDGE,AVE,3,5869,30,A,0,,,
3058690031,11220,100,BAY RIDGE,AVE,3,5869,31,A,0,,GARDEN COMPLEX,
3058690032,11220,102,BAY RIDGE,AVE,3,5869,32,A,0,,,
3058620055,11220,277,BAY RIDGE,AVE,3,5862,55,A,0,,,
3058630073,11220,315,BAY RIDGE,AVE,3,5863,73,A,0,,GARDEN COMPLEX,
3058720016,11220,318,BAY RIDGE,AVE,3,5872,16,A,0,,,
3058630071,11220,319 TO 321,BAY RIDGE,AVE,3,5863,71,A,0,,,
3058720017,11220,322,BAY RIDGE,AVE,3,5872,17,A,0,,,
3058720018,11220,324,BAY RIDGE,AVE,3,5872,18,A,0,,,
3058720019,11220,326,BAY RIDGE,AVE,3,5872,19,A,0,,,
3058630048,11220,377,BAY RIDGE,AVE,3,5863,48,A,0,,GARDEN COMPLEX,
3058640074,11220,421,BAY RIDGE,AVE,3,5864,74,A,0,,,421 69TH ST
3058640073,11220,423,BAY RIDGE,AVE,3,5864,73,A,0,,,
3058640072,11220,427,BAY RIDGE,AVE,3,5864,72,A,0,,,
3058640069,11220,437,BAY RIDGE,AVE,3,5864,69,A,0,,,437 69TH ST
3058730039,11220,474,BAY RIDGE,AVE,3,5873,39,B,0,,,
3058740018,11220,522,BAY RIDGE,AVE,3,5874,18,A,0,,,
3058740019,11220,524,BAY RIDGE,AVE,3,5874,19,A,0,,,
3058660001,11220,605,BAY RIDGE,AVE,3,5866,1,B,0,,,
3058660078,11220,615,BAY RIDGE,AVE,3,5866,78,A,0,,,
3058660077,11220,619,BAY RIDGE,AVE,3,5866,77,A,0,,,
3058660067,11220,643,BAY RIDGE,AVE,3,5866,67,A,0,,,643 69TH ST
3058660066,11220,645,BAY RIDGE,AVE,3,5866,66,A,0,,,
3058660065,11220,649,BAY RIDGE,AVE,3,5866,65,A,0,,,
3058770016,11220,826,BAY RIDGE,AVE,3,5877,16,A,0,,,
3058770017,11220,828,BAY RIDGE,AVE,3,5877,17,A,0,,,
3057700066,11220,829,BAY RIDGE,AVE,3,5770,66,A,0,,,
3057700065,11220,833,BAY RIDGE,AVE,3,5770,65,A,0,,,
3058770020,11220,834,BAY RIDGE,AVE,3,5877,20,B,0,,,
3057700063,11220,835,BAY RIDGE,AVE,3,5770,63,A,0,,,835 69TH ST
3058770022,11220,840,BAY RIDGE,AVE,3,5877,22,A,0,,GARDEN COMPLEX,840 69TH ST
3058770024,11220,846,BAY RIDGE,AVE,3,5877,24,A,0,,,
3057700059,11220,847,BAY RIDGE,AVE,3,5770,59,A,0,,,
3057700058,11220,851,BAY RIDGE,AVE,3,5770,58,A,0,,,851 69TH ST
3057700045,11220,877,BAY RIDGE,AVE,3,5770,45,A,1,,NON-EVICT COOP/CONDO,877 69TH ST
3058400013,11220,6647,BERGEN,PL,3,5840,13,A,0,,,
3058480006,11220,6701,COLONIAL,RD,3,5848,6,A,0,,,
3058610011,11220,6801,COLONIAL,RD,3,5861,11,A,0,,,
3058600120,11220,6824,COLONIAL,RD,3,5860,120,A,0,,,
3058590138,11220,68-23,OWLS HEAD,CT,3,5859,138,B,0,,,
3058590146,11220,6803,OWLS HEAD,CT,3,5859,146,A,0,,,
3058590051,11220,6804,OWLS HEAD,CT,3,5859,51,A,0,,,
3058590052,11220,6806,OWLS HEAD,CT,3,5859,52,A,0,,,
3058590144,11220,6809,OWLS HEAD,CT,3,5859,144,A,0,,,
3058590053,11220,6810,OWLS HEAD,CT,3,5859,53,A,0,,,
3058590143,11220,6811,OWLS HEAD,CT,3,5859,143,A,0,,,
3058590054,11220,6812,OWLS HEAD,CT,3,5859,54,A,0,,,
3058590142,11220,6813,OWLS HEAD,CT,3,5859,142,A,0,,,
3058590055,11220,6814,OWLS HEAD,CT,3,5859,55,A,0,,,
3058590141,11220,6815,OWLS HEAD,CT,3,5859,141,A,0,,,
3058590056,11220,6816,OWLS HEAD,CT,3,5859,56,A,0,,,
3058590140,11220,6817,OWLS HEAD,CT,3,5859,140,A,0,,,
3058590057,11220,6818,OWLS HEAD,CT,3,5859,57,A,0,,,
3058590058,11220,6820,OWLS HEAD,CT,3,5859,58,A,0,,,
3058590139,11220,6821,OWLS HEAD,CT,3,5859,139,A,0,,,
3058590059,11220,6824,OWLS HEAD,CT,3,5859,59,B,0,,,
3058410001,11220,6623 TO 6625,RIDGE,BLVD,3,5841,1,A,0,,,
3058530001,11220,6735,RIDGE,BLVD,3,5853,1,A,0,,,
3058610043,11220,6802,RIDGE,BLVD,3,5861,43,A,1,,COOP/CONDO PLAN FILE,
3058610053,11220,6820,RIDGE,BLVD,3,5861,53,A,0,,,
3058620004,11220,6823,RIDGE,BLVD,3,5862,4,A,0,,,
3058610057,11220,6830,RIDGE,BLVD,3,5861,57,A,0,,,
3058490067,11220,215,SENATOR,ST,3,5849,67,A,0,,,
3058490062,11220,231,SENATOR,ST,3,5849,62,A,0,,,
3058490060,11220,237,SENATOR,ST,3,5849,60,A,0,,,
3058490057,11220,243,SENATOR,ST,3,5849,57,A,0,,,
3058490056,11220,247,SENATOR,ST,3,5849,56,A,0,,,
3058490055,11220,249,SENATOR,ST,3,5849,55,A,0,,,
3058490053,11220,253,SENATOR,ST,3,5849,53,A,0,,,
3058490052,11220,255,SENATOR,ST,3,5849,52,A,0,,,
3058540010,11220,314,SENATOR,ST,3,5854,10,A,0,,,
3058540028,11220,354,SENATOR,ST,3,5854,28,A,0,,,
3058550016,11220,424,SENATOR,ST,3,5855,16,A,0,J-51,J-51,
3058510068,11220,427,SENATOR,ST,3,5851,68,A,0,,,
3058550018,11220,430,SENATOR,ST,3,5855,18,A,0,J-51,J-51,
3058550023,11220,440,SENATOR,ST,3,5855,23,A,0,,GARDEN COMPLEX,
3058550025,11220,446,SENATOR,ST,3,5855,25,A,0,,,
3058550028,11220,448,SENATOR,ST,3,5855,28,A,0,,,
3058550029,11220,450,SENATOR,ST,3,5855,29,A,0,,,
3032950031,11221,5,BLEECKER,ST,3,3295,31,A,0,,,
3033040007,11221,18A,BLEECKER,ST,3,3304,7,B,0,421-A (16),421-A (16),
3033050012,11221,48,BLEECKER,ST,3,3305,12,A,0,421-A (16),421-A (16),
3032960079,11221,55,BLEECKER,ST,3,3296,79,A,0,,,
3032960078,11221,57,BLEECKER,ST,3,3296,78,A,0,,GARDEN COMPLEX,
3033050019,11221,64,BLEECKER,ST,3,3305,19,A,0,,,
3033050022,11221,72,BLEECKER,ST,3,3305,22,A,0,,,
3032960066,11221,83,BLEECKER,ST,3,3296,66,A,0,,,
3033050031,11221,92,BLEECKER,ST,3,3305,31,A,0,,,
3032960061,11221,95,BLEECKER,ST,3,3296,61,A,0,,,
3033050033,11221,96,BLEECKER,ST,3,3305,33,A,0,421-A (1-15),421-A (1-15),
3032970051,11221,135,BLEECKER,ST,3,3297,51,A,0,,GARDEN COMPLEX,
3032970050,11221,137,BLEECKER,ST,3,3297,50,A,0,,,
3033060018,11221,142 TO 148,BLEECKER,ST,3,3306,18,A,0,421-A (16),GARDEN COMPLEX 421-A (16),
3032970047,11221,143,BLEECKER,ST,3,3297,47,A,0,J-51,J-51,
3032970044,11221,149,BLEECKER,ST,3,3297,44,B,0,,N/A GARDEN COMPLEX,
3033060019,11221,154,BLEECKER,ST,3,3306,19,A,0,,,
3032970042,11221,155,BLEECKER,ST,3,3297,42,A,0,,GARDEN COMPLEX,
3033060020,11221,156,BLEECKER,ST,3,3306,20,A,0,,,
3033060021,11221,158,BLEECKER,ST,3,3306,21,A,0,,,
3032970041,11221,159,BLEECKER,ST,3,3297,41,A,0,,,
3033060022,11221,160,BLEECKER,ST,3,3306,22,A,0,,GARDEN COMPLEX,
3032970040,11221,161,BLEECKER,ST,3,3297,40,A,0,,GARDEN COMPLEX,
3032970039,11221,163,BLEECKER,ST,3,3297,39,A,0,,,
3032970038,11221,165,BLEECKER,ST,3,3297,38,A,0,,,
3033060024,11221,166,BLEECKER,ST,3,3306,24,B,0,,,
3032970037,11221,169,BLEECKER,ST,3,3297,37,A,0,,,
3032970036,11221,171,BLEECKER,ST,3,3297,36,A,0,,,
3032970034,11221,173,BLEECKER,ST,3,3297,34,A,0,,,
3031947501,11221,1009 TO 1011,BROADWAY,,3,3194,7501,A,0,421-A (1-15),GARDEN COMPLEX 421-A (1-15),
3032040008,11221,1013,BROADWAY,,3,3204,8,A,0,,GARDEN COMPLEX,
3032040004,11221,1023 TO 1027,BROADWAY,,3,3204,4,A,0,,,
3016000006,11221,1076,BROADWAY,,3,1600,6,A,0,,,
3016000010,11221,1086,BROADWAY,,3,1600,10,A,0,421-A (16),GARDEN COMPLEX 421-A (16),
3032307501,11221,1101,BROADWAY,,3,3230,7501,A,0,421-A (1-15),GARDEN COMPLEX 421-A (1-15),
3032410078,11221,1119,BROADWAY,,3,3241,78,A,0,421-A (16),421-A (16),
3032527502,11221,1153,BROADWAY,,3,3252,7502,A,0,421-A (16),421-A (16),
3032637502,11221,1187 TO 1189,BROADWAY,,3,3263,7502,A,0,421-A (16),GARDEN COMPLEX 421-A (16),
3032630001,11221,1191,BROADWAY,,3,3263,1,A,0,J-51,J-51,1103 LAFAYETTE AVE
3032730005,11221,1207,BROADWAY,,3,3273,5,A,0,421-A (1-15),421-A (1-15),
3032830009,11221,1223,BROADWAY,,3,3283,9,A,0,421-A (1-15),421-A (1-15),
3032830008,11221,1225,BROADWAY,,3,3283,8,A,0,,GARDEN COMPLEX,
3032830005,11221,1235,BROADWAY,,3,3283,5,A,0,,,
3016230039,11221,1262,BROADWAY,,3,1623,39,A,0,421-A (1-15),421-A (1-15),887 LEXINGTON AVE
3033307501,11221,1359,BROADWAY,,3,3330,7501,A,0,421-A (1-15),421-A (1-15),
3014840015,11221,1438,BROADWAY,,3,1484,15,A,0,,SECTION 610 OF PHFL,
3014840021,11221,1446 TO 1448,BROADWAY,,3,1484,21,A,0,,,
3033800009,11221,1487,BROADWAY,,3,3380,9,A,0,,,2 CORNELIA ST
3033800004,11221,1499,BROADWAY,,3,3380,4,A,0,J-51,J-51,
3031837501,11221,651,BUSHWICK,AVE,3,3183,7501,A,0,421-A (16),GARDEN COMPLEX 421-A (16),
3031830010,11221,655,BUSHWICK,AVE,3,3183,10,A,0,,,
3031830009,11221,659,BUSHWICK,AVE,3,3183,9,A,0,,,
3031940024,11221,668,BUSHWICK,AVE,3,3194,24,A,0,421-A (16),421-A (16),
3032040024,11221,682,BUSHWICK,AVE,3,3204,24,A,0,421-A (1-15),421-A (1-15),
3032040030,11221,690,BUSHWICK,AVE,3,3204,30,A,0,421-A (16),GARDEN COMPLEX 421-A (16),
3032050001,11221,701,BUSHWICK,AVE,3,3205,1,A,0,,,
3032260004,11221,741,BUSHWICK,AVE,3,3226,4,A,0,,GARDEN COMPLEX,
3032260003,11221,743,BUSHWICK,AVE,3,3226,3,A,0,421-A (16),GARDEN COMPLEX 421-A (16),
3032310001,11221,757,BUSHWICK,AVE,3,3231,1,A,0,,GARDEN COMPLEX,
3032300019,11221,774,BUSHWICK,AVE,3,3230,19,A,0,421-A (1-15),421-A (1-15),
3032520030,11221,840,BUSHWICK,AVE,3,3252,30,A,0,,,
3032520031,11221,842,BUSHWICK,AVE,3,3252,31,A,0,,,
3032520032,11221,846,BUSHWICK,AVE,3,3252,32,A,0,,,
3032640010,11221,847,BUSHWICK,AVE,3,3264,10,A,0,,,
3032520033,11221,848,BUSHWICK,AVE,3,3252,33,A,0,,,
3032640009,11221,849,BUSHWICK,AVE,3,3264,9,B,0,,ROOMING HOUSE,
3032520034,11221,852,BUSHWICK,AVE,3,3252,34,A,0,,,
3032520035,11221,854,BUSHWICK,AVE,3,3252,35,A,0,,,
3032740101,11221,885 TO 889,BUSHWICK,AVE,3,3274,101,A,0,421-A (16),421-A (16),1 HARMAN ST
3032730035,11221,890 TO 894,BUSHWICK,AVE,3,3273,35,A,0,421-A (1-15),GARDEN COMPLEX 421-A (1-15),
3032840008,11221,893 TO 899,BUSHWICK,AVE,3,3284,8,A,0,,,
3032730038,11221,898,BUSHWICK,AVE,3,3273,38,A,0,421-A (16),421-A (16),
3032830035,11221,920,BUSHWICK,AVE,3,3283,35,B,0,,,
3032940014,11221,938,BUSHWICK,AVE,3,3294,14,A,0,421-A (16),421-A (16),
3032940016,11221,946,BUSHWICK,AVE,3,3294,16,B,0,,,
3032940037,11221,994,BUSHWICK,AVE,3,3294,37,A,0,,,
3032940039,11221,998,BUSHWICK,AVE,3,3294,39,A,0,,,
3033220001,11221,1001,BUSHWICK,AVE,3,3322,1,A,0,421-A (16),421-A (16),
3033300019,11221,1028,BUSHWICK,AVE,3,3330,19,A,0,,,
3033300025,11221,1040,BUSHWICK,AVE,3,3330,25,A,0,,,
3033570033,11221,1104,BUSHWICK,AVE,3,3357,33,A,0,,GARDEN COMPLEX,
3033660041,11221,1140,BUSHWICK,AVE,3,3366,41,A,0,,,
3033670003,11221,1141,BUSHWICK,AVE,3,3367,3,A,0,,,
3033660042,11221,1144,BUSHWICK,AVE,3,3366,42,A,0,J-51,GARDEN COMPLEX J-51,
3033880001,11221,1209 TO 1219,BUSHWICK,AVE,3,3388,1,A,0,,,
3033950008,11221,1223,BUSHWICK,AVE,3,3395,8,A,0,,GARDEN COMPLEX,
3033950006,11221,1225,BUSHWICK,AVE,3,3395,6,B,0,,,
3032260037,11221,15,CEDAR,ST,3,3226,37,A,0,421-A (16),421-A (16),
3032310012,11221,24,CEDAR,ST,3,3231,12,A,0,421-A (16),421-A (16),
3032270044,11221,69,CEDAR,ST,3,3227,44,A,0,,GARDEN COMPLEX,
3031840039,11221,142,CENTRAL,AVE,3,3184,39,A,0,,GARDEN COMPLEX ARTICLE 11,
3032440004,11221,201,CENTRAL,AVE,3,3244,4,B,0,421-A (1-15),421-A (1-15),
3032550007,11221,207,CENTRAL,AVE,3,3255,7,A,0,,,
3032550003,11221,215,CENTRAL,AVE,3,3255,3,A,0,,GARDEN COMPLEX,
3032650041,11221,244,CENTRAL,AVE,3,3265,41,A,0,,,
3033140049,11221,352,CENTRAL,AVE,3,3314,49,A,0,,,
3033230038,11221,362,CENTRAL,AVE,3,3323,38,A,0,J-51,J-51,
3033230040,11221,366,CENTRAL,AVE,3,3323,40,A,0,,,
3033680036,11221,462,CENTRAL,AVE,3,3368,36,A,0,J-51,J-51,
3033680038,11221,464,CENTRAL,AVE,3,3368,38,A,0,J-51,J-51,
3033830006,11221,471,CENTRAL,AVE,3,3383,6,A,0,,GARDEN COMPLEX,
3033830005,11221,473,CENTRAL,AVE,3,3383,5,A,0,,GARDEN COMPLEX,
3033750031,11221,474,CENTRAL,AVE,3,3375,31,A,0,J-51,J-51,
3033900007,11221,485,CENTRAL,AVE,3,3390,7,A,0,,,
3031830066,11221,14 TO 20,CHARLES,PL,3,3183,66,A,0,,,
3033740038,11221,105,CORNELIA,ST,3,3374,38,A,0,,GARDEN COMPLEX,
3033740037,11221,107,CORNELIA,ST,3,3374,37,A,0,,,
3033740036,11221,109,CORNELIA,ST,3,3374,36,A,0,,,
3033840012,11221,248,CORNELIA,ST,3,3384,12,A,0,,,
3033840013,11221,250,CORNELIA,ST,3,3384,13,A,0,,,
3033840014,11221,252,CORNELIA,ST,3,3384,14,A,0,,,
3033770059,11221,253,CORNELIA,ST,3,3377,59,A,0,421-A (1-15),421-A (1-15),
3033840015,11221,254,CORNELIA,ST,3,3384,15,A,0,,,
3033770058,11221,255,CORNELIA,ST,3,3377,58,A,0,421-A (1-15),421-A (1-15),
3033840016,11221,258,CORNELIA,ST,3,3384,16,A,0,,GARDEN COMPLEX,
3033840017,11221,260,CORNELIA,ST,3,3384,17,B,0,421-A (16),GARDEN COMPLEX 421-A (16),
3033840018,11221,262,CORNELIA,ST,3,3384,18,A,0,,,
3033840019,11221,264,CORNELIA,ST,3,3384,19,A,0,,,
3033770042,11221,287,CORNELIA,ST,3,3377,42,A,0,,,
3017760067,11221,781 TO 793,DEKALB,AVE,3,1776,67,A,0,421-A (1-15),421-A (1-15),
3017760063,11221,795,DEKALB,AVE,3,1776,63,A,0,J-51,J-51 SEC 608,
3017810034,11221,820,DEKALB,AVE,3,1781,34,A,0,421-A (1-15),421-A (1-15),
3017767504,11221,825,DEKALB,AVE,3,1776,7504,A,0,421-A (16),421-A (16),
3017810040,11221,832,DEKALB,AVE,3,1781,40,A,0,421-A (1-15),421-A (1-15),
3017820007,11221,836,DEKALB,AVE,3,1782,7,A,0,421-A (1-15),GARDEN COMPLEX 421-A (1-15),
3017770068,11221,843,DEKALB,AVE,3,1777,68,A,0,,,
3017770064,11221,851 TO 853,DEKALB,AVE,3,1777,64,B,0,,,
3017770062,11221,855 TO 859,DEKALB,AVE,3,1777,62,A,0,421-A (16),GARDEN COMPLEX 421-A (16),
3017820018,11221,860,DEKALB,AVE,3,1782,18,A,0,421-A (1-15),421A 421-A (1-15),
3017827502,11221,862,DEKALB,AVE,3,1782,7502,A,0,J-51,GARDEN COMPLEX J-51,
3017770058,11221,867 TO 869,DEKALB,AVE,3,1777,58,A,0,421-A (16),GARDEN COMPLEX 421-A (16),
3017770054,11221,875 TO 877,DEKALB,AVE,3,1777,54,A,0,421-A (16),GARDEN COMPLEX 421-A (16),
3017770052,11221,879,DEKALB,AVE,3,1777,52,A,0,,,
3017820027,11221,880,DEKALB,AVE,3,1782,27,A,0,421-A (1-15),421-A (1-15),
3017770044,11221,903,DEKALB,AVE,3,1777,44,A,0,421-A (16),421-A (16),
3016010004,11221,910,DEKALB,AVE,3,1601,4,A,0,,,
3017770040,11221,911,DEKALB,AVE,3,1777,40,B,0,J-51,GARDEN COMPLEX J-51,
3016010014,11221,922,DEKALB,AVE,3,1601,14,A,0,421-A (16),GARDEN COMPLEX 421-A (16),
3016010015,11221,924,DEKALB,AVE,3,1601,15,A,0,421-A (16),GARDEN COMPLEX 421-A (16),
3016010018,11221,930 TO 932,DEKALB,AVE,3,1601,18,A,0,,,
3016010020,11221,934,DEKALB,AVE,3,1601,20,A,0,,GARDEN COMPLEX,
3016010120,11221,936,DEKALB,AVE,3,1601,120,A,0,,GARDEN COMPLEX,
3016030010,11221,1032,DEKALB,AVE,3,1603,10,A,0,421-A (16),GARDEN COMPLEX 421-A (16),
3016030037,11221,1080,DEKALB,AVE,3,1603,37,B,0,J-51,GARDEN COMPLEX J-51,
3016030038,11221,1082,DEKALB,AVE,3,1603,38,A,0,,GARDEN COMPLEX,18 MALCOLM X BLVD
3015990050,11221,1087,DEKALB,AVE,3,1599,50,A,0,,,
3016040011,11221,1094,DEKALB,AVE,3,1604,11,A,0,,,
3016040013,11221,1098,DEKALB,AVE,3,1604,13,B,0,,GARDEN COMPLEX,
3016040019,11221,1110,DEKALB,AVE,3,1604,19,A,0,421-A (16),421-A (16),
3032300002,11221,1141 TO 1145,DEKALB,AVE,3,3230,2,A,0,421-A (1-15),421-A (1-15),
3032410011,11221,1150,DEKALB,AVE,3,3241,11,A,0,,,
3032410012,11221,1152,DEKALB,AVE,3,3241,12,A,0,,,
3032300024,11221,1181 TO 1187,DEKALB,AVE,3,3230,24,A,0,,,
3032310033,11221,1209,DEKALB,AVE,3,3231,33,A,0,421-A (1-15),421-A (1-15),
3032430015,11221,1248,DEKALB,AVE,3,3243,15,A,0,,,
3032320074,11221,1251,DEKALB,AVE,3,3232,74,A,0,,,
3032430017,11221,1252,DEKALB,AVE,3,3243,17,A,0,,,
3032430032,11221,1298,DEKALB,AVE,3,3243,32,A,0,,,
3032450015,11221,1342,DEKALB,AVE,3,3245,15,A,0,421-A (1-15),GARDEN COMPLEX 421-A (1-15),
3032340054,11221,1345,DEKALB,AVE,3,3234,54,A,0,,GARDEN COMPLEX,
3032450019,11221,1352,DEKALB,AVE,3,3245,19,A,0,421-A (1-15),GARDEN COMPLEX 421-A (1-15),
3032450020,11221,1356,DEKALB,AVE,3,3245,20,A,0,421-A (1-15),GARDEN COMPLEX 421-A (1-15),
3032450022,11221,1360,DEKALB,AVE,3,3245,22,A,0,,,
3032450023,11221,1362,DEKALB,AVE,3,3245,23,A,0,421-A (1-15),421-A (1-15),
3032340047,11221,1365,DEKALB,AVE,3,3234,47,A,0,,,
3032340046,11221,1367,DEKALB,AVE,3,3234,46,A,0,421-A (1-15),GARDEN COMPLEX 421-A (1-15),
3032340045,11221,1369,DEKALB,AVE,3,3234,45,A,0,421-A (1-15),GARDEN COMPLEX 421-A (1-15),
3032450027,11221,1376,DEKALB,AVE,3,3245,27,A,0,421-A (16),421-A (16),
3032450028,11221,1380,DEKALB,AVE,3,3245,28,A,0,,,
3031940021,11221,32,DITMARS,ST,3,3194,21,A,0,J-51,J-51,
3032290040,11221,13,DODWORTH,ST,3,3229,40,B,0,,,
3032300003,11221,18,DODWORTH,ST,3,3230,3,A,0,J-51,GARDEN COMPLEX J-51,
3031840004,11221,153,EVERGREEN,AVE,3,3184,4,A,0,J-51,J-51,
3031840003,11221,155,EVERGREEN,AVE,3,3184,3,A,0,,,
3031840002,11221,157,EVERGREEN,AVE,3,3184,2,A,0,,,
3031840001,11221,159,EVERGREEN,AVE,3,3184,1,A,0,,,
3032430003,11221,253,EVERGREEN,AVE,3,3243,3,A,0,421-A (16),421-A (16),
3032540008,11221,261,EVERGREEN,AVE,3,3254,8,A,0,,,
3032540007,11221,263,EVERGREEN,AVE,3,3254,7,A,0,421-A (16),421-A (16),
3032650007,11221,279,EVERGREEN,AVE,3,3265,7,A,0,,,
3032530027,11221,312,EVERGREEN,AVE,3,3253,27,A,0,,,
3032530028,11221,314,EVERGREEN,AVE,3,3253,28,A,0,421-A (16),GARDEN COMPLEX 421-A (16),
3032530029,11221,316,EVERGREEN,AVE,3,3253,29,A,0,421-A (16),GARDEN COMPLEX 421-A (16),
3032640030,11221,334,EVERGREEN,AVE,3,3264,30,A,0,421-A (16),421-A (16),
3032740002,11221,338 TO 356,EVERGREEN,AVE,3,3274,2,A,0,421-A (16),421-A (16),
3032840025,11221,368,EVERGREEN,AVE,3,3284,25,A,0,421-A (16),421-A (16),
3032840026,11221,370,EVERGREEN,AVE,3,3284,26,A,0,421-A (16),GARDEN COMPLEX 421-A (16),
3033040014,11221,412,EVERGREEN,AVE,3,3304,14,A,0,421-A (16),421-A (16),
3033220017,11221,436 TO 442,EVERGREEN,AVE,3,3322,17,A,0,J-51,J-51,
3033680007,11221,491 TO 493,EVERGREEN,AVE,3,3368,7,A,0,421-A (16),421-A (16),
3033687505,11221,503,EVERGREEN,AVE,3,3368,7505,A,0,,,11991207 PUTNAM AVE
3033490032,11221,522,EVERGREEN,AVE,3,3349,32,A,0,421-A (16),421-A (16),
3033740031,11221,564,EVERGREEN,AVE,3,3374,31,A,0,J-51,J-51,
3018150014,11221,540,GATES,AVE,3,1815,14,A,0,,GARDEN COMPLEX,
3018150015,11221,542,GATES,AVE,3,1815,15,A,0,J-51,J-51 SEC 608,
3018150017,11221,546,GATES,AVE,3,1815,17,A,0,J-51,J-51 SEC 608,
3018150019,11221,550,GATES,AVE,3,1815,19,A,0,,,
3018150021,11221,552,GATES,AVE,3,1815,21,A,0,,,
3018100078,11221,555,GATES,AVE,3,1810,78,A,0,,,
3018100076,11221,561,GATES,AVE,3,1810,76,A,0,J-51,J-51,
3018100075,11221,563,GATES,AVE,3,1810,75,A,0,,,
3018100073,11221,567,GATES,AVE,3,1810,73,A,0,J-51,J-51 SEC 608,
3018100064,11221,587,GATES,AVE,3,1810,64,A,0,J-51,J-51 SEC 608,
3018160001,11221,590 TO 598,GATES,AVE,3,1816,1,A,0,,ARTICLE 11,
3018100061,11221,593,GATES,AVE,3,1810,61,A,0,,GARDEN COMPLEX,
3018100056,11221,605,GATES,AVE,3,1810,56,A,0,,,
3018100054,11221,607,GATES,AVE,3,1810,54,A,0,,,
3018100052,11221,611,GATES,AVE,3,1810,52,A,0,,,
3018100051,11221,615,GATES,AVE,3,1810,51,A,0,J-51,J-51,
3018100050,11221,617,GATES,AVE,3,1810,50,A,0,J-51,J-51 SEC 608,
3018110070,11221,639 TO 659,GATES,AVE,3,1811,70,A,0,,GARDEN COMPLEX,
3016340001,11221,650 TO 660,GATES,AVE,3,1634,1,A,0,,ARTICLE 11,
3018110019,11221,671 TO 685,GATES,AVE,3,1811,19,A,0,,GARDEN COMPLEX,
3016290001,11221,701,GATES,AVE,3,1629,1,A,0,,ARTICLE 11,
3016300053,11221,819,GATES,AVE,3,1630,53,A,0,,GARDEN COMPLEX,
3016320074,11221,905,GATES,AVE,3,1632,74,A,0,,,
3016370032,11221,914,GATES,AVE,3,1637,32,A,0,,,
3016380006,11221,940 TO 950,GATES,AVE,3,1638,6,A,0,,,
3014800014,11221,1004,GATES,AVE,3,1480,14,A,0,J-51,J-51,
3014800023,11221,1020 TO 1026,GATES,AVE,3,1480,23,A,0,,,
3033300032,11221,1091 TO 1103,GATES,AVE,3,3330,32,A,0,,,
3033400001,11221,1152,GATES,AVE,3,3340,1,A,0,,GARDEN COMPLEX,
3033400002,11221,1154,GATES,AVE,3,3340,2,A,0,,,
3033400003,11221,1156,GATES,AVE,3,3340,3,A,0,J-51,J-51,
3033400004,11221,1158,GATES,AVE,3,3340,4,A,0,,,
3033310032,11221,1159,GATES,AVE,3,3331,32,A,0,,J51,
3033400005,11221,1160,GATES,AVE,3,3340,5,A,0,,,
3033310021,11221,1183,GATES,AVE,3,3331,21,A,0,421-A (16),421-A (16),
3033330054,11221,1299,GATES,AVE,3,3333,54,A,0,,GARDEN COMPLEX,
3033330053,11221,1301,GATES,AVE,3,3333,53,A,0,421-A (1-15),421-A (1-15),
3033420026,11221,1328,GATES,AVE,3,3342,26,A,0,,,
3033420127,11221,1332,GATES,AVE,3,3342,127,A,0,,,
3033330043,11221,1333,GATES,AVE,3,3333,43,A,0,,,
3033420128,11221,1334,GATES,AVE,3,3342,128,A,0,421-A (1-15),421-A (1-15),
3033330040,11221,1337,GATES,AVE,3,3333,40,A,0,421-A (16),421-A (16),
3033420129,11221,1338,GATES,AVE,3,3342,129,A,0,421-A (1-15),421-A (1-15),
3032930014,11221,10,GOODWIN,PL,3,3293,14,A,0,421-A (1-15),421-A (1-15),
3032930018,11221,18,GOODWIN,PL,3,3293,18,A,0,421-A (1-15),421-A (1-15),
3032930019,11221,22,GOODWIN,PL,3,3293,19,A,0,421-A (1-15),421-A (1-15),
3017950080,11221,609,GREENE,AVE,3,1795,80,A,0,,GARDEN COMPLEX SECTION 610 OF PHFL,
3017950074,11221,619,GREENE,AVE,3,1795,74,A,0,,GARDEN COMPLEX,
3018000020,11221,626A,GREENE,AVE,3,1800,20,A,0,421-A (1-15),421-A (1-15),
3018000019,11221,626,GREENE,AVE,3,1800,19,A,0,421-A (1-15),421-A (1-15),
3017950055,11221,651,GREENE,AVE,3,1795,55,A,0,,SECTION 610 OF PHFL,
3017950052,11221,655A,GREENE,AVE,3,1795,52,A,0,,SECTION 610 OF PHFL,
3018010011,11221,670A,GREENE,AVE,3,1801,11,A,0,,GARDEN COMPLEX,
3018010014,11221,676,GREENE,AVE,3,1801,14,A,0,,SECTION 610 OF PHFL,
3017960062,11221,697,GREENE,AVE,3,1796,62,A,0,,SECTION 610 OF PHFL,
3018010030,11221,704,GREENE,AVE,3,1801,30,A,0,,GARDEN COMPLEX,
3018010041,11221,722,GREENE,AVE,3,1801,41,B,0,,,
3016190010,11221,728 TO 732,GREENE,AVE,3,1619,10,A,0,,,237 MARCUS GARVEY BLVD
3016140076,11221,735,GREENE,AVE,3,1614,76,A,0,421-A (1-15),421-A (1-15),
3016140065,11221,751,GREENE,AVE,3,1614,65,B,0,J-51,GARDEN COMPLEX J-51,
3016140058,11221,759,GREENE,AVE,3,1614,58,A,0,,,
3016140054,11221,767,GREENE,AVE,3,1614,54,A,0,,,
3016190045,11221,794,GREENE,AVE,3,1619,45,B,0,J-51,GARDEN COMPLEX J-51,
3016200007,11221,796,GREENE,AVE,3,1620,7,A,0,,GARDEN COMPLEX,
3016200039,11221,848,GREENE,AVE,3,1620,39,A,0,J-51,J-51 SEC 608,
3016200042,11221,854,GREENE,AVE,3,1620,42,A,0,J-51,J-51,
3016200043,11221,856,GREENE,AVE,3,1620,43,A,0,421-A (1-15),421-A (1-15),
3016160095,11221,861,GREENE,AVE,3,1616,95,A,0,,,
3016210011,11221,874,GREENE,AVE,3,1621,11,A,0,,,
3016210012,11221,876,GREENE,AVE,3,1621,12,A,0,,GARDEN COMPLEX,
3016210014,11221,880,GREENE,AVE,3,1621,14,A,0,,,
3016210015,11221,882,GREENE,AVE,3,1621,15,A,0,J-51,J-51 SECTION 610 OF PHFL,
3016210016,11221,884,GREENE,AVE,3,1621,16,A,0,,SECTION 610 OF PHFL,
3016210018,11221,888,GREENE,AVE,3,1621,18,A,0,,SECTION 610 OF PHFL,
3016210031,11221,908,GREENE,AVE,3,1621,31,A,0,,,
3016210035,11221,914,GREENE,AVE,3,1621,35,A,0,,,
3016160056,11221,917,GREENE,AVE,3,1616,56,A,0,,,
3016220017,11221,952,GREENE,AVE,3,1622,17,B,0,,ROOMING HOUSE,
3016220020,11221,956,GREENE,AVE,3,1622,20,A,0,J-51,J-51 SEC 608,
3016170057,11221,957 TO 963,GREENE,AVE,3,1617,57,B,0,,,
3016220030,11221,974,GREENE,AVE,3,1622,30,A,0,,,
3016170046,11221,981,GREENE,AVE,3,1617,46,A,0,,,
3016220034,11221,984,GREENE,AVE,3,1622,34,A,0,J-51,GARDEN COMPLEX J-51,
3016180035,11221,1003,GREENE,AVE,3,1618,35,A,0,,,
3016230025,11221,1038,GREENE,AVE,3,1623,25,A,0,,,
3016230029,11221,1046,GREENE,AVE,3,1623,29,A,0,J-51,GARDEN COMPLEX J-51,
3032830057,11221,1049,GREENE,AVE,3,3283,57,A,0,421-A (1-15),421-A (1-15),
3016230031,11221,1050,GREENE,AVE,3,1623,31,B,0,,GARDEN COMPLEX,
3016230033,11221,1052,GREENE,AVE,3,1623,33,A,0,,,
3016230035,11221,1056,GREENE,AVE,3,1623,35,A,0,J-51,GARDEN COMPLEX J-51,
3032830040,11221,1075,GREENE,AVE,3,3283,40,B,0,,,
3032840034,11221,1111,GREENE,AVE,3,3284,34,A,0,421-A (16),421-A (16),
3032850082,11221,1151,GREENE,AVE,3,3285,82,A,0,J-51,J-51,
3032960014,11221,1164,GREENE,AVE,3,3296,14,A,0,,,
3032960016,11221,1168,GREENE,AVE,3,3296,16,A,0,,,
3032850073,11221,1171,GREENE,AVE,3,3285,73,A,0,421-A (1-15),GARDEN COMPLEX 421-A (1-15),
3032850072,11221,1173,GREENE,AVE,3,3285,72,A,0,421-A (1-15),GARDEN COMPLEX 421-A (1-15),
3032850059,11221,1199,GREENE,AVE,3,3285,59,A,0,421-A (1-15),421-A (1-15),
3032960041,11221,1214,GREENE,AVE,3,3296,41,A,0,,,
3033210012,11221,26,GROVE,ST,3,3321,12,A,0,421-A (1-15),421-A (1-15),
3033210018,11221,40,GROVE,ST,3,3321,18,A,0,,,
3033210019,11221,42,GROVE,ST,3,3321,19,A,0,421-A (16),421-A (16),
3033220010,11221,76 TO 78,GROVE,ST,3,3322,10,A,0,,GARDEN COMPLEX,
3033220012,11221,80 TO 82,GROVE,ST,3,3322,12,A,0,421-A (1-15),GARDEN COMPLEX 421-A (1-15),
3033220016,11221,88,GROVE,ST,3,3322,16,A,0,,,
3033140080,11221,99,GROVE,ST,3,3314,80,A,0,,,
3033140078,11221,101,GROVE,ST,3,3314,78,A,0,,,
3033140075,11221,103,GROVE,ST,3,3314,75,A,0,,,
3033230011,11221,104,GROVE,ST,3,3323,11,A,0,,GARDEN COMPLEX SECTION 610 OF PHFL,
3033230014,11221,110,GROVE,ST,3,3323,14,A,0,,,
3033230017,11221,116,GROVE,ST,3,3323,17,A,0,,SECTION 610 OF PHFL,
3033140058,11221,137,GROVE,ST,3,3314,58,A,0,421-A (1-15),421-A (1-15),
3033230030,11221,142,GROVE,ST,3,3323,30,A,0,,,
3033230031,11221,144,GROVE,ST,3,3323,31,A,0,,GARDEN COMPLEX,
3033230032,11221,146,GROVE,ST,3,3323,32,A,0,J-51,J-51,
3033950014,11221,1060,HANCOCK,ST,3,3395,14,A,0,,,
3032860016,11221,160,HARMAN,ST,3,3286,16,A,0,,GARDEN COMPLEX SECTION 610 OF PHFL,
3032760045,11221,163,HARMAN,ST,3,3276,45,A,0,,,
3032760041,11221,173,HARMAN,ST,3,3276,41,A,0,,GARDEN COMPLEX,
3032760039,11221,181,HARMAN,ST,3,3276,39,A,0,,GARDEN COMPLEX,
3015930051,11221,415,HART,ST,3,1593,51,A,0,,,
3015937501,11221,417,HART,ST,3,1593,7501,A,0,,,
3032140129,11221,503,HART,ST,3,3214,129,A,0,421-A (1-15),GARDEN COMPLEX 421-A (1-15),
3032260011,11221,542,HART,ST,3,3226,11,A,0,,,
3032260013,11221,546,HART,ST,3,3226,13,A,0,,GARDEN COMPLEX,
3032150035,11221,555,HART,ST,3,3215,35,A,0,,GARDEN COMPLEX,
3032177501,11221,605,HART,ST,3,3217,7501,A,0,421-A (16),421-A (16),
3032170049,11221,615,HART,ST,3,3217,49,A,0,,GARDEN COMPLEX,
3032170047,11221,619,HART,ST,3,3217,47,A,0,,GARDEN COMPLEX,
3032280009,11221,638,HART,ST,3,3228,9,A,0,,,
3032187501,11221,671 TO 673,HART,ST,3,3218,7501,A,0,421-A (16),421-A (16),
3032340018,11221,696,HART,ST,3,3234,18,A,0,,,
3032180047,11221,703,HART,ST,3,3218,47,A,0,421-A (16),421-A (16),
3032340024,11221,714,HART,ST,3,3234,24,A,0,,,
3032340027,11221,722,HART,ST,3,3234,27,A,0,,,
3032640031,11221,27,HIMROD,ST,3,3264,31,B,0,,,336 EVERGREEN AVE
3032750018,11221,58,HIMROD,ST,3,3275,18,A,0,,,
3032750019,11221,60,HIMROD,ST,3,3275,19,A,0,,GARDEN COMPLEX,
3032650071,11221,61,HIMROD,ST,3,3265,71,A,0,,,
3032650070,11221,63,HIMROD,ST,3,3265,70,A,0,,,
3032650069,11221,65,HIMROD,ST,3,3265,69,A,0,J-51,J-51,
3032650060,11221,87,HIMROD,ST,3,3265,60,A,0,J-51,J-51,
3032650059,11221,89,HIMROD,ST,3,3265,59,A,0,J-51,J-51,
3032650058,11221,91,HIMROD,ST,3,3265,58,A,0,,,
3032650057,11221,93,HIMROD,ST,3,3265,57,A,0,,,
3032750036,11221,96,HIMROD,ST,3,3275,36,A,0,,,
3032750037,11221,98,HIMROD,ST,3,3275,37,A,0,,,
3032750039,11221,100,HIMROD,ST,3,3275,39,A,0,421-A (16),421-A (16),
3032650053,11221,101,HIMROD,ST,3,3265,53,A,0,,,
3032660040,11221,165,HIMROD,ST,3,3266,40,A,0,,SECTION 610 OF PHFL,
3032660038,11221,173 TO 175,HIMROD,ST,3,3266,38,A,0,,,
3014840047,11221,31 TO 39,HOWARD,AVE,3,1484,47,A,0,,SECTION 610 OF PHFL,
3014850039,11221,42,HOWARD,AVE,3,1485,39,A,0,,GARDEN COMPLEX,
3014850040,11221,44,HOWARD,AVE,3,1485,40,A,0,,,
3014850044,11221,54,HOWARD,AVE,3,1485,44,A,0,,,
3018300079,11221,345,JEFFERSON,AVE,3,1830,79,A,0,,,
3018350007,11221,346 TO 348,JEFFERSON,AVE,3,1835,7,A,0,,SECTION 610 OF PHFL,
3018350010,11221,352,JEFFERSON,AVE,3,1835,10,B,0,,,
3018350043,11221,416,JEFFERSON,AVE,3,1835,43,A,0,,,
3018360012,11221,426,JEFFERSON,AVE,3,1836,12,A,0,,,
3018310077,11221,431,JEFFERSON,AVE,3,1831,77,A,0,,GARDEN COMPLEX,
3018310076,11221,433,JEFFERSON,AVE,3,1831,76,B,0,,,
3018310074,11221,437,JEFFERSON,AVE,3,1831,74,A,0,,,
3018310072,11221,439 TO 441,JEFFERSON,AVE,3,1831,72,A,0,,,
3018310071,11221,443 TO 445,JEFFERSON,AVE,3,1831,71,A,0,,,
3018310068,11221,451,JEFFERSON,AVE,3,1831,68,A,0,,,
3018310067,11221,453,JEFFERSON,AVE,3,1831,67,A,0,,,
3018310066,11221,455,JEFFERSON,AVE,3,1831,66,A,0,,,
3016540001,11221,490,JEFFERSON,AVE,3,1654,1,A,0,,,
3016540014,11221,516,JEFFERSON,AVE,3,1654,14,A,0,,,
3016540015,11221,518,JEFFERSON,AVE,3,1654,15,A,0,,,
3016540016,11221,520,JEFFERSON,AVE,3,1654,16,A,0,,,
3016540017,11221,522,JEFFERSON,AVE,3,1654,17,A,0,,,
3016550010,11221,570,JEFFERSON,AVE,3,1655,10,A,0,,,
3016560030,11221,674 TO 680,JEFFERSON,AVE,3,1656,30,A,0,,SECTION 610 OF PHFL ARTICLE 11,
3016510058,11221,683,JEFFERSON,AVE,3,1651,58,A,0,,,
3016560035,11221,684,JEFFERSON,AVE,3,1656,35,A,0,,SECTION 610 OF PHFL ARTICLE 11,
3016510054,11221,695,JEFFERSON,AVE,3,1651,54,A,0,421-A (1-15),421-A (1-15),
3016510150,11221,701,JEFFERSON,AVE,3,1651,150,A,0,421-A (1-15),421-A (1-15),
3016570019,11221,716 TO 718,JEFFERSON,AVE,3,1657,19,A,0,,,
3016580010,11221,768,JEFFERSON,AVE,3,1658,10,A,0,,ARTICLE 11,
3016580011,11221,770,JEFFERSON,AVE,3,1658,11,A,0,,,
3016580013,11221,774,JEFFERSON,AVE,3,1658,13,A,0,,,
3016530090,11221,799,JEFFERSON,AVE,3,1653,90,A,0,,,
3016580024,11221,800 TO 808,JEFFERSON,AVE,3,1658,24,A,0,421-A (16),GARDEN COMPLEX 421-A (16),
3016530180,11221,827,JEFFERSON,AVE,3,1653,180,A,0,421-A (1-15),421-A (1-15),
3016530080,11221,829,JEFFERSON,AVE,3,1653,80,A,0,421-A (1-15),421-A (1-15),
3016580042,11221,840,JEFFERSON,AVE,3,1658,42,A,0,,,
3014870013,11221,868,JEFFERSON,AVE,3,1487,13,A,0,,GARDEN COMPLEX,
3016530059,11221,871,JEFFERSON,AVE,3,1653,59,A,0,,SECTION 610 OF PHFL,104 RALPH AVE
3014870020,11221,880,JEFFERSON,AVE,3,1487,20,A,0,,,
3014850047,11221,937,JEFFERSON,AVE,3,1485,47,A,0,,,
3014850046,11221,939,JEFFERSON,AVE,3,1485,46,A,0,,,
3014860053,11221,977,JEFFERSON,AVE,3,1486,53,B,0,J-51,GARDEN COMPLEX J-51,
3014880040,11221,986,JEFFERSON,AVE,3,1488,40,A,0,,,
3014860047,11221,995,JEFFERSON,AVE,3,1486,47,A,0,J-51,GARDEN COMPLEX J-51,
3014860043,11221,997,JEFFERSON,AVE,3,1486,43,A,0,421-A (1-15),421-A (1-15),
3033810053,11221,1117,JEFFERSON,AVE,3,3381,53,A,0,J-51,J-51,
3033880029,11221,1138,JEFFERSON,AVE,3,3388,29,A,0,,,
3033900017,11221,1258,JEFFERSON,AVE,3,3390,17,A,0,J-51,J-51,
3033910005,11221,1308,JEFFERSON,AVE,3,3391,5,A,0,,,
3033840152,11221,1335,JEFFERSON,AVE,3,3384,152,A,0,421-A (1-15),421-A (1-15),
3033260009,11221,519,KNICKERBOCKER,AVE,3,3326,9,A,0,,,
3033260008,11221,523,KNICKERBOCKER,AVE,3,3326,8,A,0,,,
3033260004,11221,533,KNICKERBOCKER,AVE,3,3326,4,A,0,,,
3033260001,11221,541,KNICKERBOCKER,AVE,3,3326,1,A,0,,,
3033350001,11221,557,KNICKERBOCKER,AVE,3,3335,1,A,0,,GARDEN COMPLEX,
3033650103,11221,651,KNICKERBOCKER,AVE,3,3365,103,A,0,,,
3033650102,11221,653,KNICKERBOCKER,AVE,3,3365,102,A,0,,,
3033650101,11221,655,KNICKERBOCKER,AVE,3,3365,101,A,0,,,
3033650100,11221,657,KNICKERBOCKER,AVE,3,3365,100,A,0,,,
3033770035,11221,660 TO 672,KNICKERBOCKER,AVE,3,3377,35,A,0,,,
3033780005,11221,675,KNICKERBOCKER,AVE,3,3378,5,A,0,J-51,J-51,
3033850005,11221,699,KNICKERBOCKER,AVE,3,3385,5,A,0,,,
3033850004,11221,703,KNICKERBOCKER,AVE,3,3385,4,A,0,,,
3033850003,11221,705,KNICKERBOCKER,AVE,3,3385,3,A,0,J-51,J-51,
3033840035,11221,708,KNICKERBOCKER,AVE,3,3384,35,A,0,,,
3033840037,11221,710,KNICKERBOCKER,AVE,3,3384,37,A,0,J-51,J-51,
3033920010,11221,711,KNICKERBOCKER,AVE,3,3392,10,A,0,,,
3033910028,11221,716,KNICKERBOCKER,AVE,3,3391,28,A,0,J-51,GARDEN COMPLEX J-51,
3033910031,11221,720,KNICKERBOCKER,AVE,3,3391,31,A,0,J-51,J-51,
3033920005,11221,723,KNICKERBOCKER,AVE,3,3392,5,A,0,,,
3033910036,11221,726,KNICKERBOCKER,AVE,3,3391,36,A,0,,,
3033920003,11221,729,KNICKERBOCKER,AVE,3,3392,3,A,0,J-51,J-51,
3033910039,11221,730,KNICKERBOCKER,AVE,3,3391,39,A,0,,,
3033920001,11221,733,KNICKERBOCKER,AVE,3,3392,1,A,0,,,
3033990010,11221,735,KNICKERBOCKER,AVE,3,3399,10,A,0,,,
3017860007,11221,242,KOSCIUSZKO,ST,3,1786,7,A,0,421-A (1-15),421-A (1-15),
3017860008,11221,244 TO 246,KOSCIUSZKO,ST,3,1786,8,A,0,421-A (1-15),421-A (1-15),
3017810068,11221,259,KOSCIUSZKO,ST,3,1781,68,A,0,,,
3017810065,11221,265,KOSCIUSZKO,ST,3,1781,65,A,0,421-A (1-15),421-A (1-15),
3017810061,11221,275,KOSCIUSZKO,ST,3,1781,61,A,0,,GARDEN COMPLEX,
3017810058,11221,279 TO 281,KOSCIUSZKO,ST,3,1781,58,A,0,,GARDEN COMPLEX,
3017860031,11221,284,KOSCIUSZKO,ST,3,1786,31,A,0,,,
3017860033,11221,286,KOSCIUSZKO,ST,3,1786,33,A,0,,,
3017810051,11221,295,KOSCIUSZKO,ST,3,1781,51,B,0,J-51,GARDEN COMPLEX J-51,
3017870006,11221,308,KOSCIUSZKO,ST,3,1787,6,A,0,,,
3017820065,11221,327,KOSCIUSZKO,ST,3,1782,65,A,0,421-A (1-15),GARDEN COMPLEX 421-A (1-15),
3017820064,11221,329,KOSCIUSZKO,ST,3,1782,64,A,0,421-A (1-15),GARDEN COMPLEX 421-A (1-15),
3017820063,11221,331,KOSCIUSZKO,ST,3,1782,63,A,0,421-A (1-15),GARDEN COMPLEX 421-A (1-15),
3017820055,11221,333 TO 341,KOSCIUSZKO,ST,3,1782,55,A,0,,,
3017820051,11221,353,KOSCIUSZKO,ST,3,1782,51,A,0,421-A (1-15),421-A (1-15),
3017870036,11221,358,KOSCIUSZKO,ST,3,1787,36,A,0,J-51,J-51,
3016050001,11221,372,KOSCIUSZKO,ST,3,1605,1,A,0,421-A (1-15),421-A (1-15),185193 MARCUS GARVEY BLVD
3016050007,11221,374,KOSCIUSZKO,ST,3,1605,7,A,0,421-A (1-15),421-A (1-15),
3016010068,11221,375,KOSCIUSZKO,ST,3,1601,68,A,0,,SECTION 610 OF PHFL,
3016010060,11221,391,KOSCIUSZKO,ST,3,1601,60,A,0,,,
3016050016,11221,392,KOSCIUSZKO,ST,3,1605,16,A,0,421-A (1-15),421-A (1-15),
3016010055,11221,399,KOSCIUSZKO,ST,3,1601,55,A,0,,SECTION 610 OF PHFL,
3016010053,11221,403,KOSCIUSZKO,ST,3,1601,53,A,0,,SECTION 610 OF PHFL,
3016010050,11221,409,KOSCIUSZKO,ST,3,1601,50,A,0,,SECTION 610 OF PHFL,
3016060129,11221,480,KOSCIUSZKO,ST,3,1606,129,A,0,421-A (1-15),421-A (1-15),
3016060032,11221,484,KOSCIUSZKO,ST,3,1606,32,A,0,421-A (1-15),ROOMING HOUSE 421-A (1-15),
3016060035,11221,490,KOSCIUSZKO,ST,3,1606,35,A,0,J-51,J-51,
3016070015,11221,518,KOSCIUSZKO,ST,3,1607,15,B,0,J-51,GARDEN COMPLEX J-51,
3016070016,11221,520,KOSCIUSZKO,ST,3,1607,16,B,0,J-51,GARDEN COMPLEX J-51,
3016070017,11221,522,KOSCIUSZKO,ST,3,1607,17,B,0,,GARDEN COMPLEX,
3016030078,11221,533,KOSCIUSZKO,ST,3,1603,78,B,0,J-51,GARDEN COMPLEX J-51,
3016070027,11221,540,KOSCIUSZKO,ST,3,1607,27,A,0,,ROOMING HOUSE,
3016070028,11221,542,KOSCIUSZKO,ST,3,1607,28,A,0,J-51,J-51,
3016037502,11221,543,KOSCIUSZKO,ST,3,1603,7502,A,0,,,
3016070036,11221,556,KOSCIUSZKO,ST,3,1607,36,B,0,J-51,GARDEN COMPLEX J-51,
3016030058,11221,557,KOSCIUSZKO,ST,3,1603,58,B,0,J-51,GARDEN COMPLEX J-51,
3016070038,11221,560,KOSCIUSZKO,ST,3,1607,38,B,0,,GARDEN COMPLEX,
3016040045,11221,601 TO 603,KOSCIUSZKO,ST,3,1604,45,B,0,J-51,GARDEN COMPLEX J-51,
3016080025,11221,614A,KOSCIUSZKO,ST,3,1608,25,A,0,421-A (16),421-A (16),
3032520014,11221,636,KOSCIUSZKO,ST,3,3252,14,A,0,,,
3032520015,11221,638,KOSCIUSZKO,ST,3,3252,15,A,0,,,
3032520017,11221,642,KOSCIUSZKO,ST,3,3252,17,A,0,,,
3032520027,11221,660 TO 664,KOSCIUSZKO,ST,3,3252,27,A,0,J-51,J-51,832 BUSHWICK AVE
3032630010,11221,6,KOSSUTH,PL,3,3263,10,A,0,,,
3032630018,11221,24A,KOSSUTH,PL,3,3263,18,A,0,,GARDEN COMPLEX ARTICLES 14 & 15,
3017910012,11221,706,LAFAYETTE,AVE,3,1791,12,B,0,,,
3017860064,11221,709 TO 711,LAFAYETTE,AVE,3,1786,64,A,0,,,
3017860058,11221,729 TO 731,LAFAYETTE,AVE,3,1786,58,A,0,,,
3017860057,11221,733,LAFAYETTE,AVE,3,1786,57,A,0,,,
3017860051,11221,743,LAFAYETTE,AVE,3,1786,51,A,0,421-A (16),GARDEN COMPLEX 421-A (16),
3017860049,11221,745,LAFAYETTE,AVE,3,1786,49,A,0,J-51,GARDEN COMPLEX J-51,
3017910034,11221,746,LAFAYETTE,AVE,3,1791,34,B,0,,,
3017860047,11221,749,LAFAYETTE,AVE,3,1786,47,A,0,J-51,GARDEN COMPLEX J-51,
3017920006,11221,766,LAFAYETTE,AVE,3,1792,6,A,0,421-A (1-15),421-A (1-15),
3017920012,11221,776,LAFAYETTE,AVE,3,1792,12,A,0,421-A (16),GARDEN COMPLEX 421-A (16),
3017920020,11221,790,LAFAYETTE,AVE,3,1792,20,A,0,,,
3017920033,11221,812,LAFAYETTE,AVE,3,1792,33,B,0,J-51,GARDEN COMPLEX J-51,
3016050076,11221,827,LAFAYETTE,AVE,3,1605,76,A,0,,,
3016090013,11221,838,LAFAYETTE,AVE,3,1609,13,B,0,J-51,GARDEN COMPLEX J-51,
3016090014,11221,840,LAFAYETTE,AVE,3,1609,14,B,0,J-51,GARDEN COMPLEX J-51,
3016090020,11221,850,LAFAYETTE,AVE,3,1609,20,A,0,J-51,J-51,
3016090029,11221,868,LAFAYETTE,AVE,3,1609,29,A,0,,,
3016060078,11221,895,LAFAYETTE,AVE,3,1606,78,B,0,J-51,GARDEN COMPLEX J-51,
3016060074,11221,903,LAFAYETTE,AVE,3,1606,74,A,0,,SECTION 610 OF PHFL,
3016100014,11221,910,LAFAYETTE,AVE,3,1610,14,A,0,,GARDEN COMPLEX,
3016100018,11221,916,LAFAYETTE,AVE,3,1610,18,A,0,,,
3016100019,11221,918,LAFAYETTE,AVE,3,1610,19,B,0,J-51,GARDEN COMPLEX J-51,
3016100041,11221,952,LAFAYETTE,AVE,3,1610,41,B,0,J-51,GARDEN COMPLEX J-51,
3016060045,11221,953,LAFAYETTE,AVE,3,1606,45,A,0,,,
3016070075,11221,969,LAFAYETTE,AVE,3,1607,75,A,0,421-A (16),GARDEN COMPLEX 421-A (16),
3016070073,11221,971A,LAFAYETTE,AVE,3,1607,73,A,0,,GARDEN COMPLEX,
3016070074,11221,971,LAFAYETTE,AVE,3,1607,74,A,0,,GARDEN COMPLEX,
3016070068,11221,981,LAFAYETTE,AVE,3,1607,68,A,0,,ROOMING HOUSE SECTION 610 OF PHFL,
3016070067,11221,983,LAFAYETTE,AVE,3,1607,67,A,0,,SECTION 610 OF PHFL,
3016070055,11221,1003,LAFAYETTE,AVE,3,1607,55,B,0,J-51,GARDEN COMPLEX J-51,
3016070045,11221,1023,LAFAYETTE,AVE,3,1607,45,A,0,,,
3016120115,11221,1046,LAFAYETTE,AVE,3,1612,115,B,0,,,
3016120019,11221,1050,LAFAYETTE,AVE,3,1612,19,A,0,,,
3016080053,11221,1065,LAFAYETTE,AVE,3,1608,53,A,0,,,
3016080052,11221,1067,LAFAYETTE,AVE,3,1608,52,A,0,,,
3016120028,11221,1068,LAFAYETTE,AVE,3,1612,28,A,0,,,
3016080051,11221,1069,LAFAYETTE,AVE,3,1608,51,B,0,J-51,GARDEN COMPLEX J-51,
3016080050,11221,1071,LAFAYETTE,AVE,3,1608,50,B,0,J-51,GARDEN COMPLEX J-51,
3032250041,11221,13 TO 17,LAWTON,ST,3,3225,41,A,0,J-51,J-51,
3032290033,11221,24,LAWTON,ST,3,3229,33,A,0,J-51,J-51,
3032290010,11221,26,LAWTON,ST,3,3229,10,A,0,421-A (16),421-A (16),
3016020006,11221,121,LEWIS,AVE,3,1602,6,B,0,,ROOMING HOUSE,
3016250004,11221,219,LEWIS,AVE,3,1625,4,A,0,,,
3016250002,11221,221,LEWIS,AVE,3,1625,2,A,0,,,
3016500076,11221,307 TO 313,LEWIS,AVE,3,1650,76,A,0,,,
3016540042,11221,330,LEWIS,AVE,3,1654,42,A,0,,,
3018050027,11221,444,LEXINGTON,AVE,3,1805,27,A,0,,SECTION 610 OF PHFL,
3018050032,11221,450,LEXINGTON,AVE,3,1805,32,A,0,J-51,J-51 SEC 608,
3018050034,11221,452,LEXINGTON,AVE,3,1805,34,A,0,,,
3018050036,11221,456,LEXINGTON,AVE,3,1805,36,A,0,J-51,GARDEN COMPLEX J-51,
3018050037,11221,460,LEXINGTON,AVE,3,1805,37,A,0,J-51,J-51 SEC 608,
3018000054,11221,477,LEXINGTON,AVE,3,1800,54,A,0,,,
3018060016,11221,486,LEXINGTON,AVE,3,1806,16,A,0,,,
3018060026,11221,502,LEXINGTON,AVE,3,1806,26,A,0,,,
3018060038,11221,522,LEXINGTON,AVE,3,1806,38,A,0,J-51,J-51 SEC 608,254 MARCUS GARVEY BLVD
3016240025,11221,558,LEXINGTON,AVE,3,1624,25,A,0,,,
3016200080,11221,631,LEXINGTON,AVE,3,1620,80,A,0,J-51,J-51 SEC 608,
3016270035,11221,770,LEXINGTON,AVE,3,1627,35,A,0,421-A (16),421-A (16),
3016220079,11221,773,LEXINGTON,AVE,3,1622,79,A,0,J-51,J-51,
3016270036,11221,774,LEXINGTON,AVE,3,1627,36,A,0,421-A (16),421-A (16),
3016280020,11221,812,LEXINGTON,AVE,3,1628,20,A,0,421-A (1-15),421-A (1-15),
3016280021,11221,818,LEXINGTON,AVE,3,1628,21,A,0,421-A (1-15),421-A (1-15),
3016280024,11221,822 TO 824,LEXINGTON,AVE,3,1628,24,A,0,421-A (1-15),GARDEN COMPLEX 421-A (1-15),
3016280030,11221,832,LEXINGTON,AVE,3,1628,30,A,0,421-A (1-15),GARDEN COMPLEX 421-A (1-15),
3016230073,11221,847,LEXINGTON,AVE,3,1623,73,A,0,,,
3016230070,11221,853,LEXINGTON,AVE,3,1623,70,A,0,421-A (16),421-A (16),
3016230057,11221,881,LEXINGTON,AVE,3,1623,57,A,0,421-A (16),421-A (16),
3033210046,11221,25,LINDEN,ST,3,3321,46,B,0,,ROOMING HOUSE,
3033300011,11221,30,LINDEN,ST,3,3330,11,A,0,,,
3033300014,11221,36 TO 40,LINDEN,ST,3,3330,14,A,0,,,
3033210039,11221,39,LINDEN,ST,3,3321,39,A,0,,,
3033310005,11221,66,LINDEN,ST,3,3331,5,A,0,,,
3033220028,11221,73,LINDEN,ST,3,3322,28,A,0,,GARDEN COMPLEX SECTION 610 OF PHFL,
3033220026,11221,75,LINDEN,ST,3,3322,26,A,0,,SECTION 610 OF PHFL,
3033220021,11221,83 TO 91,LINDEN,ST,3,3322,21,A,0,,,450 EVERGREEN AVE
3033230001,11221,93,LINDEN,ST,3,3323,1,A,0,421-A (16),421-A (16),97 LINDEN ST
3033230068,11221,101,LINDEN,ST,3,3323,68,A,0,,,
3033230064,11221,107,LINDEN,ST,3,3323,64,A,0,,,
3033230062,11221,111,LINDEN,ST,3,3323,62,A,0,,GARDEN COMPLEX,
3033230060,11221,113 TO 115,LINDEN,ST,3,3323,60,A,0,,GARDEN COMPLEX,
3033230058,11221,119,LINDEN,ST,3,3323,58,A,0,J-51,GARDEN COMPLEX J-51,
3033320024,11221,124,LINDEN,ST,3,3332,24,A,0,,,
3033330058,11221,150 TO 164,LINDEN,ST,3,3333,58,A,0,,SECTION 610 OF PHFL,
3033330013,11221,170 TO 172,LINDEN,ST,3,3333,13,A,0,,,
3033330017,11221,174 TO 176,LINDEN,ST,3,3333,17,A,0,,,
3018200001,11221,351 TO 357,MADISON,ST,3,1820,1,A,0,,,
3018250038,11221,418,MADISON,ST,3,1825,38,A,0,J-51,GARDEN COMPLEX J-51,
3018260016,11221,440,MADISON,ST,3,1826,16,A,0,,,
3018260018,11221,442,MADISON,ST,3,1826,18,A,0,,GARDEN COMPLEX,
3018260019,11221,444,MADISON,ST,3,1826,19,A,0,,,
3018260020,11221,446,MADISON,ST,3,1826,20,A,0,,GARDEN COMPLEX,
3018260021,11221,448,MADISON,ST,3,1826,21,A,0,,GARDEN COMPLEX,
3018260022,11221,450,MADISON,ST,3,1826,22,A,0,,ROOMING HOUSE,
3018260023,11221,452,MADISON,ST,3,1826,23,A,0,,GARDEN COMPLEX,
3018260024,11221,454,MADISON,ST,3,1826,24,A,0,,GARDEN COMPLEX,
3018260025,11221,456,MADISON,ST,3,1826,25,A,0,J-51,J-51,
3018260028,11221,462,MADISON,ST,3,1826,28,A,0,421-A (1-15),421-A (1-15),
3018260029,11221,464,MADISON,ST,3,1826,29,A,0,,GARDEN COMPLEX,
3016390043,11221,543,MADISON,ST,3,1639,43,A,0,J-51,J-51,
3016400001,11221,547,MADISON,ST,3,1640,1,A,0,,,
3016440039,11221,560,MADISON,ST,3,1644,39,A,0,,,
3016450013,11221,586,MADISON,ST,3,1645,13,B,0,,ROOMING HOUSE,
3016410061,11221,643A,MADISON,ST,3,1641,61,A,0,421-A (1-15),GARDEN COMPLEX 421-A (1-15),
3016410062,11221,643,MADISON,ST,3,1641,62,A,0,421-A (1-15),GARDEN COMPLEX 421-A (1-15),
3016460011,11221,654,MADISON,ST,3,1646,11,A,0,421-A (16),GARDEN COMPLEX 421-A (16),
3016460017,11221,660,MADISON,ST,3,1646,17,A,0,,SEC 608 SECTION 610 OF PHFL,
3016460019,11221,664,MADISON,ST,3,1646,19,A,0,421-A (16),GARDEN COMPLEX 421-A (16),
3016460020,11221,668,MADISON,ST,3,1646,20,A,0,,SECTION 610 OF PHFL ARTICLE 11,
3016460038,11221,704,MADISON,ST,3,1646,38,A,0,,,
3016470019,11221,728,MADISON,ST,3,1647,19,A,0,,,
3016470044,11221,762 TO 764,MADISON,ST,3,1647,44,A,0,421-A (16),421-A (16),
3016480015,11221,790,MADISON,ST,3,1648,15,A,0,,,
3016480017,11221,794,MADISON,ST,3,1648,17,A,0,,GARDEN COMPLEX,
3016480019,11221,798 TO 804,MADISON,ST,3,1648,19,A,0,,ROOMING HOUSE,
3014810070,11221,817,MADISON,ST,3,1481,70,A,0,421-A (1-15),421-A (1-15),
3014810069,11221,819,MADISON,ST,3,1481,69,A,0,421-A (1-15),421-A (1-15),
3014810068,11221,821,MADISON,ST,3,1481,68,A,0,421-A (1-15),421-A (1-15),
3014810067,11221,823,MADISON,ST,3,1481,67,A,0,421-A (1-15),421-A (1-15),
3014810059,11221,831,MADISON,ST,3,1481,59,A,0,,,
3016480038,11221,842,MADISON,ST,3,1648,38,A,0,,,
3014810053,11221,847,MADISON,ST,3,1481,53,A,0,,,
3014810051,11221,851,MADISON,ST,3,1481,51,A,0,,,
3014830024,11221,888,MADISON,ST,3,1483,24,A,0,421-A (1-15),421-A (1-15),
3014830025,11221,890,MADISON,ST,3,1483,25,A,0,421-A (1-15),421-A (1-15),
3014830028,11221,896,MADISON,ST,3,1483,28,A,0,,,
3014830033,11221,904,MADISON,ST,3,1483,33,A,0,,ROOMING HOUSE,
3014840002,11221,916 TO 918,MADISON,ST,3,1484,2,A,0,J-51,J-51,
3014840004,11221,920 TO 922,MADISON,ST,3,1484,4,A,0,J-51,J-51 SEC 608,
3014840006,11221,924 TO 926,MADISON,ST,3,1484,6,A,0,,,
3014840008,11221,928 TO 930,MADISON,ST,3,1484,8,A,0,,,
3014840010,11221,932,MADISON,ST,3,1484,10,A,0,,,
3014847501,11221,936,MADISON,ST,3,1484,7501,A,0,,,
3033577501,11221,951 TO 955,MADISON,ST,3,3357,7501,A,0,,,
3033570060,11221,961,MADISON,ST,3,3357,60,A,0,421-A (16),421-A (16),
3033660028,11221,984,MADISON,ST,3,3366,28,A,0,,,
3033680018,11221,1098,MADISON,ST,3,3368,18,A,0,421-A (1-15),421-A (1-15),
3033590048,11221,1105 TO 1113,MADISON,ST,3,3359,48,A,0,,,
3033680027,11221,1118,MADISON,ST,3,3368,27,A,0,,GARDEN COMPLEX,
3033680028,11221,1120 TO 1122,MADISON,ST,3,3368,28,A,0,,,
3015990036,11221,4,MALCOLM X,BLVD,3,1599,36,A,0,,,
3016040007,11221,25,MALCOLM X,BLVD,3,1604,7,A,0,,,25 REID AVE
3016070039,11221,38,MALCOLM X,BLVD,3,1607,39,A,0,J-51,J-51,
3016070040,11221,40,MALCOLM X,BLVD,3,1607,40,A,0,J-51,J-51,40 REID AVE
3016120002,11221,69,MALCOLM X,BLVD,3,1612,2,A,0,,GARDEN COMPLEX,
3016210045,11221,98,MALCOLM X,BLVD,3,1621,45,B,0,,,
3016320006,11221,125,MALCOLM X,BLVD,3,1632,6,A,0,,,125 REID AVE
3016420006,11221,167,MALCOLM X,BLVD,3,1642,6,A,0,421-A (16),421-A (16),
3016470010,11221,179,MALCOLM X,BLVD,3,1647,10,A,0,,,179 REID AVE
3016410048,11221,182,MALCOLM X,BLVD,3,1641,48,A,0,,GARDEN COMPLEX,
3016470006,11221,187,MALCOLM X,BLVD,3,1647,6,A,0,,,
3016460041,11221,194,MALCOLM X,BLVD,3,1646,41,A,0,,,194 REID AVE
3016520003,11221,209,MALCOLM X,BLVD,3,1652,3,A,0,J-51,J-51,
3016510045,11221,214,MALCOLM X,BLVD,3,1651,45,A,0,,,
3016570108,11221,221,MALCOLM X,BLVD,3,1657,108,A,0,421-A (1-15),421-A (1-15),
3016570106,11221,223A,MALCOLM X,BLVD,3,1657,106,A,0,421-A (1-15),421-A (1-15),
3016560039,11221,224 TO 226,MALCOLM X,BLVD,3,1656,39,A,0,,,
3016560041,11221,228,MALCOLM X,BLVD,3,1656,41,A,0,421-A (1-15),421-A (1-15),
3017870038,11221,192,MARCUS GARVEY,BLVD,3,1787,38,A,0,,,
3018260039,11221,336,MARCUS GARVEY,BLVD,3,1826,39,A,0,,,
3018310050,11221,362,MARCUS GARVEY,BLVD,3,1831,50,A,0,,,362 SUMNER AVE
3018360048,11221,374,MARCUS GARVEY,BLVD,3,1836,48,A,0,,,
3033130002,11221,12,MENAHAN,ST,3,3313,2,A,0,J-51,J-51,
3033040022,11221,15,MENAHAN,ST,3,3304,22,A,0,J-51,J-51,
3033130004,11221,16,MENAHAN,ST,3,3313,4,B,0,,,
3033130005,11221,18,MENAHAN,ST,3,3313,5,A,0,,,
3033130006,11221,20,MENAHAN,ST,3,3313,6,A,0,,,
3033130007,11221,22,MENAHAN,ST,3,3313,7,A,0,,,
3033050075,11221,47,MENAHAN,ST,3,3305,75,A,0,,,
3033050074,11221,49,MENAHAN,ST,3,3305,74,A,0,,,
3033050069,11221,65,MENAHAN,ST,3,3305,69,A,0,,,
3033050066,11221,69,MENAHAN,ST,3,3305,66,A,0,421-A (1-15),421-A (1-15),
3033140035,11221,84,MENAHAN,ST,3,3314,35,A,0,,,
3033140036,11221,86,MENAHAN,ST,3,3314,36,A,0,,,
3033140037,11221,88,MENAHAN,ST,3,3314,37,A,0,,,
3033060054,11221,133,MENAHAN,ST,3,3306,54,A,0,,,
3018150059,11221,373,MONROE,ST,3,1815,59,A,0,,,
3018150053,11221,385,MONROE,ST,3,1815,53,A,0,,,
3018200032,11221,396A,MONROE,ST,3,1820,32,A,0,,GARDEN COMPLEX,
3016340079,11221,467,MONROE,ST,3,1634,79,A,0,421-A (1-15),421-A (1-15),
3016390031,11221,528,MONROE,ST,3,1639,31,A,0,,,
3016370075,11221,669,MONROE,ST,3,1637,75,A,0,,ROOMING HOUSE,
3016420008,11221,680,MONROE,ST,3,1642,8,B,0,J-51,J-51,
3016420014,11221,688,MONROE,ST,3,1642,14,B,0,421-A (1-15),GARDEN COMPLEX 421-A (1-15),
3016420015,11221,690,MONROE,ST,3,1642,15,A,0,,,
3016420017,11221,694,MONROE,ST,3,1642,17,A,0,421-A (1-15),421-A (1-15),
3016420037,11221,726,MONROE,ST,3,1642,37,A,0,421-A (1-15),421-A (1-15),
3016370043,11221,727,MONROE,ST,3,1637,43,A,0,J-51,GARDEN COMPLEX J-51,
3016370042,11221,729,MONROE,ST,3,1637,42,A,0,,,
3016380078,11221,759,MONROE,ST,3,1638,78,A,0,,,
3016380077,11221,763,MONROE,ST,3,1638,77,A,0,,,
3016380076,11221,767,MONROE,ST,3,1638,76,A,0,,,
3016380075,11221,769,MONROE,ST,3,1638,75,A,0,,,
3016380074,11221,771,MONROE,ST,3,1638,74,A,0,,ROOMING HOUSE,
3014800068,11221,827,MONROE,ST,3,1480,68,A,0,J-51,GARDEN COMPLEX J-51,
3014800067,11221,829,MONROE,ST,3,1480,67,A,0,,,
3014800066,11221,831,MONROE,ST,3,1480,66,A,0,421-A (1-15),421-A (1-15),
3014800060,11221,833,MONROE,ST,3,1480,60,A,0,,,
3014810019,11221,834,MONROE,ST,3,1481,19,A,0,,GARDEN COMPLEX,
3014810020,11221,836,MONROE,ST,3,1481,20,A,0,421-A (16),GARDEN COMPLEX 421-A (16),
3014810026,11221,846,MONROE,ST,3,1481,26,A,0,421-A (16),GARDEN COMPLEX 421-A (16),
3031930035,11221,1152,MYRTLE,AVE,3,3193,35,A,0,,,
3031830084,11221,1203,MYRTLE,AVE,3,3183,84,A,0,J-51,J-51,
3031830082,11221,1205,MYRTLE,AVE,3,3183,82,A,0,,,
3031830077,11221,1215,MYRTLE,AVE,3,3183,77,A,0,,,
3033480010,11221,8,PALMETTO,ST,3,3348,10,A,0,421-A (16),421-A (16),
3033390044,11221,13,PALMETTO,ST,3,3339,44,A,0,J-51,J-51,
3033490011,11221,58,PALMETTO,ST,3,3349,11,A,0,421-A (16),GARDEN COMPLEX 421-A (16),
3033490020,11221,76,PALMETTO,ST,3,3349,20,A,0,421-A (16),GARDEN COMPLEX 421-A (16),
3033500008,11221,104,PALMETTO,ST,3,3350,8,A,0,421-A (1-15),421-A (1-15),
3033500011,11221,112 TO 114,PALMETTO,ST,3,3350,11,A,0,,,
3033500012,11221,116 TO 118,PALMETTO,ST,3,3350,12,A,0,,,
3033500022,11221,140,PALMETTO,ST,3,3350,22,A,0,,GARDEN COMPLEX,
3033500023,11221,142,PALMETTO,ST,3,3350,23,B,0,,,
3033420056,11221,175,PALMETTO,ST,3,3342,56,A,0,421-A (16),GARDEN COMPLEX 421-A (16),
3033420055,11221,177,PALMETTO,ST,3,3342,55,A,0,421-A (16),GARDEN COMPLEX 421-A (16),
3033420052,11221,183,PALMETTO,ST,3,3342,52,A,0,,,
3033420051,11221,187,PALMETTO,ST,3,3342,51,A,0,,,
3016120039,11221,10 TO 16,PATCHEN,AVE,3,1612,39,A,0,,GARDEN COMPLEX,
3016180008,11221,19,PATCHEN,AVE,3,1618,8,A,0,,,
3016120049,11221,22,,,3,1612,49,A,0,,,1/2 PATCHEN AVE
3016180003,11221,25,PATCHEN,AVE,3,1618,3,A,0,,,
3016220047,11221,52,PATCHEN,AVE,3,1622,47,B,0,J-51,GARDEN COMPLEX J-51,
3016270045,11221,60,PATCHEN,AVE,3,1627,45,A,0,J-51,GARDEN COMPLEX J-51,
3016270048,11221,64,PATCHEN,AVE,3,1627,48,A,0,,GARDEN COMPLEX,
3016270050,11221,66,PATCHEN,AVE,3,1627,50,A,0,,,
3016270052,11221,68,PATCHEN,AVE,3,1627,52,A,0,,,
3016270053,11221,70,PATCHEN,AVE,3,1627,53,A,0,421-A (16),421-A (16),
3016380005,11221,101,PATCHEN,AVE,3,1638,5,A,0,421-A (16),421-A (16),
3016370037,11221,102,PATCHEN,AVE,3,1637,37,A,0,,GARDEN COMPLEX,
3016520044,11221,152,PATCHEN,AVE,3,1652,44,A,0,,,
3016580009,11221,165,PATCHEN,AVE,3,1658,9,A,0,,,
3015960064,11221,443,PULASKI,ST,3,1596,64,A,0,J-51,J-51,
3015960059,11221,451,PULASKI,ST,3,1596,59,A,0,,GARDEN COMPLEX,
3015990025,11221,460,PULASKI,ST,3,1599,25,A,0,,GARDEN COMPLEX,
3015990026,11221,462,PULASKI,ST,3,1599,26,A,0,,,
3015990027,11221,464,PULASKI,ST,3,1599,27,A,0,,,
3015990028,11221,466,PULASKI,ST,3,1599,28,A,0,,,
3015990029,11221,468,PULASKI,ST,3,1599,29,A,0,,,
3015990032,11221,474 TO 476,PULASKI,ST,3,1599,32,A,0,,,
3018250042,11221,493,PUTNAM,AVE,3,1825,42,A,0,,GARDEN COMPLEX,
3018250041,11221,495,PUTNAM,AVE,3,1825,41,A,0,,GARDEN COMPLEX,534 THROOP AVE
3018300036,11221,496,PUTNAM,AVE,3,1830,36,A,0,,,
3018260069,11221,517,PUTNAM,AVE,3,1826,69,A,0,421-A (1-15),421-A (1-15),
3018310016,11221,522,PUTNAM,AVE,3,1831,16,A,0,,GARDEN COMPLEX,
3018310017,11221,524,PUTNAM,AVE,3,1831,17,A,0,,,
3016447504,11221,583,PUTNAM,AVE,3,1644,7504,A,0,421-A (1-15),421-A (1-15),
3016440062,11221,605,PUTNAM,AVE,3,1644,62,A,0,,,
3016500001,11221,654,PUTNAM,AVE,3,1650,1,A,0,,,
3016500012,11221,676,PUTNAM,AVE,3,1650,12,A,0,,,
3016510018,11221,752,PUTNAM,AVE,3,1651,18,A,0,,,
3016460056,11221,763,PUTNAM,AVE,3,1646,56,A,0,,,
3016510041,11221,796,PUTNAM,AVE,3,1651,41,A,0,,SECTION 610 OF PHFL ARTICLE 11,
3016470084,11221,797,PUTNAM,AVE,3,1647,84,A,0,,,
3016520009,11221,808,PUTNAM,AVE,3,1652,9,A,0,,,
3016520019,11221,828,PUTNAM,AVE,3,1652,19,A,0,,SECTION 610 OF PHFL ARTICLE 11,
3016480001,11221,861,PUTNAM,AVE,3,1648,1,A,0,,,
3014830001,11221,951,PUTNAM,AVE,3,1483,1,A,0,,,
3014830059,11221,967,PUTNAM,AVE,3,1483,59,A,0,J-51,J-51,
3014830058,11221,969,PUTNAM,AVE,3,1483,58,A,0,,,
3014850015,11221,984,PUTNAM,AVE,3,1485,15,A,0,,GARDEN COMPLEX,
3014830046,11221,987,PUTNAM,AVE,3,1483,46,A,0,,GARDEN COMPLEX,
3014850017,11221,988,PUTNAM,AVE,3,1485,17,A,0,,GARDEN COMPLEX,
3014850020,11221,994,PUTNAM,AVE,3,1485,20,A,0,,GARDEN COMPLEX,
3014850022,11221,998,PUTNAM,AVE,3,1485,22,A,0,,,
3014840043,11221,1007 TO 1009,PUTNAM,AVE,3,1484,43,A,0,,,
3014840041,11221,1013,PUTNAM,AVE,3,1484,41,A,0,,,
3014840037,11221,1019 TO 1021,PUTNAM,AVE,3,1484,37,B,0,,,
3014840035,11221,1023 TO 1025,PUTNAM,AVE,3,1484,35,A,0,,,
3014860011,11221,1042,PUTNAM,AVE,3,1486,11,A,0,J-51,GARDEN COMPLEX J-51,
3014860015,11221,1052,PUTNAM,AVE,3,1486,15,A,0,,,
3014860016,11221,1054,PUTNAM,AVE,3,1486,16,A,0,,,
3014860020,11221,1064,PUTNAM,AVE,3,1486,20,A,0,,,
3014860025,11221,1074,PUTNAM,AVE,3,1486,25,A,0,,SECTION 610 OF PHFL,
3014860027,11221,1076 TO 1080,PUTNAM,AVE,3,1486,27,A,0,,SECTION 610 OF PHFL,
3033730015,11221,1100,PUTNAM,AVE,3,3373,15,A,0,421-A (1-15),421-A (1-15),
3033660050,11221,1117,PUTNAM,AVE,3,3366,50,A,0,,,
3033660045,11221,1125,PUTNAM,AVE,3,3366,45,A,0,,,
3033670056,11221,1149,PUTNAM,AVE,3,3367,56,A,0,,,
3033740026,11221,1182,PUTNAM,AVE,3,3374,26,A,0,J-51,J-51,
3033680055,11221,1223,PUTNAM,AVE,3,3368,55,A,0,421-A (16),421-A (16),
3033690064,11221,1275,PUTNAM,AVE,3,3369,64,A,0,,,
3033760016,11221,1278,PUTNAM,AVE,3,3376,16,A,0,,GARDEN COMPLEX,
3033760034,11221,1316,PUTNAM,AVE,3,3376,34,A,0,,,
3033700001,11221,1341,PUTNAM,AVE,3,3370,1,A,0,,,443 WILSON AVE
3033770022,11221,1366,PUTNAM,AVE,3,3377,22,A,0,,GARDEN COMPLEX,
3033770024,11221,1368,PUTNAM,AVE,3,3377,24,A,0,J-51,J-51,
3033770031,11221,1386,PUTNAM,AVE,3,3377,31,A,0,,,
3018100028,11221,448,QUINCY,ST,3,1810,28,A,0,,,
3018060076,11221,461A,QUINCY,ST,3,1806,76,A,0,421-A (1-15),421-A (1-15),
3018100042,11221,474,QUINCY,ST,3,1810,42,A,0,,,
3018060053,11221,495,QUINCY,ST,3,1806,53,A,0,,,
3018110018,11221,502,QUINCY,ST,3,1811,18,A,0,421-A (1-15),421-A (1-15),
3016250001,11221,585,QUINCY,ST,3,1625,1,B,0,,GARDEN COMPLEX,
3016250080,11221,587,QUINCY,ST,3,1625,80,A,0,J-51,J-51 SECTION 610 OF PHFL,
3016250079,11221,589,QUINCY,ST,3,1625,79,A,0,,,
3016250076,11221,591,QUINCY,ST,3,1625,76,A,0,J-51,J-51 SECTION 610 OF PHFL,
3016290032,11221,592,QUINCY,ST,3,1629,32,A,0,J-51,J-51 SEC 608,
3016250072,11221,599,QUINCY,ST,3,1625,72,A,0,,GARDEN COMPLEX,
3016250071,11221,601,QUINCY,ST,3,1625,71,A,0,J-51,J-51 SEC 608,
3016250067,11221,609,QUINCY,ST,3,1625,67,A,0,J-51,GARDEN COMPLEX J-51,
3016250063,11221,617,QUINCY,ST,3,1625,63,A,0,,,
3016250062,11221,619,QUINCY,ST,3,1625,62,B,0,,,
3016250034,11221,625 TO 629,QUINCY,ST,3,1625,34,A,0,,GARDEN COMPLEX,
3016260080,11221,655,QUINCY,ST,3,1626,80,A,0,421-A (1-15),GARDEN COMPLEX 421-A (1-15),
3016260078,11221,657,QUINCY,ST,3,1626,78,A,0,,GARDEN COMPLEX,
3016300040,11221,676,QUINCY,ST,3,1630,40,A,0,,,186 STUYVESANT AVE
3016260066,11221,677,QUINCY,ST,3,1626,66,A,0,J-51,J-51,
3016310025,11221,722,QUINCY,ST,3,1631,25,A,0,J-51,J-51 SEC 608,
3016270075,11221,735,QUINCY,ST,3,1627,75,A,0,,,
3016320007,11221,752,QUINCY,ST,3,1632,7,A,0,421-A (1-15),421-A (1-15),
3016330019,11221,834,QUINCY,ST,3,1633,19,A,0,421-A (1-15),GARDEN COMPLEX 421-A (1-15),
3016330025,11221,846,QUINCY,ST,3,1633,25,A,0,421-A (16),421-A (16),
3014830003,11221,75 TO 83,RALPH,AVE,3,1483,3,A,0,421-A (1-15),421-A (1-15),
3016530050,11221,94,RALPH,AVE,3,1653,50,A,0,,,
3016530052,11221,96,RALPH,AVE,3,1653,52,A,0,,,
3016530058,11221,102,RALPH,AVE,3,1653,58,A,0,,GARDEN COMPLEX,
3016580045,11221,108,RALPH,AVE,3,1658,45,A,0,,GARDEN COMPLEX,
3016580046,11221,110,RALPH,AVE,3,1658,46,A,0,,,
3016580047,11221,112,RALPH,AVE,3,1658,47,A,0,,GARDEN COMPLEX,
3014870004,11221,121,RALPH,AVE,3,1487,4,A,0,,GARDEN COMPLEX,
3016120004,11221,65,REID,AVE,3,1612,4,A,0,,,65 MALCOLM X BLVD
3016210043,11221,94,REID,AVE,3,1621,43,A,0,J-51,J-51,
3016320004,11221,129,REID,AVE,3,1632,4,A,1,,COOP/CONDO PLAN FILE,
3016320002,11221,133,REID,AVE,3,1632,2,A,0,,GARDEN COMPLEX,
3016460039,11221,186,REID,AVE,3,1646,39,A,0,,ARTICLE 11,186188 MALCOLM X BLVD
3016520006,11221,201,REID,AVE,3,1652,6,A,0,,ARTICLE 11,201 MALCOLM X BLVD
3016520005,11221,205,REID,AVE,3,1652,5,A,0,,ARTICLE 11,205 MALCOLM X BLVD
3032640012,11221,6,STANHOPE,ST,3,3264,12,A,0,,,
3032640017,11221,16,STANHOPE,ST,3,3264,17,A,0,,,
3032640018,11221,18,STANHOPE,ST,3,3264,18,A,0,421-A (16),421-A (16),
3032540001,11221,35,STANHOPE,ST,3,3254,1,A,0,421-A (1-15),421-A (1-15),33 STANHOPE ST
3032540078,11221,37,STANHOPE,ST,3,3254,78,A,0,421-A (1-15),421-A (1-15),
3032650011,11221,44,STANHOPE,ST,3,3265,11,A,0,,,
3032650014,11221,50,STANHOPE,ST,3,3265,14,A,0,,,
3032540065,11221,67,STANHOPE,ST,3,3254,65,A,0,421-A (16),421-A (16),
3032540058,11221,79,STANHOPE,ST,3,3254,58,A,0,421-A (1-15),421-A (1-15),
3032540057,11221,81,STANHOPE,ST,3,3254,57,A,0,421-A (1-15),421-A (1-15),
3032550134,11221,119A,STANHOPE,ST,3,3255,134,A,0,421-A (16),421-A (16),
3032550034,11221,119,STANHOPE,ST,3,3255,34,A,0,421-A (16),421-A (16),
3032550033,11221,121,STANHOPE,ST,3,3255,33,A,0,421-A (16),421-A (16),
3032550032,11221,123,STANHOPE,ST,3,3255,32,A,0,421-A (16),421-A (16),
3032550022,11221,129,STANHOPE,ST,3,3255,22,A,0,421-A (16),421-A (16),
3032550025,11221,131A,STANHOPE,ST,3,3255,25,A,0,421-A (16),421-A (16),
3032550023,11221,131,STANHOPE,ST,3,3255,23,A,0,421-A (16),421-A (16),
3032660023,11221,140,STANHOPE,ST,3,3266,23,A,0,421-A (16),GARDEN COMPLEX 421-A (16),
3032680012,11221,150,STANHOPE,ST,3,3268,12,A,0,421-A (1-15),421-A (1-15),
3031960022,11221,32,STARR,ST,3,3196,22,A,0,,,
3031960023,11221,34,STARR,ST,3,3196,23,A,0,,,
3031960024,11221,36,STARR,ST,3,3196,24,A,0,,,
3031960025,11221,38,STARR,ST,3,3196,25,A,0,,,
3031960026,11221,40,STARR,ST,3,3196,26,A,0,,,
3031960027,11221,42,STARR,ST,3,3196,27,A,0,,,
3031960028,11221,44,STARR,ST,3,3196,28,A,0,,,
3031960030,11221,48,STARR,ST,3,3196,30,A,0,,,
3032530020,11221,24,STOCKHOLM,ST,3,3253,20,A,0,,,
3032430079,11221,43,STOCKHOLM,ST,3,3243,79,A,0,,,
3032430078,11221,45,STOCKHOLM,ST,3,3243,78,A,0,,,
3032540011,11221,46,STOCKHOLM,ST,3,3254,11,A,0,421-A (16),421-A (16),
3032430063,11221,67,STOCKHOLM,ST,3,3243,63,A,0,421-A (1-15),421-A (1-15),
3032430054,11221,83,STOCKHOLM,ST,3,3243,54,A,0,,,
3032430048,11221,95,STOCKHOLM,ST,3,3243,48,A,0,,SECTION 610 OF PHFL,
3032447501,11221,113,STOCKHOLM,ST,3,3244,7501,B,0,421-A (1-15),421-A (1-15),
3032550010,11221,120,STOCKHOLM,ST,3,3255,10,A,0,421-A (1-15),421-A (1-15),
3032550012,11221,124,STOCKHOLM,ST,3,3255,12,A,0,421-A (1-15),421-A (1-15),
3032450045,11221,131,STOCKHOLM,ST,3,3245,45,A,0,,,
3032450044,11221,133,STOCKHOLM,ST,3,3245,44,A,0,,,
3032570006,11221,156,STOCKHOLM,ST,3,3257,6,A,0,,,
3032570007,11221,158,STOCKHOLM,ST,3,3257,7,A,0,421-A (1-15),421-A (1-15),
3015890047,11221,22,STUYVESANT,AVE,3,1589,47,A,0,,SECTION 610 OF PHFL,
3015990006,11221,63,STUYVESANT,AVE,3,1599,6,A,0,,,
3015990005,11221,65,STUYVESANT,AVE,3,1599,5,A,0,,,
3015990004,11221,67,STUYVESANT,AVE,3,1599,4,B,0,,,
3015990003,11221,69,STUYVESANT,AVE,3,1599,3,A,0,,,
3015990002,11221,71,STUYVESANT,AVE,3,1599,2,A,0,,,
3016030006,11221,79,STUYVESANT,AVE,3,1603,6,A,0,J-51,J-51,
3016030002,11221,87,STUYVESANT,AVE,3,1603,2,A,0,,,
3016100049,11221,124 TO 128,STUYVESANT,AVE,3,1610,49,A,0,,,
3016150046,11221,144,STUYVESANT,AVE,3,1615,46,A,0,,,
3016200047,11221,160,STUYVESANT,AVE,3,1620,47,A,0,J-51,J-51,
3016200048,11221,162,STUYVESANT,AVE,3,1620,48,A,0,,,
3016200049,11221,164,STUYVESANT,AVE,3,1620,49,A,0,J-51,J-51,
3016300044,11221,192,STUYVESANT,AVE,3,1630,44,A,0,421-A (1-15),421-A (1-15),
3016300045,11221,194,STUYVESANT,AVE,3,1630,45,A,0,,GARDEN COMPLEX,
3016460010,11221,233,STUYVESANT,AVE,3,1646,10,A,0,,,
3016010002,11221,167 TO 173,SUMNER,AVE,3,1601,2,A,0,,,167173 MARCUS GARVEY BLVD
3017870037,11221,188,SUMNER,AVE,3,1787,37,B,0,,,188 MARCUS GARVEY BLVD
3018060039,11221,256,SUMNER,AVE,3,1806,39,A,0,,,256 MARCUS GARVEY BLVD
3018310046,11221,354,SUMNER,AVE,3,1831,46,A,0,,GARDEN COMPLEX,
3032040032,11221,39 TO 49,SUYDAM,ST,3,3204,32,A,0,421-A (1-15),GARDEN COMPLEX 421-A (1-15),692 BUSHWICK AVE
3032150022,11221,84,SUYDAM,ST,3,3215,22,A,0,,,
3032070066,11221,87,SUYDAM,ST,3,3207,66,A,0,,,
3032177502,11221,100 TO 102,SUYDAM,ST,3,3217,7502,A,0,421-A (16),421-A (16),
3032070057,11221,105,SUYDAM,ST,3,3207,57,A,0,,,
3032070051,11221,115,SUYDAM,ST,3,3207,51,A,0,421-A (1-15),421-A (1-15),
3032170018,11221,128,SUYDAM,ST,3,3217,18,A,0,,GARDEN COMPLEX,
3032080052,11221,159,SUYDAM,ST,3,3208,52,A,0,,GARDEN COMPLEX,
3032080050,11221,163,SUYDAM,ST,3,3208,50,A,0,,,
3032080049,11221,165,SUYDAM,ST,3,3208,49,A,0,,,
3032180021,11221,176,SUYDAM,ST,3,3218,21,A,0,,,
3032180022,11221,178,SUYDAM,ST,3,3218,22,A,0,,,
3032180026,11221,186,SUYDAM,ST,3,3218,26,A,0,,,
3017810048,11221,368,THROOP,AVE,3,1781,48,A,0,421-A (1-15),GARDEN COMPLEX 421-A (1-15),
3017860039,11221,378,THROOP,AVE,3,1786,39,A,0,,,
3018060009,11221,417,THROOP,AVE,3,1806,9,A,0,,,
3018060006,11221,423,THROOP,AVE,3,1806,6,A,0,,,
3018060003,11221,429,THROOP,AVE,3,1806,3,A,0,,,
3018110001,11221,437,THROOP,AVE,3,1811,1,A,0,J-51,J-51,
3018310005,11221,515,THROOP,AVE,3,1831,5,A,0,J-51,J-51,
3018310001,11221,523,THROOP,AVE,3,1831,1,A,0,,,419 JEFFERSON AVE
3018300042,11221,550,THROOP,AVE,3,1830,42,A,0,,,
3017910074,11221,25,VAN BUREN,ST,3,1791,74,A,0,,,
3017910073,11221,27,VAN BUREN,ST,3,1791,73,A,0,421-A (1-15),421-A (1-15),
3017910072,11221,31,VAN BUREN,ST,3,1791,72,A,0,,,
3017920068,11221,101 TO 103,VAN BUREN,ST,3,1792,68,A,0,,,
3017920064,11221,117,VAN BUREN,ST,3,1792,64,A,0,,,
3016090001,11221,165 TO 169,VAN BUREN,ST,3,1609,1,A,0,,,
3016090079,11221,171,VAN BUREN,ST,3,1609,79,A,0,,,
3016090046,11221,241,VAN BUREN,ST,3,1609,46,A,0,,GARDEN COMPLEX,
3016100001,11221,253 TO 255,VAN BUREN,ST,3,1610,1,B,0,,,
3016150005,11221,262,VAN BUREN,ST,3,1615,5,B,0,J-51,GARDEN COMPLEX J-51,173175 LEWIS AVE
3016150030,11221,312,VAN BUREN,ST,3,1615,30,B,0,J-51,GARDEN COMPLEX J-51,
3016120064,11221,477 TO 479,VAN BUREN,ST,3,1612,64,A,0,,GARDEN COMPLEX ARTICLE 11,
3016120062,11221,481,VAN BUREN,ST,3,1612,62,A,0,,GARDEN COMPLEX ARTICLE 11,
3016120061,11221,489,VAN BUREN,ST,3,1612,61,A,0,421-A (1-15),421-A (1-15),
3016170037,11221,512,VAN BUREN,ST,3,1617,37,B,0,,,
3033947501,11221,11,WEIRFIELD,ST,3,3394,7501,A,0,421-A (16),421-A (16),
3015930014,11221,858A,WILLOUGHBY,AVE,3,1593,14,A,0,421-A (1-15),421-A (1-15),
3015930013,11221,858,WILLOUGHBY,AVE,3,1593,13,A,0,,,
3015930016,11221,860A,WILLOUGHBY,AVE,3,1593,16,A,0,421-A (1-15),421-A (1-15),
3015930015,11221,860,WILLOUGHBY,AVE,3,1593,15,A,0,421-A (1-15),421-A (1-15),
3015930023,11221,874,WILLOUGHBY,AVE,3,1593,23,A,0,421-A (16),421-A (16),1014 BROADWAY
3031940048,11221,891 TO 893,WILLOUGHBY,AVE,3,3194,48,A,0,421-A (16),GARDEN COMPLEX 421-A (16),
3032060001,11221,960 TO 972,WILLOUGHBY,AVE,3,3206,1,A,0,,,
3031830052,11221,961 TO 965,WILLOUGHBY,AVE,3,3183,52,A,0,,,
3031830051,11221,967,WILLOUGHBY,AVE,3,3183,51,A,0,,,
3031830050,11221,969,WILLOUGHBY,AVE,3,3183,50,A,0,,,
3031840062,11221,987,WILLOUGHBY,AVE,3,3184,62,A,0,421-A (16),421-A (16),
3031840060,11221,991,WILLOUGHBY,AVE,3,3184,60,A,0,421-A (1-15),421-A (1-15),
3032070008,11221,992,WILLOUGHBY,AVE,3,3207,8,A,0,,,
3031840056,11221,999,WILLOUGHBY,AVE,3,3184,56,A,0,,,
3032070013,11221,1002,WILLOUGHBY,AVE,3,3207,13,A,0,,GARDEN COMPLEX,
3032070016,11221,1008,WILLOUGHBY,AVE,3,3207,16,A,0,J-51,J-51,
3031960052,11221,1053,WILLOUGHBY,AVE,3,3196,52,A,0,,,
3032080011,11221,1054,WILLOUGHBY,AVE,3,3208,11,A,0,,,
3032080012,11221,1056,WILLOUGHBY,AVE,3,3208,12,A,0,,,
3033520001,11221,399 TO 407,WILSON,AVE,3,3352,1,A,0,,,
3033700007,11221,433,WILSON,AVE,3,3370,7,A,0,,,
3033700006,11221,435,WILSON,AVE,3,3370,6,A,0,421-A (16),GARDEN COMPLEX 421-A (16),
3033700005,11221,437,WILSON,AVE,3,3370,5,A,0,,GARDEN COMPLEX,
3033700003,11221,441,WILSON,AVE,3,3370,3,A,0,,,
3033830038,11221,464,WILSON,AVE,3,3383,38,A,0,,,
3033840005,11221,465,WILSON,AVE,3,3384,5,A,0,,,
3033910004,11221,475,WILSON,AVE,3,3391,4,A,0,,,
3033910002,11221,477,WILSON,AVE,3,3391,2,A,0,,,
3033910001,11221,479,WILSON,AVE,3,3391,1,A,0,,,
3033980006,11221,515,WILSON,AVE,3,3398,6,A,0,,,
3033980004,11221,517,WILSON,AVE,3,3398,4,A,0,,,
3033480051,11221,25,WOODBINE,ST,3,3348,51,A,0,,GARDEN COMPLEX,
3033490045,11221,65,WOODBINE,ST,3,3349,45,A,0,421-A (1-15),421-A (1-15),
3033500050,11221,121,WOODBINE,ST,3,3350,50,A,0,J-51,J-51,
3033500044,11221,133,WOODBINE,ST,3,3350,44,A,0,J-51,GARDEN COMPLEX J-51,
3033500040,11221,141,WOODBINE,ST,3,3350,40,A,0,421-A (16),421-A (16),
3033500039,11221,143,WOODBINE,ST,3,3350,39,A,0,421-A (16),421-A (16),
3027220010,11222,64,BAYARD,ST,3,2722,10,A,0,421-A (1-15),421-A (1-15),
3027190032,11222,137 TO 141,BAYARD,ST,3,2719,32,A,0,421-A (16),421-A (16),
3027240018,11222,150,BAYARD,ST,3,2724,18,A,0,421-A (16),421-A (16),
3028350038,11222,73,BEADEL,ST,3,2835,38,B,0,,,
3028350036,11222,77,BEADEL,ST,3,2835,36,A,0,,,
3028350032,11222,85,BEADEL,ST,3,2835,32,A,0,,,
3024720200,11222,1 TO 3,BELL SLIP,,3,2472,200,A,0,421-A (16),421-A (16),
3024727503,11222,1,BLUE SLIP,,3,2472,7503,A,0,421-A (16),421-A (16),37 BLUE SLIP
3002800007,11222,2,BLUE SLIP,,3,280,7,A,0,421-A (16),421-A (16),
3024830017,11222,56,BOX,ST,3,2483,17,A,0,421-A (16),GARDEN COMPLEX 421-A (16),
3024830023,11222,68,BOX,ST,3,2483,23,A,0,,,
3024830024,11222,70,BOX,ST,3,2483,24,B,0,,,
3024830025,11222,72,BOX,ST,3,2483,25,A,0,421-A (1-15),421-A (1-15),
3027010030,11222,48,BROOME,ST,3,2701,30,A,0,,,
3025930018,11222,108,CALYER,ST,3,2593,18,A,0,,,
3025930019,11222,110,CALYER,ST,3,2593,19,A,0,,,
3025720031,11222,145,CALYER,ST,3,2572,31,A,0,,,
3025950020,11222,156,CALYER,ST,3,2595,20,A,0,,,
3025740034,11222,191,CALYER,ST,3,2574,34,A,0,,,
3025980012,11222,196 TO 198,CALYER,ST,3,2598,12,A,0,,,
3025980013,11222,200,CALYER,ST,3,2598,13,A,0,,,
3025980015,11222,204,CALYER,ST,3,2598,15,A,0,,,
3025750031,11222,211,CALYER,ST,3,2575,31,A,0,,,
3025750030,11222,213,CALYER,ST,3,2575,30,A,0,,,
3025760027,11222,227,CALYER,ST,3,2576,27,A,0,,,
3025760026,11222,229,CALYER,ST,3,2576,26,A,0,,,
3025760024,11222,233,CALYER,ST,3,2576,24,A,0,,,
3024870026,11222,44,CLAY,ST,3,2487,26,A,0,,,
3024870027,11222,46,CLAY,ST,3,2487,27,A,0,,,
3024830062,11222,77,CLAY,ST,3,2483,62,A,0,421-A (16),GARDEN COMPLEX 421-A (16),
3024830055,11222,85,CLAY,ST,3,2483,55,A,0,,,
3024880012,11222,92,CLAY,ST,3,2488,12,A,0,,,
3024830053,11222,93,CLAY,ST,3,2483,53,A,0,,,
3024830052,11222,95,CLAY,ST,3,2483,52,A,0,,,
3024830051,11222,97R,CLAY,ST,3,2483,51,A,0,,,
3024880015,11222,98,CLAY,ST,3,2488,15,A,0,421-A (1-15),GARDEN COMPLEX 421-A (1-15),
3024830050,11222,99,CLAY,ST,3,2483,50,A,0,,,
3024880016,11222,100,CLAY,ST,3,2488,16,A,0,,,
3024880018,11222,104,CLAY,ST,3,2488,18,A,0,,,
3024880020,11222,108,CLAY,ST,3,2488,20,A,0,,,
3024880021,11222,110,CLAY,ST,3,2488,21,A,0,,,
3025930030,11222,11,CLIFFORD,PL,3,2593,30,A,0,,,
3025940008,11222,12,CLIFFORD,PL,3,2594,8,A,0,,,
3025930031,11222,13,CLIFFORD,PL,3,2593,31,A,0,,,
3025940007,11222,14,CLIFFORD,PL,3,2594,7,A,0,,,
3025930032,11222,15,CLIFFORD,PL,3,2593,32,B,0,,,
3025930034,11222,17,CLIFFORD,PL,3,2593,34,B,0,,,
3025930035,11222,19,CLIFFORD,PL,3,2593,35,A,0,,,
3025930036,11222,21,CLIFFORD,PL,3,2593,36,A,0,,,
3024727502,11222,5,COMMERCIAL,ST,3,2472,7502,A,0,,SECTION 610 OF PHFL,
3024727501,11222,21,COMMERCIAL,ST,3,2472,7501,A,0,,SECTION 610 OF PHFL,
3024727504,11222,35,COMMERCIAL,ST,3,2472,7504,A,0,,,
3024727505,11222,77,COMMERCIAL,ST,3,2472,7505,A,0,"421-A (1-15),421-A (16)",421-A (1-15),
3026850038,11222,12,DIAMOND,ST,3,2685,38,A,0,,,
3026850036,11222,16,DIAMOND,ST,3,2685,36,A,0,,,
3026840029,11222,19,DIAMOND,ST,3,2684,29,A,0,,,
3026840027,11222,23,DIAMOND,ST,3,2684,27,A,0,,,
3026840024,11222,29,DIAMOND,ST,3,2684,24,A,0,,,
3026840023,11222,31,DIAMOND,ST,3,2684,23,A,0,,,
3026840021,11222,35,DIAMOND,ST,3,2684,21,A,0,,,
3026850056,11222,38,DIAMOND,ST,3,2685,56,A,0,,,
3026850058,11222,42 TO 44,DIAMOND,ST,3,2685,58,A,0,,,
3026840019,11222,43,DIAMOND,ST,3,2684,19,A,0,,,
3026840018,11222,45,DIAMOND,ST,3,2684,18,A,0,,,
3026850062,11222,50,DIAMOND,ST,3,2685,62,A,0,,,
3026840014,11222,53,DIAMOND,ST,3,2684,14,A,0,421-A (1-15),421-A (1-15),
3026850065,11222,56,DIAMOND,ST,3,2685,65,A,0,,,
3026840010,11222,61,DIAMOND,ST,3,2684,10,A,0,,,
3026850069,11222,64,DIAMOND,ST,3,2685,69,A,0,,,
3026840008,11222,65,DIAMOND,ST,3,2684,8,A,0,,,
3026850070,11222,66,DIAMOND,ST,3,2685,70,A,0,,,
3026840007,11222,67,DIAMOND,ST,3,2684,7,A,0,,,
3026520035,11222,76,DIAMOND,ST,3,2652,35,A,0,,,
3026510026,11222,87,DIAMOND,ST,3,2651,26,B,0,,,
3026520043,11222,90,DIAMOND,ST,3,2652,43,B,0,,,
3026520045,11222,92A,DIAMOND,ST,3,2652,45,A,0,,,
3026520044,11222,92,DIAMOND,ST,3,2652,44,A,0,,,
3026520046,11222,94,DIAMOND,ST,3,2652,46,A,0,,,
3026520047,11222,96,DIAMOND,ST,3,2652,47,A,0,421-A (1-15),421-A (1-15),
3026510021,11222,97,DIAMOND,ST,3,2651,21,A,0,,,
3026510020,11222,99,DIAMOND,ST,3,2651,20,A,0,,,
3026520049,11222,100,DIAMOND,ST,3,2652,49,A,0,,,
3026520050,11222,102,DIAMOND,ST,3,2652,50,A,0,,,
3026510018,11222,103,DIAMOND,ST,3,2651,18,A,0,,,
3026520051,11222,106,DIAMOND,ST,3,2652,51,A,0,,,
3026510015,11222,109,DIAMOND,ST,3,2651,15,A,0,,,
3026520055,11222,112,DIAMOND,ST,3,2652,55,A,0,,,
3026520056,11222,114 TO 118,DIAMOND,ST,3,2652,56,A,0,,,
3026510011,11222,117,DIAMOND,ST,3,2651,11,A,0,,,
3026250040,11222,130,DIAMOND,ST,3,2625,40,A,0,421-A (1-15),421-A (1-15),
3026160009,11222,121,DOBBIN,ST,3,2616,9,A,0,,,
3027070007,11222,23,DRIGGS,AVE,3,2707,7,A,0,,,
3026900043,11222,30,DRIGGS,AVE,3,2690,43,A,0,,,
3027070003,11222,31,DRIGGS,AVE,3,2707,3,B,0,,,
3026900044,11222,32,DRIGGS,AVE,3,2690,44,A,0,,,
3026900045,11222,34,DRIGGS,AVE,3,2690,45,A,0,,,
3026900046,11222,36,DRIGGS,AVE,3,2690,46,A,0,,,
3027060018,11222,37,DRIGGS,AVE,3,2706,18,A,0,,,
3026890049,11222,42,DRIGGS,AVE,3,2689,49,A,0,,GARDEN COMPLEX,
3026890050,11222,44,DRIGGS,AVE,3,2689,50,A,0,,,
3026890051,11222,46,DRIGGS,AVE,3,2689,51,A,0,,,
3027060016,11222,47,DRIGGS,AVE,3,2706,16,A,0,,,
3027060015,11222,49,DRIGGS,AVE,3,2706,15,A,0,,,
3027060014,11222,51,DRIGGS,AVE,3,2706,14,A,0,,,
3027050021,11222,67,DRIGGS,AVE,3,2705,21,A,0,,,
3027050020,11222,69,DRIGGS,AVE,3,2705,20,A,0,,,
3027050018,11222,73,DRIGGS,AVE,3,2705,18,A,0,,,
3027050017,11222,75,DRIGGS,AVE,3,2705,17,A,0,,,
3027040022,11222,95,DRIGGS,AVE,3,2704,22,A,0,,,
3027030025,11222,121,DRIGGS,AVE,3,2703,25,A,0,,,
3027030024,11222,123,DRIGGS,AVE,3,2703,24,A,0,,,
3027030023,11222,125,DRIGGS,AVE,3,2703,23,A,0,,,
3027030022,11222,127,DRIGGS,AVE,3,2703,22,A,0,,,
3027020024,11222,145,DRIGGS,AVE,3,2702,24,A,0,,,
3027020023,11222,147,DRIGGS,AVE,3,2702,23,A,0,421-A (1-15),421-A (1-15),
3026860048,11222,148,DRIGGS,AVE,3,2686,48,A,0,,,
3027020022,11222,149,DRIGGS,AVE,3,2702,22,A,0,,,
3027020021,11222,151 TO 153,DRIGGS,AVE,3,2702,21,A,0,,,
3026840032,11222,178,DRIGGS,AVE,3,2684,32,A,0,,,
3026840034,11222,180,DRIGGS,AVE,3,2684,34,A,0,,,
3026840036,11222,184,DRIGGS,AVE,3,2684,36,A,0,,,
3026840037,11222,190,DRIGGS,AVE,3,2684,37,A,0,,,
3026840038,11222,192,DRIGGS,AVE,3,2684,38,A,0,,,
3027000018,11222,195,DRIGGS,AVE,3,2700,18,A,0,,,
3026830032,11222,212,DRIGGS,AVE,3,2683,32,A,0,,,
3026830033,11222,214,DRIGGS,AVE,3,2683,33,A,0,,,
3027000004,11222,235,DRIGGS,AVE,3,2700,4,A,0,,GARDEN COMPLEX,
3026980019,11222,273,DRIGGS,AVE,3,2698,19,A,0,,,
3026980018,11222,275,DRIGGS,AVE,3,2698,18,A,0,,,
3026980017,11222,277,DRIGGS,AVE,3,2698,17,A,0,,,
3026810041,11222,280,DRIGGS,AVE,3,2681,41,A,0,,,
3024950015,11222,64,DUPONT,ST,3,2495,15,A,0,,,
3024950029,11222,92,DUPONT,ST,3,2495,29,A,0,,,
3024950040,11222,108,DUPONT,ST,3,2495,40,A,0,,,
3024870048,11222,111,DUPONT,ST,3,2487,48,A,0,,,
3024960011,11222,132R,DUPONT,ST,3,2496,11,A,0,,,
3024880055,11222,135,DUPONT,ST,3,2488,55,A,0,,,
3024960013,11222,136,DUPONT,ST,3,2496,13,A,0,,,
3024880053,11222,139,DUPONT,ST,3,2488,53,A,0,,,
3024880052,11222,141,DUPONT,ST,3,2488,52,A,0,421-A (1-15),GARDEN COMPLEX 421-A (1-15),
3024880050,11222,145,DUPONT,ST,3,2488,50,A,0,,GARDEN COMPLEX,
3024880047,11222,151,DUPONT,ST,3,2488,47,A,0,,,
3024880046,11222,153,DUPONT,ST,3,2488,46,A,0,,,
3024960021,11222,154,DUPONT,ST,3,2496,21,A,0,,,
3024880044,11222,157,DUPONT,ST,3,2488,44,A,0,,,
3024960024,11222,158A,DUPONT,ST,3,2496,24,A,0,,,
3024880043,11222,159,DUPONT,ST,3,2488,43,A,0,,,
3024960025,11222,160,DUPONT,ST,3,2496,25,A,0,,,
3024960026,11222,162,DUPONT,ST,3,2496,26,A,0,,,
3024720021,11222,1,EAGLE,ST,3,2472,21,A,0,421-A (16),421-A (16),
3024947501,11222,33,EAGLE,ST,3,2494,7501,A,0,,SECTION 610 OF PHFL,
3024950001,11222,75,EAGLE,ST,3,2495,1,A,0,,,258 FRANKLIN ST
3025040011,11222,80,EAGLE,ST,3,2504,11,A,0,,,
3024950074,11222,85,EAGLE,ST,3,2495,74,A,0,J-51,J-51,
3024950073,11222,87,EAGLE,ST,3,2495,73,A,0,,,
3025040015,11222,88,EAGLE,ST,3,2504,15,A,0,,,
3025040016,11222,90,EAGLE,ST,3,2504,16,A,0,,,
3024950170,11222,91,EAGLE,ST,3,2495,170,A,0,,GARDEN COMPLEX,
3025040017,11222,92,EAGLE,ST,3,2504,17,B,0,,,
3025040019,11222,96,EAGLE,ST,3,2504,19,A,0,,,
3025040020,11222,98,EAGLE,ST,3,2504,20,A,0,,,
3025040021,11222,100,EAGLE,ST,3,2504,21,A,0,,,
3025040023,11222,106,EAGLE,ST,3,2504,23,A,0,,,
3025040027,11222,114,EAGLE,ST,3,2504,27,A,0,,,
3024950058,11222,117,EAGLE,ST,3,2495,58,A,0,,,
3024950053,11222,127,EAGLE,ST,3,2495,53,A,0,,,
3025040034,11222,128,EAGLE,ST,3,2504,34,A,0,421-A (1-15),421-A (1-15),
3024960058,11222,153,EAGLE,ST,3,2496,58,A,0,,,
3024960057,11222,155,EAGLE,ST,3,2496,57,A,0,,,
3025050013,11222,160,EAGLE,ST,3,2505,13,A,0,,,
3025050014,11222,162,EAGLE,ST,3,2505,14,A,0,,,
3024960048,11222,173,EAGLE,ST,3,2496,48,A,0,,,
3025050022,11222,178,EAGLE,ST,3,2505,22,A,0,,,
3025050025,11222,182 TO 186,EAGLE,ST,3,2505,25,A,0,421-A (1-15),GARDEN COMPLEX 421-A (1-15),
3024960043,11222,183,EAGLE,ST,3,2496,43,A,0,,,
3025050027,11222,188,EAGLE,ST,3,2505,27,A,0,,,
3027140033,11222,6 TO 14,ECKFORD,ST,3,2714,33,A,0,421-A (16),421-A (16),
3026820041,11222,96,ECKFORD,ST,3,2682,41,A,0,,,
3026820043,11222,100,ECKFORD,ST,3,2682,43,A,0,,,
3026820047,11222,106,ECKFORD,ST,3,2682,47,A,0,,,
3026820050,11222,112,ECKFORD,ST,3,2682,50,A,0,,,
3026810020,11222,113,ECKFORD,ST,3,2681,20,A,0,,,
3026810019,11222,115,ECKFORD,ST,3,2681,19,A,0,,,
3026820052,11222,116,ECKFORD,ST,3,2682,52,A,0,,,
3026810018,11222,117,ECKFORD,ST,3,2681,18,A,0,,,
3026820053,11222,118,ECKFORD,ST,3,2682,53,A,0,,,
3026810017,11222,119,ECKFORD,ST,3,2681,17,A,0,,,
3026820054,11222,120,ECKFORD,ST,3,2682,54,A,0,,,
3026480025,11222,153,ECKFORD,ST,3,2648,25,A,0,,,
3026490040,11222,154,ECKFORD,ST,3,2649,40,B,0,,,
3026480024,11222,155,ECKFORD,ST,3,2648,24,A,0,,,
3026480023,11222,157,ECKFORD,ST,3,2648,23,A,0,,,
3026490042,11222,158,ECKFORD,ST,3,2649,42,A,0,,,
3026490043,11222,160,ECKFORD,ST,3,2649,43,A,0,,,
3026490045,11222,164,ECKFORD,ST,3,2649,45,A,0,,,
3026490048,11222,170,ECKFORD,ST,3,2649,48,A,0,,,
3026220038,11222,208,ECKFORD,ST,3,2622,38,A,0,,,
3026220039,11222,210,ECKFORD,ST,3,2622,39,A,0,,,
3026220047,11222,226,ECKFORD,ST,3,2622,47,A,0,,,
3026220051,11222,234,ECKFORD,ST,3,2622,51,A,0,,,
3026210011,11222,235,ECKFORD,ST,3,2621,11,A,0,,,
3026220052,11222,236,ECKFORD,ST,3,2622,52,A,0,,,
3025980022,11222,259,ECKFORD,ST,3,2598,22,A,0,,,
3025990005,11222,266,ECKFORD,ST,3,2599,5,A,0,,,
3025750026,11222,289,ECKFORD,ST,3,2575,26,A,0,,,
3025760034,11222,292,ECKFORD,ST,3,2576,34,A,0,,,
3025750022,11222,297,ECKFORD,ST,3,2575,22,A,0,,,
3025760037,11222,298,ECKFORD,ST,3,2576,37,A,0,,,
3025750018,11222,305,ECKFORD,ST,3,2575,18,A,0,,,
3025760042,11222,308,ECKFORD,ST,3,2576,42,A,0,421-A (1-15),421-A (1-15),
3025750013,11222,315,ECKFORD,ST,3,2575,13,A,0,,,
3025750012,11222,317,ECKFORD,ST,3,2575,12,A,0,,,
3025750011,11222,319,ECKFORD,ST,3,2575,11,A,0,,,
3026990038,11222,69,ENGERT,AVE,3,2699,38,A,0,,,
3026990036,11222,73,ENGERT,AVE,3,2699,36,A,0,,,
3026990035,11222,75,ENGERT,AVE,3,2699,35,A,0,,,
3027010053,11222,105,ENGERT,AVE,3,2701,53,A,0,,,
3027010052,11222,107,ENGERT,AVE,3,2701,52,A,0,,,
3027150013,11222,130,ENGERT,AVE,3,2715,13,B,0,,,
3027010040,11222,131,ENGERT,AVE,3,2701,40,A,0,,,
3027010039,11222,133,ENGERT,AVE,3,2701,39,A,0,,,
3027010038,11222,135,ENGERT,AVE,3,2701,38,A,0,,,
3027150014,11222,136,ENGERT,AVE,3,2715,14,A,0,,,
3027010037,11222,137,ENGERT,AVE,3,2701,37,A,0,,,
3027010036,11222,139,ENGERT,AVE,3,2701,36,B,0,,GARDEN COMPLEX,
3027020001,11222,143,ENGERT,AVE,3,2702,1,A,0,,,
3027020045,11222,145,ENGERT,AVE,3,2702,45,A,0,,,
3027020044,11222,149,ENGERT,AVE,3,2702,44,A,0,,,
3027020043,11222,153,ENGERT,AVE,3,2702,43,A,0,,,
3027200029,11222,154,ENGERT,AVE,3,2720,29,A,0,J-51,J-51,
3027020041,11222,159,ENGERT,AVE,3,2702,41,A,0,,,
3027020040,11222,161,ENGERT,AVE,3,2702,40,A,0,,,
3027040047,11222,185,ENGERT,AVE,3,2704,47,A,0,,ROOMING HOUSE,
3027280019,11222,188,ENGERT,AVE,3,2728,19,A,0,,,
3027280020,11222,190,ENGERT,AVE,3,2728,20,A,0,,,
3027280021,11222,192,ENGERT,AVE,3,2728,21,A,0,,,
3027280022,11222,194,ENGERT,AVE,3,2728,22,A,0,,,
3025890013,11222,33 TO 41,FRANKLIN,ST,3,2589,13,A,0,421-A (16),GARDEN COMPLEX 421-A (16),82 CALYER ST
3025710025,11222,53,FRANKLIN,ST,3,2571,25,A,0,,,
3025620026,11222,99,FRANKLIN,ST,3,2562,26,A,0,,,
3025620025,11222,101,FRANKLIN,ST,3,2562,25,A,0,,,
3025660001,11222,112,FRANKLIN,ST,3,2566,1,A,0,,,
3025660007,11222,124,FRANKLIN,ST,3,2566,7,A,0,,,
3025490023,11222,133 TO 135,FRANKLIN,ST,3,2549,23,A,0,,,
3025580005,11222,152,FRANKLIN,ST,3,2558,5,A,0,,,
3025390017,11222,155,FRANKLIN,ST,3,2539,17,A,0,,,
3025310027,11222,163,FRANKLIN,ST,3,2531,27,A,0,,,
3025500004,11222,168,FRANKLIN,ST,3,2550,4,A,0,,,
3025500005,11222,170,FRANKLIN,ST,3,2550,5,B,0,,,
3025400001,11222,180 TO 182,FRANKLIN,ST,3,2540,1,A,0,,,
3025210026,11222,183,FRANKLIN,ST,3,2521,26,A,0,,,
3025210025,11222,185,FRANKLIN,ST,3,2521,25,A,0,,,
3025320001,11222,194 TO 200,FRANKLIN,ST,3,2532,1,A,0,421-A (1-15),421-A (1-15),67 INDIA ST
3025110025,11222,197,FRANKLIN,ST,3,2511,25,A,0,,,
3025320005,11222,202,FRANKLIN,ST,3,2532,5,A,0,,,
3025030028,11222,213,FRANKLIN,ST,3,2503,28,A,0,,,
3025030027,11222,215,FRANKLIN,ST,3,2503,27,A,0,,,
3025030024,11222,219,FRANKLIN,ST,3,2503,24,A,0,,,
3025220006,11222,220,FRANKLIN,ST,3,2522,6,A,0,,,
3025220007,11222,222,FRANKLIN,ST,3,2522,7,A,0,,,
3025030021,11222,225,FRANKLIN,ST,3,2503,21,A,0,,,66 EAGLE ST
3025040002,11222,244,FRANKLIN,ST,3,2504,2,A,0,,,
3025040006,11222,252,FRANKLIN,ST,3,2504,6,A,0,,,
3024950002,11222,260,FRANKLIN,ST,3,2495,2,A,0,,,
3024950003,11222,262,FRANKLIN,ST,3,2495,3,A,0,,,
3024950008,11222,276,FRANKLIN,ST,3,2495,8,A,0,,,
3025120010,11222,98,FREEMAN,ST,3,2512,10,A,0,,,
3025040074,11222,99,FREEMAN,ST,3,2504,74,A,0,,,
3025040072,11222,103,FREEMAN,ST,3,2504,72,B,0,,,
3025040070,11222,107,FREEMAN,ST,3,2504,70,A,0,,,
3025040068,11222,109,FREEMAN,ST,3,2504,68,A,0,,,
3025040067,11222,111,FREEMAN,ST,3,2504,67,A,0,,,
3025040066,11222,113,FREEMAN,ST,3,2504,66,A,0,,,
3025040065,11222,115,FREEMAN,ST,3,2504,65,A,0,,,
3025040064,11222,117,FREEMAN,ST,3,2504,64,A,0,,,
3025040063,11222,119,FREEMAN,ST,3,2504,63,A,0,,,
3025040062,11222,121,FREEMAN,ST,3,2504,62,A,0,,,
3025040060,11222,123,FREEMAN,ST,3,2504,60,A,0,,,
3025040059,11222,125,FREEMAN,ST,3,2504,59,A,0,,,
3025120035,11222,146,FREEMAN,ST,3,2512,35,A,0,,,
3025040052,11222,147,FREEMAN,ST,3,2504,52,A,0,,,
3025120036,11222,148,FREEMAN,ST,3,2512,36,A,0,,,
3025040051,11222,149,FREEMAN,ST,3,2504,51,A,0,,,
3025040050,11222,153,FREEMAN,ST,3,2504,50,A,0,,,
3025120040,11222,156,FREEMAN,ST,3,2512,40,A,0,,,
3025130010,11222,178,FREEMAN,ST,3,2513,10,A,0,,,
3025130012,11222,182,FREEMAN,ST,3,2513,12,A,0,,,
3025050057,11222,183,FREEMAN,ST,3,2505,57,A,0,,,
3025130013,11222,184,FREEMAN,ST,3,2513,13,A,0,,,
3025050056,11222,185,FREEMAN,ST,3,2505,56,A,0,421-A (1-15),421-A (1-15),
3025050053,11222,191,FREEMAN,ST,3,2505,53,A,0,,,
3025050050,11222,193 TO 197,FREEMAN,ST,3,2505,50,A,0,421-A (16),421-A (16),
3025130018,11222,196,FREEMAN,ST,3,2513,18,A,0,421-A (16),421-A (16),
3025130021,11222,200,FREEMAN,ST,3,2513,21,A,0,,,
3025050045,11222,207,FREEMAN,ST,3,2505,45,A,0,,,
3025130027,11222,212,FREEMAN,ST,3,2513,27,A,0,,,
3025050028,11222,213 TO 215,FREEMAN,ST,3,2505,28,A,0,421-A (16),421-A (16),
3025130028,11222,214,FREEMAN,ST,3,2513,28,A,0,,,
3025130029,11222,216,FREEMAN,ST,3,2513,29,A,0,421-A (16),421-A (16),
3027250118,11222,455 TO 457,GRAHAM,AVE,3,2725,118,A,0,,,
3027190022,11222,499,GRAHAM,AVE,3,2719,22,A,0,,,
3027190021,11222,501,GRAHAM,AVE,3,2719,21,A,0,,,
3027190020,11222,505,GRAHAM,AVE,3,2719,20,A,0,,,
3027140023,11222,517,GRAHAM,AVE,3,2714,23,A,0,,,
3027200008,11222,518,GRAHAM,AVE,3,2720,8,A,0,,,
3027150005,11222,528,GRAHAM,AVE,3,2715,5,A,0,,,
3027150004,11222,530,GRAHAM,AVE,3,2715,4,A,0,,,
3027150009,11222,536,GRAHAM,AVE,3,2715,9,A,0,,,
3026990031,11222,539,GRAHAM,AVE,3,2699,31,A,0,,,
3027010001,11222,540,GRAHAM,AVE,3,2701,1,A,0,421-A (16),421-A (16),
3026990029,11222,545,GRAHAM,AVE,3,2699,29,A,0,,,
3026990028,11222,549,GRAHAM,AVE,3,2699,28,A,0,,,
3027000006,11222,568,GRAHAM,AVE,3,2700,6,A,0,,GARDEN COMPLEX,
3025110033,11222,69,GREEN,ST,3,2511,33,A,0,,,
3025210015,11222,72,GREEN,ST,3,2521,15,A,0,,,
3025110030,11222,75,GREEN,ST,3,2511,30,A,0,421-A (1-15),GARDEN COMPLEX 421-A (1-15),
3025110026,11222,83,GREEN,ST,3,2511,26,A,0,,,195 FRANKLIN ST
3025220012,11222,104 TO 108,GREEN,ST,3,2522,12,A,0,,,
3025220016,11222,110 TO 142,GREEN,ST,3,2522,16,A,0,421-A (1-15),421-A (1-15),
3025220040,11222,158,GREEN,ST,3,2522,40,B,0,,,
3025120050,11222,159,GREEN,ST,3,2512,50,A,0,,,
3025130053,11222,185,GREEN,ST,3,2513,53,A,0,,,
3025130051,11222,189,GREEN,ST,3,2513,51,A,0,,,
3025130049,11222,193,GREEN,ST,3,2513,49,A,0,,,
3025230020,11222,196,GREEN,ST,3,2523,20,A,0,J-51,J-51,
3025130047,11222,197,GREEN,ST,3,2513,47,A,0,,,
3025130046,11222,199,GREEN,ST,3,2513,46,A,0,,,
3025230022,11222,200,GREEN,ST,3,2523,22,A,0,,,
3025230023,11222,202 TO 204,GREEN,ST,3,2523,23,A,0,,,
3025130044,11222,203,GREEN,ST,3,2513,44,A,0,,,
3025130042,11222,207,GREEN,ST,3,2513,42,A,0,,,
3025230027,11222,210,GREEN,ST,3,2523,27,B,0,,,
3025130040,11222,211,GREEN,ST,3,2513,40,A,0,,,
3025230028,11222,212,GREEN,ST,3,2523,28,A,0,,,
3025130039,11222,213,GREEN,ST,3,2513,39,A,0,,,
3025240008,11222,226,GREEN,ST,3,2524,8,A,0,,,
3025620010,11222,56 TO 58,GREENPOINT,AVE,3,2562,10,A,0,421-A (16),421-A (16),
3025620018,11222,72,GREENPOINT,AVE,3,2562,18,A,0,,,
3025580078,11222,83,GREENPOINT,AVE,3,2558,78,A,0,,,
3025580077,11222,85,GREENPOINT,AVE,3,2558,77,A,0,,,
3025580076,11222,87,GREENPOINT,AVE,3,2558,76,A,0,,,
3025580075,11222,89,GREENPOINT,AVE,3,2558,75,A,0,,,
3025580073,11222,93,GREENPOINT,AVE,3,2558,73,A,0,,,
3025580072,11222,95,GREENPOINT,AVE,3,2558,72,A,0,,,
3025580071,11222,97,GREENPOINT,AVE,3,2558,71,A,0,,,
3025580070,11222,99,GREENPOINT,AVE,3,2558,70,A,0,,,
3025630012,11222,100,GREENPOINT,AVE,3,2563,12,A,0,,,
3025580069,11222,101,GREENPOINT,AVE,3,2558,69,A,0,,,
3025630013,11222,102,GREENPOINT,AVE,3,2563,13,A,0,,,
3025630014,11222,104,GREENPOINT,AVE,3,2563,14,A,0,,,
3025630015,11222,106,GREENPOINT,AVE,3,2563,15,A,0,,,
3025580064,11222,109 TO 111,GREENPOINT,AVE,3,2558,64,A,0,,,
3025630017,11222,110,GREENPOINT,AVE,3,2563,17,A,0,,,
3025637502,11222,112,GREENPOINT,AVE,3,2563,7502,A,0,421-A (1-15),421-A (1-15),
3025580061,11222,117,GREENPOINT,AVE,3,2558,61,A,0,,,
3025580060,11222,119,GREENPOINT,AVE,3,2558,60,A,0,,,
3025580059,11222,121,GREENPOINT,AVE,3,2558,59,A,0,,,
3025580058,11222,123,GREENPOINT,AVE,3,2558,58,A,0,,,
3025580055,11222,125 TO 129,GREENPOINT,AVE,3,2558,55,A,0,,GARDEN COMPLEX,
3025580054,11222,131,GREENPOINT,AVE,3,2558,54,A,0,,,
3025630029,11222,132,GREENPOINT,AVE,3,2563,29,A,0,J-51,J-51,
3025630032,11222,134,GREENPOINT,AVE,3,2563,32,A,0,,,
3025590058,11222,151,GREENPOINT,AVE,3,2559,58,A,0,,,
3025590052,11222,163,GREENPOINT,AVE,3,2559,52,B,0,,,
3025590050,11222,167,GREENPOINT,AVE,3,2559,50,A,0,,,
3025590049,11222,169,GREENPOINT,AVE,3,2559,49,A,0,,GARDEN COMPLEX,
3025590048,11222,171,GREENPOINT,AVE,3,2559,48,A,0,,,
3025750002,11222,180,GREENPOINT,AVE,3,2575,2,A,0,,,
3025590043,11222,181,GREENPOINT,AVE,3,2559,43,B,0,421-A (1-15),421-A (1-15),
3025750003,11222,182,GREENPOINT,AVE,3,2575,3,A,0,,,
3025590041,11222,185,GREENPOINT,AVE,3,2559,41,A,0,,,
3025750005,11222,186,GREENPOINT,AVE,3,2575,5,A,0,421-A (1-15),421-A (1-15),
3025750006,11222,188,GREENPOINT,AVE,3,2575,6,A,0,,,
3025750008,11222,192,GREENPOINT,AVE,3,2575,8,A,0,,,
3025760005,11222,204,GREENPOINT,AVE,3,2576,5,A,0,,GARDEN COMPLEX,
3026430025,11222,71,GUERNSEY,ST,3,2643,25,B,0,,,
3026180042,11222,126,GUERNSEY,ST,3,2618,42,B,0,,GARDEN COMPLEX,
3026180043,11222,128,GUERNSEY,ST,3,2618,43,A,0,,,
3026170031,11222,129,GUERNSEY,ST,3,2617,31,A,0,,,
3026180044,11222,130,GUERNSEY,ST,3,2618,44,A,0,,,
3026170029,11222,131,GUERNSEY,ST,3,2617,29,A,0,,,
3026180045,11222,132,GUERNSEY,ST,3,2618,45,A,0,,,
3026170027,11222,133,GUERNSEY,ST,3,2617,27,A,0,,,
3026180046,11222,134,GUERNSEY,ST,3,2618,46,B,0,,,
3026170026,11222,135,GUERNSEY,ST,3,2617,26,A,0,,,
3026180047,11222,136,GUERNSEY,ST,3,2618,47,A,0,,,
3026180048,11222,138,GUERNSEY,ST,3,2618,48,A,0,,,
3026170022,11222,139,GUERNSEY,ST,3,2617,22,A,0,,,
3026180049,11222,140,GUERNSEY,ST,3,2618,49,A,0,,,
3026170021,11222,141,GUERNSEY,ST,3,2617,21,A,0,,,
3026180050,11222,142,GUERNSEY,ST,3,2618,50,A,0,,,
3026170020,11222,143,GUERNSEY,ST,3,2617,20,A,0,,,
3026170019,11222,145,GUERNSEY,ST,3,2617,19,A,0,,,
3026180052,11222,146,GUERNSEY,ST,3,2618,52,A,0,,GARDEN COMPLEX,
3026170018,11222,147,GUERNSEY,ST,3,2617,18,A,0,,,
3026180053,11222,148,GUERNSEY,ST,3,2618,53,A,0,,,
3026170017,11222,149,GUERNSEY,ST,3,2617,17,A,0,,,
3026180054,11222,150,GUERNSEY,ST,3,2618,54,A,0,,,
3026170015,11222,151,GUERNSEY,ST,3,2617,15,A,0,,,
3026180055,11222,152,GUERNSEY,ST,3,2618,55,A,0,,,
3026170013,11222,153,GUERNSEY,ST,3,2617,13,A,0,,,
3026180056,11222,154,GUERNSEY,ST,3,2618,56,A,0,,,
3025940031,11222,179,GUERNSEY,ST,3,2594,31,A,0,,,
3025940029,11222,183,GUERNSEY,ST,3,2594,29,A,0,,,
3025940028,11222,185,GUERNSEY,ST,3,2594,28,A,0,,,
3026910009,11222,73,HAUSMAN,ST,3,2691,9,A,0,,,
3028310001,11222,50,HERBERT,ST,3,2831,1,A,0,,,
3028310004,11222,54,HERBERT,ST,3,2831,4,A,0,,,
3028270030,11222,57,HERBERT,ST,3,2827,30,A,0,,,
3028270029,11222,59,HERBERT,ST,3,2827,29,A,0,,,
3028270025,11222,67,HERBERT,ST,3,2827,25,A,0,421-A (1-15),421-A (1-15),
3028290036,11222,93,HERBERT,ST,3,2829,36,A,0,421-A (1-15),421-A (1-15),
3028310035,11222,508,HUMBOLDT,ST,3,2831,35,A,0,421-A (1-15),421-A (1-15),
3027200034,11222,525,HUMBOLDT,ST,3,2720,34,A,0,,,
3027020010,11222,594,HUMBOLDT,ST,3,2702,10,A,0,,,
3027020011,11222,596,HUMBOLDT,ST,3,2702,11,A,0,,,
3027020012,11222,598,HUMBOLDT,ST,3,2702,12,B,0,,,
3027020014,11222,602,HUMBOLDT,ST,3,2702,14,A,0,,,
3027020016,11222,606,HUMBOLDT,ST,3,2702,16,A,0,,,
3026850033,11222,617,HUMBOLDT,ST,3,2685,33,A,0,,,
3026850030,11222,623,HUMBOLDT,ST,3,2685,30,A,0,,,
3026850029,11222,625,HUMBOLDT,ST,3,2685,29,A,0,,,
3026860057,11222,634,HUMBOLDT,ST,3,2686,57,A,0,,,
3026850024,11222,635,HUMBOLDT,ST,3,2685,24,A,0,,,
3026860058,11222,636,HUMBOLDT,ST,3,2686,58,A,0,,,
3026860059,11222,638,HUMBOLDT,ST,3,2686,59,A,0,,,
3026860061,11222,642,HUMBOLDT,ST,3,2686,61,A,0,,,
3026860062,11222,644,HUMBOLDT,ST,3,2686,62,A,0,,,
3026850009,11222,665,HUMBOLDT,ST,3,2685,9,A,0,,,
3026540063,11222,734,HUMBOLDT,ST,3,2654,63,A,0,,,
3025210037,11222,65,HURON,ST,3,2521,37,A,0,J-51,GARDEN COMPLEX J-51,
3025310017,11222,76,HURON,ST,3,2531,17,A,0,,,
3025310018,11222,78,HURON,ST,3,2531,18,A,0,,,
3025320010,11222,100,HURON,ST,3,2532,10,A,0,,,
3025320013,11222,106,HURON,ST,3,2532,13,A,0,,,
3025320015,11222,110,HURON,ST,3,2532,15,A,0,,,
3025220070,11222,117,HURON,ST,3,2522,70,A,0,,,
3025320019,11222,118,HURON,ST,3,2532,19,A,0,,,
3025320020,11222,120,HURON,ST,3,2532,20,A,0,,,
3025320024,11222,128,HURON,ST,3,2532,24,A,0,,,
3025220064,11222,129,HURON,ST,3,2522,64,A,0,,,
3025220063,11222,131,HURON,ST,3,2522,63,A,0,,,
3025320026,11222,132,HURON,ST,3,2532,26,A,0,,,
3025320034,11222,148 TO 150,HURON,ST,3,2532,34,A,0,421-A (16),421-A (16),
3025320036,11222,154,HURON,ST,3,2532,36,A,0,,,
3025220049,11222,155,HURON,ST,3,2522,49,A,0,,,
3025220048,11222,157,HURON,ST,3,2522,48,A,0,,,
3025320040,11222,168,HURON,ST,3,2532,40,A,0,,,
3025330018,11222,190,HURON,ST,3,2533,18,A,0,,,
3025230050,11222,191,HURON,ST,3,2523,50,A,0,421-G,421-G,
3025330019,11222,192,HURON,ST,3,2533,19,A,0,,,
3025330021,11222,196,HURON,ST,3,2533,21,A,0,,,
3025330022,11222,198,HURON,ST,3,2533,22,A,0,,,
3025330025,11222,204,HURON,ST,3,2533,25,A,0,,,
3025330026,11222,206,HURON,ST,3,2533,26,A,0,,,
3025330027,11222,208,HURON,ST,3,2533,27,A,0,,,
3025230041,11222,209,HURON,ST,3,2523,41,A,0,,,
3025330028,11222,210,HURON,ST,3,2533,28,A,0,,,
3025330030,11222,214,HURON,ST,3,2533,30,A,0,,,
3025330031,11222,216,HURON,ST,3,2533,31,A,0,,,
3025307502,11222,21,INDIA,ST,3,2530,7502,A,0,421-A (1-15),421-A (1-15),10 HURON ST
3025307501,11222,23,INDIA,ST,3,2530,7501,A,0,421-A (1-15),421-A (1-15),19 INDIA ST
3025310033,11222,49,INDIA,ST,3,2531,33,A,0,,,
3025390011,11222,50,INDIA,ST,3,2539,11,A,0,421-A (16),421-A (16),
3025310032,11222,51,INDIA,ST,3,2531,32,A,0,,,
3025390012,11222,52,INDIA,ST,3,2539,12,A,0,421-A (16),421-A (16),
3025310031,11222,53,INDIA,ST,3,2531,31,A,0,,,
3025400017,11222,90,INDIA,ST,3,2540,17,A,0,,,
3025320066,11222,93 TO 95,INDIA,ST,3,2532,66,A,0,,GARDEN COMPLEX,
3025400022,11222,100,INDIA,ST,3,2540,22,A,0,,,
3025400023,11222,102,INDIA,ST,3,2540,23,A,0,,,
3025400025,11222,104,INDIA,ST,3,2540,25,A,0,,,
3025400035,11222,124,INDIA,ST,3,2540,35,A,0,,,
3025320050,11222,125,INDIA,ST,3,2532,50,A,0,,GARDEN COMPLEX,
3025400036,11222,126,INDIA,ST,3,2540,36,A,0,421-A (1-15),421-A (1-15),
3025320047,11222,135,INDIA,ST,3,2532,47,A,0,,,
3025330001,11222,141,INDIA,ST,3,2533,1,B,0,,,
3025330059,11222,149,INDIA,ST,3,2533,59,A,0,,,
3025330058,11222,151,INDIA,ST,3,2533,58,A,0,,,
3025330057,11222,153,INDIA,ST,3,2533,57,A,0,,,
3025330056,11222,155,INDIA,ST,3,2533,56,A,0,,,
3025410014,11222,156,INDIA,ST,3,2541,14,A,0,,,
3025410020,11222,168,INDIA,ST,3,2541,20,A,0,,,
3025410021,11222,170,INDIA,ST,3,2541,21,A,0,,,
3025410024,11222,176,INDIA,ST,3,2541,24,A,0,,,
3025410025,11222,178,INDIA,ST,3,2541,25,A,0,,,
3025330045,11222,179,INDIA,ST,3,2533,45,A,0,,,
3025410026,11222,180,INDIA,ST,3,2541,26,A,0,,,
3025330044,11222,181,INDIA,ST,3,2533,44,B,0,,,
3025340052,11222,211,INDIA,ST,3,2534,52,A,0,,,
3025340051,11222,213,INDIA,ST,3,2534,51,A,0,,,
3025340050,11222,215,INDIA,ST,3,2534,50,A,0,,NONE GARDEN COMPLEX,
3025340049,11222,217,INDIA,ST,3,2534,49,A,0,,,
3025390034,11222,49,JAVA,ST,3,2539,34,A,0,,,
3025500010,11222,96,JAVA,ST,3,2550,10,A,0,,,
3025500011,11222,98,JAVA,ST,3,2550,11,B,0,,,
3025400070,11222,101,JAVA,ST,3,2540,70,B,0,,,
3025400069,11222,103,JAVA,ST,3,2540,69,A,0,,,
3025400068,11222,105,JAVA,ST,3,2540,68,A,0,421-A (1-15),421-A (1-15),
3025400066,11222,109,JAVA,ST,3,2540,66,A,0,,,
3025500019,11222,114,JAVA,ST,3,2550,19,A,0,,,
3025400046,11222,151,JAVA,ST,3,2540,46,A,0,,,
3025410057,11222,167,JAVA,ST,3,2541,57,A,0,421-A (1-15),421-A (1-15),
3025510018,11222,186,JAVA,ST,3,2551,18,B,0,,,
3025510019,11222,188,JAVA,ST,3,2551,19,A,0,,,
3025510020,11222,190,JAVA,ST,3,2551,20,A,0,,,
3025510023,11222,196,JAVA,ST,3,2551,23,A,0,,,
3025410042,11222,197,JAVA,ST,3,2541,42,A,0,,,
3025510024,11222,198,JAVA,ST,3,2551,24,B,0,,,
3025410041,11222,199,JAVA,ST,3,2541,41,A,0,,,
3025510025,11222,200,JAVA,ST,3,2551,25,A,0,,,
3025510026,11222,202,JAVA,ST,3,2551,26,A,0,,,
3025510030,11222,210,JAVA,ST,3,2551,30,A,0,421-A (1-15),421-A (1-15),
3026530041,11222,16,JEWEL,ST,3,2653,41,A,0,,,
3026530043,11222,18,JEWEL,ST,3,2653,43,A,0,,,
3026520021,11222,39,JEWEL,ST,3,2652,21,A,0,,,
3026520020,11222,41,JEWEL,ST,3,2652,20,A,0,,,
3026520017,11222,47,JEWEL,ST,3,2652,17,A,0,,,
3026260039,11222,56,JEWEL,ST,3,2626,39,A,0,,,
3026520012,11222,57,JEWEL,ST,3,2652,12,A,0,,,
3026520011,11222,59,JEWEL,ST,3,2652,11,A,0,,,
3026520009,11222,63,JEWEL,ST,3,2652,9,A,0,,,
3026520008,11222,65,JEWEL,ST,3,2652,8,A,0,,,
3026520007,11222,67,JEWEL,ST,3,2652,7,A,0,,,
3026520006,11222,69,JEWEL,ST,3,2652,6,A,0,,,
3026250025,11222,89,JEWEL,ST,3,2625,25,A,0,,,
3025560045,11222,26 TO 30,KENT,ST,3,2556,45,A,0,421-A (16),421-A (16),
3025560058,11222,44,KENT,ST,3,2556,58,A,0,421-A (16),421-A (16),
3025500001,11222,89 TO 93,KENT,ST,3,2550,1,A,0,,,
3025500058,11222,135,KENT,ST,3,2550,58,A,0,,,
3025500057,11222,137,KENT,ST,3,2550,57,A,0,,,
3025500056,11222,139,KENT,ST,3,2550,56,A,0,,,
3025580034,11222,140,KENT,ST,3,2558,34,A,0,,,
3025510057,11222,171,KENT,ST,3,2551,57,A,0,,,
3025590010,11222,172,KENT,ST,3,2559,10,A,0,,,
3025590011,11222,174,KENT,ST,3,2559,11,A,0,,,
3025590012,11222,176,KENT,ST,3,2559,12,A,0,,,
3025590020,11222,192,KENT,ST,3,2559,20,A,0,,,
3025510047,11222,195,KENT,ST,3,2551,47,A,0,,,
3025510045,11222,199,KENT,ST,3,2551,45,A,0,,,
3025590025,11222,200,KENT,ST,3,2559,25,A,0,,,
3025510044,11222,201,KENT,ST,3,2551,44,A,0,,,
3025590026,11222,202,KENT,ST,3,2559,26,A,0,,,
3025510043,11222,203,KENT,ST,3,2551,43,A,0,,,
3025510040,11222,209,KENT,ST,3,2551,40,A,0,421-A (16),421-A (16),
3025510038,11222,213,KENT,ST,3,2551,38,A,0,,,
3025510037,11222,215,KENT,ST,3,2551,37,A,0,,,
3028330018,11222,93,KINGSLAND,AVE,3,2833,18,A,0,421-A (1-15),421-A (1-15),
3028330017,11222,95,KINGSLAND,AVE,3,2833,17,A,0,421-A (1-15),421-A (1-15),
3028330016,11222,97,KINGSLAND,AVE,3,2833,16,A,0,,,
3028330009,11222,111,KINGSLAND,AVE,3,2833,9,A,0,,,
3028290030,11222,123,KINGSLAND,AVE,3,2829,30,A,0,421-A (1-15),421-A (1-15),
3028290029,11222,125,KINGSLAND,AVE,3,2829,29,A,0,421-A (1-15),GARDEN COMPLEX 421-A (1-15),
3028290028,11222,127,KINGSLAND,AVE,3,2829,28,A,0,421-A (1-15),421-A (1-15),
3028290027,11222,129,KINGSLAND,AVE,3,2829,27,A,0,421-A (1-15),421-A (1-15),
3028290024,11222,135,KINGSLAND,AVE,3,2829,24,A,0,,,
3028340003,11222,136,KINGSLAND,AVE,3,2834,3,A,0,,,
3028340004,11222,138,KINGSLAND,AVE,3,2834,4,A,0,,,
3028340005,11222,140,KINGSLAND,AVE,3,2834,5,A,0,,,
3028340006,11222,142,KINGSLAND,AVE,3,2834,6,A,0,,,
3028340007,11222,144,KINGSLAND,AVE,3,2834,7,A,0,,,
3027060006,11222,178,KINGSLAND,AVE,3,2706,6,A,0,,,
3026890054,11222,196,KINGSLAND,AVE,3,2689,54,A,0,,,
3026890058,11222,204,KINGSLAND,AVE,3,2689,58,A,0,,,
3026890059,11222,208,KINGSLAND,AVE,3,2689,59,A,0,,,
3026880038,11222,209,KINGSLAND,AVE,3,2688,38,A,0,,6 FAMIL,
3026880037,11222,211,KINGSLAND,AVE,3,2688,37,A,0,,,
3026890061,11222,212,KINGSLAND,AVE,3,2689,61,A,0,,,
3026880036,11222,213,KINGSLAND,AVE,3,2688,36,A,0,,,
3026890062,11222,214,KINGSLAND,AVE,3,2689,62,A,0,,,
3026880035,11222,215,KINGSLAND,AVE,3,2688,35,A,0,,,
3026890064,11222,218,KINGSLAND,AVE,3,2689,64,A,0,,,
3026890065,11222,220,KINGSLAND,AVE,3,2689,65,A,0,,,
3026887501,11222,221,KINGSLAND,AVE,3,2688,7501,A,0,421-A (1-15),421-A (1-15),
3026890066,11222,222,KINGSLAND,AVE,3,2689,66,A,0,,,
3026890067,11222,224,KINGSLAND,AVE,3,2689,67,A,0,,,
3026880029,11222,225,KINGSLAND,AVE,3,2688,29,A,0,,,
3026890068,11222,226,KINGSLAND,AVE,3,2689,68,A,0,,,
3026880027,11222,227 TO 229,KINGSLAND,AVE,3,2688,27,A,0,,,
3026890069,11222,228,KINGSLAND,AVE,3,2689,69,A,0,,,
3026890071,11222,232,KINGSLAND,AVE,3,2689,71,A,0,,,
3026890072,11222,234,KINGSLAND,AVE,3,2689,72,A,0,,,
3026890074,11222,238,KINGSLAND,AVE,3,2689,74,A,0,,,
3026880025,11222,239,KINGSLAND,AVE,3,2688,25,A,0,,,
3026880024,11222,241,KINGSLAND,AVE,3,2688,24,A,0,,,
3026880023,11222,243,KINGSLAND,AVE,3,2688,23,A,0,,,
3026890080,11222,250,KINGSLAND,AVE,3,2689,80,A,0,,GARDEN COMPLEX,
3026890081,11222,252,KINGSLAND,AVE,3,2689,81,A,0,,,
3026890082,11222,254,KINGSLAND,AVE,3,2689,82,A,0,,,
3026890083,11222,256,KINGSLAND,AVE,3,2689,83,A,0,,,
3026880015,11222,259,KINGSLAND,AVE,3,2688,15,A,0,,,
3026880014,11222,261,KINGSLAND,AVE,3,2688,14,B,0,,,
3026880013,11222,263,KINGSLAND,AVE,3,2688,13,A,0,,,
3026880012,11222,265,KINGSLAND,AVE,3,2688,12,A,0,,,
3026580045,11222,274,KINGSLAND,AVE,3,2658,45,A,0,,,
3026580046,11222,276,KINGSLAND,AVE,3,2658,46,A,0,,,
3026570017,11222,305,KINGSLAND,AVE,3,2657,17,A,0,421-A (16),GARDEN COMPLEX 421-A (16),
3026800027,11222,515,LEONARD,ST,3,2680,27,A,0,,,
3026800021,11222,527,LEONARD,ST,3,2680,21,A,0,421-A (1-15),421-A (1-15),
3026480050,11222,590,LEONARD,ST,3,2648,50,A,0,,,
3026480051,11222,592,LEONARD,ST,3,2648,51,A,0,,,
3026210048,11222,642,LEONARD,ST,3,2621,48,A,0,J-51,J-51,
3026210049,11222,644,LEONARD,ST,3,2621,49,A,0,,,
3026200016,11222,645,LEONARD,ST,3,2620,16,B,0,,,
3026210050,11222,646,LEONARD,ST,3,2621,50,A,0,,,
3026210051,11222,648,LEONARD,ST,3,2621,51,A,0,,,
3026200011,11222,655,LEONARD,ST,3,2620,11,B,0,,,
3026210055,11222,656,LEONARD,ST,3,2621,55,A,0,,,
3025750044,11222,718,LEONARD,ST,3,2575,44,A,0,,,
3025750051,11222,732,LEONARD,ST,3,2575,51,A,0,,,
3025750052,11222,734,LEONARD,ST,3,2575,52,A,0,,,
3025750053,11222,736,LEONARD,ST,3,2575,53,A,0,,,
3025750001,11222,746 TO 756,LEONARD,ST,3,2575,1,A,0,,,178 GREENPOINT AVE
3026790046,11222,848,LORIMER,ST,3,2679,46,A,0,421-A (16),421-A (16),
3026790054,11222,872,LORIMER,ST,3,2679,54,A,0,,,
3026790055,11222,874,LORIMER,ST,3,2679,55,A,0,421-A (1-15),421-A (1-15),
3026790057,11222,880,LORIMER,ST,3,2679,57,A,0,,,
3026790061,11222,890,LORIMER,ST,3,2679,61,A,0,,,
3026440036,11222,917,LORIMER,ST,3,2644,36,B,0,,,
3026440031,11222,929,LORIMER,ST,3,2644,31,B,0,,,
3026440029,11222,935,LORIMER,ST,3,2644,29,A,0,,,
3026450046,11222,936,LORIMER,ST,3,2645,46,A,0,,,
3026450049,11222,946,LORIMER,ST,3,2645,49,A,0,,,
3026450055,11222,962,LORIMER,ST,3,2645,55,A,0,,,
3026197501,11222,990 TO 1006,LORIMER,ST,3,2619,7501,A,0,421-A (16),421-A (16),723725 MANHATTAN AVE
3026180010,11222,1031,LORIMER,ST,3,2618,10,A,0,,,
3025690035,11222,1125,LORIMER,ST,3,2569,35,A,1,,NON-EVICT COOP/CONDO,
3027230032,11222,411,MANHATTAN,AVE,3,2723,32,A,0,,,
3027230029,11222,417,MANHATTAN,AVE,3,2723,29,A,0,,,
3027240001,11222,426,MANHATTAN,AVE,3,2724,1,A,0,421-A (16),GARDEN COMPLEX 421-A (16),
3027240007,11222,434,MANHATTAN,AVE,3,2724,7,A,0,421-A (1-15),421-A (1-15),
3027130001,11222,482 TO 500,MANHATTAN,AVE,3,2713,1,A,0,421-A (16),GARDEN COMPLEX 421-A (16),
3026790032,11222,563 TO 565,MANHATTAN,AVE,3,2679,32,A,0,,,
3026800044,11222,596,MANHATTAN,AVE,3,2680,44,A,0,,,
3026800046,11222,602,MANHATTAN,AVE,3,2680,46,A,0,,,
3026800047,11222,604,MANHATTAN,AVE,3,2680,47,A,0,,,
3026800050,11222,614,MANHATTAN,AVE,3,2680,50,A,0,,,
3026450029,11222,641 TO 643,MANHATTAN,AVE,3,2645,29,B,0,421-A (16),421-A (16),46 BEDFORD AVE
3026470042,11222,650,MANHATTAN,AVE,3,2647,42,A,0,,,
3026450025,11222,651,MANHATTAN,AVE,3,2645,25,A,0,,,
3026450024,11222,655,MANHATTAN,AVE,3,2645,24,A,0,,,
3026470047,11222,664,MANHATTAN,AVE,3,2647,47,A,0,,,
3026470053,11222,680,MANHATTAN,AVE,3,2647,53,A,0,,,
3026200045,11222,724,MANHATTAN,AVE,3,2620,45,A,0,,,
3026190019,11222,727,MANHATTAN,AVE,3,2619,19,B,0,,,
3026190016,11222,735,MANHATTAN,AVE,3,2619,16,A,0,,,
3026190015,11222,739,MANHATTAN,AVE,3,2619,15,A,0,,,
3026190009,11222,757,MANHATTAN,AVE,3,2619,9,A,0,,,
3026190007,11222,759,MANHATTAN,AVE,3,2619,7,A,0,,,
3026200001,11222,764,MANHATTAN,AVE,3,2620,1,A,0,,,
3025970004,11222,782,MANHATTAN,AVE,3,2597,4,A,0,,,
3025970005,11222,784,MANHATTAN,AVE,3,2597,5,A,0,,,
3025970007,11222,790,MANHATTAN,AVE,3,2597,7,A,0,,,
3025970008,11222,794,MANHATTAN,AVE,3,2597,8,A,0,,,
3025970010,11222,800,MANHATTAN,AVE,3,2597,10,A,0,,,
3025740036,11222,818,MANHATTAN,AVE,3,2574,36,A,0,,,
3025740037,11222,820,MANHATTAN,AVE,3,2574,37,A,0,,ROOMING HOUSE,
3025740038,11222,824,MANHATTAN,AVE,3,2574,38,A,0,,,
3025740046,11222,846,MANHATTAN,AVE,3,2574,46,A,0,,,
3025740047,11222,848,MANHATTAN,AVE,3,2574,47,A,0,,,
3025660048,11222,849,MANHATTAN,AVE,3,2566,48,A,0,,,
3025740048,11222,850,MANHATTAN,AVE,3,2574,48,A,0,,,
3025740050,11222,856,MANHATTAN,AVE,3,2574,50,A,0,,,
3025740051,11222,860,MANHATTAN,AVE,3,2574,51,A,0,,,
3025740059,11222,882,MANHATTAN,AVE,3,2574,59,A,0,,,
3025740060,11222,886,MANHATTAN,AVE,3,2574,60,A,0,,,
3025740061,11222,888,MANHATTAN,AVE,3,2574,61,A,0,,,
3025630043,11222,889,MANHATTAN,AVE,3,2563,43,A,0,,GARDEN COMPLEX,
3025740062,11222,892,MANHATTAN,AVE,3,2574,62,A,0,,,
3025580048,11222,909,MANHATTAN,AVE,3,2558,48,A,0,,,
3025580047,11222,911,MANHATTAN,AVE,3,2558,47,A,0,,,
3025410003,11222,954,MANHATTAN,AVE,3,2541,3,A,0,,,
3025400040,11222,963,MANHATTAN,AVE,3,2540,40,A,0,,,
3025400039,11222,967,MANHATTAN,AVE,3,2540,39,A,0,,,
3025410008,11222,970,MANHATTAN,AVE,3,2541,8,A,0,,,
3025320045,11222,977,MANHATTAN,AVE,3,2532,45,A,0,421-A (1-15),421-A (1-15),
3025330004,11222,982,MANHATTAN,AVE,3,2533,4,A,0,,,
3025330006,11222,986,MANHATTAN,AVE,3,2533,6,A,0,,,
3025230005,11222,1008,MANHATTAN,AVE,3,2523,5,A,0,,,
3025230008,11222,1018,MANHATTAN,AVE,3,2523,8,A,0,,,
3025120049,11222,1021,MANHATTAN,AVE,3,2512,49,A,0,,,
3025120048,11222,1025,MANHATTAN,AVE,3,2512,48,A,0,,,
3025120047,11222,1029,MANHATTAN,AVE,3,2512,47,A,0,,,
3025050002,11222,1048,MANHATTAN,AVE,3,2505,2,A,0,,GARDEN COMPLEX,
3025050005,11222,1050 TO 1066,MANHATTAN,AVE,3,2505,5,A,0,421-A (16),421-A (16),144 EAGLE ST
3025040042,11222,1053,MANHATTAN,AVE,3,2504,42,A,0,,,
3025040041,11222,1055,MANHATTAN,AVE,3,2504,41,A,0,,,
3024950047,11222,1073,MANHATTAN,AVE,3,2495,47,A,0,,,
3024950046,11222,1077,MANHATTAN,AVE,3,2495,46,A,0,,,
3024950045,11222,1079,MANHATTAN,AVE,3,2495,45,A,0,,,
3024950044,11222,1083,MANHATTAN,AVE,3,2495,44,A,0,,,
3024960008,11222,1090,MANHATTAN,AVE,3,2496,8,A,0,,,
3024820026,11222,1121 TO 1137,MANHATTAN,AVE,3,2482,26,A,0,421-A (1-15),421-A (1-15),
3024830006,11222,1130,MANHATTAN,AVE,3,2483,6,A,0,,,
3024830007,11222,1134,MANHATTAN,AVE,3,2483,7,A,0,,GARDEN COMPLEX,
3026820021,11222,29,MCGUINNESS,BLVD,3,2682,21,A,0,,,
3026820013,11222,45,MCGUINNESS,BLVD,3,2682,13,A,0,421-A (1-15),421-A (1-15),
3026490024,11222,75,MCGUINNESS,BLVD,3,2649,24,A,0,421-A (16),421-A (16),
3026490010,11222,105,MCGUINNESS,BLVD,3,2649,10,A,0,,,134 NORMAN AVE
3026220025,11222,125,MCGUINNESS,BLVD,3,2622,25,A,0,,,
3026220019,11222,137,MCGUINNESS,BLVD,3,2622,19,A,0,,,
3026220018,11222,139,MCGUINNESS,BLVD,3,2622,18,A,0,,,
3025990022,11222,177,MCGUINNESS,BLVD,3,2599,22,A,0,,,
3025990021,11222,179,MCGUINNESS,BLVD,3,2599,21,A,0,,,
3025990020,11222,181,MCGUINNESS,BLVD,3,2599,20,A,0,,GARDEN COMPLEX,
3025767501,11222,211,MCGUINNESS,BLVD,3,2576,7501,A,0,421-A (16),421-A (16),
3025410036,11222,287,MCGUINNESS,BLVD,3,2541,36,A,0,421-A (1-15),421-A (1-15),
3025410033,11222,293,MCGUINNESS,BLVD,3,2541,33,A,0,421-A (1-15),421-A (1-15),
3025410030,11222,299,MCGUINNESS,BLVD,3,2541,30,A,0,421-A (1-15),421-A (1-15),
3025330033,11222,305 TO 319,MCGUINNESS,BLVD,3,2533,33,A,0,421-A (1-15),421-A (1-15),
3025240007,11222,334,MCGUINNESS,BLVD,3,2524,7,A,0,,,
3025140002,11222,340,MCGUINNESS,BLVD,3,2514,2,A,0,,,
3025140007,11222,352,MCGUINNESS,BLVD,3,2514,7,A,0,,,
3024970004,11222,378,MCGUINNESS,BLVD,3,2497,4,A,0,,,
3027230033,11222,391,MEEKER,AVE,3,2723,33,A,0,421-A (16),421-A (16),
3027240029,11222,439,MEEKER,AVE,3,2724,29,A,0,,,
3027270046,11222,515,MEEKER,AVE,3,2727,46,A,0,,,
3028270131,11222,518,MEEKER,AVE,3,2827,131,A,0,421-A (1-15),421-A (1-15),
3027280032,11222,545,MEEKER,AVE,3,2728,32,A,0,,,
3027290013,11222,583,MEEKER,AVE,3,2729,13,A,0,,,
3027070011,11222,687,MEEKER,AVE,3,2707,11,A,0,,,
3027070009,11222,695,MEEKER,AVE,3,2707,9,A,0,,,
3026160007,11222,46,MESEROLE,AVE,3,2616,7,A,0,,,
3026160008,11222,50,MESEROLE,AVE,3,2616,8,A,0,,,
3025940001,11222,55,MESEROLE,AVE,3,2594,1,A,0,,,
3025940036,11222,65,MESEROLE,AVE,3,2594,36,A,0,,,
3025940034,11222,69,MESEROLE,AVE,3,2594,34,A,0,,,
3026200003,11222,110,MESEROLE,AVE,3,2620,3,A,0,,,
3026200007,11222,118,MESEROLE,AVE,3,2620,7,A,0,,,
3026210003,11222,124,MESEROLE,AVE,3,2621,3,A,0,,,
3025980031,11222,133,MESEROLE,AVE,3,2598,31,A,0,421-A (1-15),421-A (1-15),
3025980030,11222,135,MESEROLE,AVE,3,2598,30,A,0,421-A (1-15),421-A (1-15),
3025980027,11222,141,MESEROLE,AVE,3,2598,27,A,0,,,
3025990032,11222,147,MESEROLE,AVE,3,2599,32,A,0,,,
3025990031,11222,149,MESEROLE,AVE,3,2599,31,A,0,,,
3026000028,11222,173,MESEROLE,AVE,3,2600,28,A,0,,,
3026000027,11222,175,MESEROLE,AVE,3,2600,27,A,0,,,
3026240001,11222,176,MESEROLE,AVE,3,2624,1,A,0,421-A (1-15),421-A (1-15),
3026240002,11222,178,MESEROLE,AVE,3,2624,2,A,0,421-A (1-15),421-A (1-15),
3025660010,11222,90,MILTON,ST,3,2566,10,A,0,,,
3025660012,11222,94,MILTON,ST,3,2566,12,A,0,,,
3025660013,11222,96,MILTON,ST,3,2566,13,A,0,,,
3025660026,11222,122,MILTON,ST,3,2566,26,A,0,,,
3025660028,11222,128,MILTON,ST,3,2566,28,A,0,,,
3025660029,11222,130,MILTON,ST,3,2566,29,A,0,,,
3025660031,11222,134,MILTON,ST,3,2566,31,A,0,,,
3025630054,11222,159,MILTON,ST,3,2563,54,A,0,,,
3025630051,11222,163,MILTON,ST,3,2563,51,A,0,,,
3028330028,11222,6,MONITOR,ST,3,2833,28,A,0,421-A (1-15),421-A (1-15),
3028330033,11222,20,MONITOR,ST,3,2833,33,A,0,421-A (16),421-A (16),
3028290041,11222,48,MONITOR,ST,3,2829,41,A,0,,,
3028290045,11222,56,MONITOR,ST,3,2829,45,A,0,421-A (1-15),421-A (1-15),
3028290046,11222,58,MONITOR,ST,3,2829,46,A,0,421-A (1-15),421-A (1-15),
3028290047,11222,60,MONITOR,ST,3,2829,47,A,0,421-A (1-15),421-A (1-15),
3027290005,11222,75,MONITOR,ST,3,2729,5,A,0,,,
3027040044,11222,77,MONITOR,ST,3,2704,44,A,0,,,
3027040042,11222,79,MONITOR,ST,3,2704,42,A,0,,,
3027040041,11222,81,MONITOR,ST,3,2704,41,A,0,,,
3026880057,11222,152,MONITOR,ST,3,2688,57,A,0,,,
3026880059,11222,153,MONITOR,ST,3,2688,59,A,0,,,
3026880061,11222,154,MONITOR,ST,3,2688,61,A,0,,,
3026880062,11222,155,MONITOR,ST,3,2688,62,A,0,,,
3028420002,11222,492,MORGAN,AVE,3,2842,2,B,0,,,
3028350001,11222,510,MORGAN,AVE,3,2835,1,A,0,,,
3028350002,11222,512,MORGAN,AVE,3,2835,2,A,0,,GARDEN COMPLEX,
3028350004,11222,516,MORGAN,AVE,3,2835,4,B,0,,,
3028350104,11222,518,MORGAN,AVE,3,2835,104,B,0,,,
3026910052,11222,560,MORGAN,AVE,3,2691,52,A,0,,,
3026910055,11222,564,MORGAN,AVE,3,2691,55,A,0,,SECTION 610 OF PHFL,
3026910056,11222,566,MORGAN,AVE,3,2691,56,A,0,,,
3026910057,11222,568,MORGAN,AVE,3,2691,57,A,0,,,
3026910058,11222,570,MORGAN,AVE,3,2691,58,A,0,,,
3026910059,11222,572,MORGAN,AVE,3,2691,59,A,0,,,
3026910060,11222,574,MORGAN,AVE,3,2691,60,A,0,,,
3026910062,11222,576,MORGAN,AVE,3,2691,62,A,0,,,
3026910069,11222,584,MORGAN,AVE,3,2691,69,A,0,,,
3026910073,11222,586A,MORGAN,AVE,3,2691,73,A,0,,GARDEN COMPLEX,
3026910071,11222,586,MORGAN,AVE,3,2691,71,A,0,,GARDEN COMPLEX,
3026900015,11222,613 TO 615,MORGAN,AVE,3,2690,15,A,0,,,
3026900008,11222,627,MORGAN,AVE,3,2690,8,A,0,,,
3026260030,11222,13 TO 15,MOULTRIE,ST,3,2626,30,B,0,,,
3028310015,11222,15,N HENRY,ST,3,2831,15,A,0,,,
3028270023,11222,39,N HENRY,ST,3,2827,23,A,0,,,
3027280024,11222,67,N HENRY,ST,3,2728,24,A,0,,,
3027030043,11222,73,N HENRY,ST,3,2703,43,A,0,,,
3027030042,11222,75,N HENRY,ST,3,2703,42,A,0,,,
3027290002,11222,76 TO 78,N HENRY,ST,3,2729,2,A,0,421-A (1-15),GARDEN COMPLEX 421-A (1-15),
3027030041,11222,77,N HENRY,ST,3,2703,41,A,0,,,
3027030038,11222,83,N HENRY,ST,3,2703,38,A,0,,,
3027040016,11222,108,N HENRY,ST,3,2704,16,A,0,,,
3027040018,11222,110,N HENRY,ST,3,2704,18,A,0,,,
3026550010,11222,233,N HENRY,ST,3,2655,10,A,0,,,
3026470031,11222,95,NASSAU,AVE,3,2647,31,A,0,,,
3026470030,11222,99,NASSAU,AVE,3,2647,30,A,0,,,
3026470029,11222,101,NASSAU,AVE,3,2647,29,A,0,,,
3026490037,11222,119,NASSAU,AVE,3,2649,37,A,0,421-A (1-15),421-A (1-15),
3026500034,11222,141,NASSAU,AVE,3,2650,34,A,0,,,
3026510032,11222,159,NASSAU,AVE,3,2651,32,A,0,,,
3026510029,11222,165,NASSAU,AVE,3,2651,29,A,0,421-A (1-15),421-A (1-15),
3026860004,11222,198,NASSAU,AVE,3,2686,4,A,0,,,
3026860008,11222,206,NASSAU,AVE,3,2686,8,A,0,,,
3026550037,11222,213,NASSAU,AVE,3,2655,37,A,0,,,
3026550035,11222,217,NASSAU,AVE,3,2655,35,A,0,,,
3026560036,11222,231,NASSAU,AVE,3,2656,36,A,0,,,
3026560034,11222,235,NASSAU,AVE,3,2656,34,A,0,,,
3026570034,11222,251,NASSAU,AVE,3,2657,34,A,0,J-51,J-51 SEC 608,
3026570033,11222,253,NASSAU,AVE,3,2657,33,A,0,,GARDEN COMPLEX,
3026900004,11222,268,NASSAU,AVE,3,2690,4,A,0,,,
3026590042,11222,271,NASSAU,AVE,3,2659,42,A,0,421-A (1-15),421-A (1-15),
3026900006,11222,272,NASSAU,AVE,3,2690,6,A,0,,,
3026900007,11222,274,NASSAU,AVE,3,2690,7,A,0,,,
3026590038,11222,277,NASSAU,AVE,3,2659,38,A,0,,,
3026920002,11222,296A,NASSAU,AVE,3,2692,2,A,0,,,
3026920003,11222,298,NASSAU,AVE,3,2692,3,A,0,,,
3026920004,11222,300,NASSAU,AVE,3,2692,4,B,0,,,
3026920005,11222,302,NASSAU,AVE,3,2692,5,A,0,,,
3026920006,11222,304,NASSAU,AVE,3,2692,6,A,0,,,
3026920008,11222,306,NASSAU,AVE,3,2692,8,B,0,,,
3026830012,11222,45,NEWEL,ST,3,2683,12,A,0,,,45 NEWELL ST
3026830027,11222,13,NEWELL,ST,3,2683,27,A,0,,,
3026830026,11222,15,NEWELL,ST,3,2683,26,A,0,,,
3026840048,11222,24,NEWELL,ST,3,2684,48,A,0,,,
3026840049,11222,26,NEWELL,ST,3,2684,49,A,0,,,
3026830017,11222,39,NEWELL,ST,3,2683,17,A,0,,,
3026840055,11222,40,NEWELL,ST,3,2684,55,A,0,,,
3026840056,11222,42,NEWELL,ST,3,2684,56,A,0,,,
3026840058,11222,50,NEWELL,ST,3,2684,58,B,0,,,
3026840059,11222,52,NEWELL,ST,3,2684,59,A,0,,,
3026830010,11222,53,NEWELL,ST,3,2683,10,A,0,,,
3026830009,11222,55,NEWELL,ST,3,2683,9,A,0,,,
3026840061,11222,56,NEWELL,ST,3,2684,61,B,0,,,
3026830008,11222,57,NEWELL,ST,3,2683,8,A,0,,,
3026830007,11222,59,NEWELL,ST,3,2683,7,A,0,,,
3026840063,11222,60,NEWELL,ST,3,2684,63,A,0,,,
3026840064,11222,62,NEWELL,ST,3,2684,64,A,0,,,
3026510041,11222,82,NEWELL,ST,3,2651,41,A,0,,,
3026500025,11222,83,NEWELL,ST,3,2650,25,A,0,,,
3026510042,11222,84,NEWELL,ST,3,2651,42,A,0,,,
3026500024,11222,85,NEWELL,ST,3,2650,24,B,0,,,
3026510043,11222,86,NEWELL,ST,3,2651,43,A,0,,,
3026510044,11222,88,NEWELL,ST,3,2651,44,A,0,,,
3026500021,11222,91,NEWELL,ST,3,2650,21,A,0,,,
3026500020,11222,93,NEWELL,ST,3,2650,20,A,0,,,
3026510047,11222,96,NEWELL,ST,3,2651,47,A,0,,,
3026500018,11222,97,NEWELL,ST,3,2650,18,A,0,,,
3026500014,11222,105,NEWELL,ST,3,2650,14,A,0,,,
3026500013,11222,107,NEWELL,ST,3,2650,13,A,0,,,
3026510054,11222,108,NEWELL,ST,3,2651,54,A,0,,,
3026500010,11222,113,NEWELL,ST,3,2650,10,A,0,,,
3026240045,11222,150,NEWELL,ST,3,2624,45,A,0,421-A (1-15),421-A (1-15),
3026230012,11222,159,NEWELL,ST,3,2623,12,A,0,,,
3026230011,11222,161,NEWELL,ST,3,2623,11,A,0,,,
3027140029,11222,127,NEWTON,ST,3,2714,29,A,0,,,
3027140028,11222,129,NEWTON,ST,3,2714,28,A,0,,,
3027200015,11222,140,NEWTON,ST,3,2720,15,A,0,,,
3027200016,11222,142,NEWTON,ST,3,2720,16,A,0,,,
3024700017,11222,144,NEWTON,ST,3,2470,17,A,0,,,
3024700018,11222,146,NEWTON,ST,3,2470,18,A,0,,GARDEN COMPLEX,
3027150027,11222,151,NEWTON,ST,3,2715,27,A,0,,,
3027150022,11222,161,NEWTON,ST,3,2715,22,A,0,,,
3027200026,11222,162,NEWTON,ST,3,2720,26,A,0,,,
3025690018,11222,112,NOBLE,ST,3,2569,18,A,0,,,
3025660055,11222,145 TO 147,NOBLE,ST,3,2566,55,A,0,,,
3026170037,11222,57,NORMAN,AVE,3,2617,37,A,0,J-51,J-51,
3026180040,11222,59,NORMAN,AVE,3,2618,40,B,0,,,
3026200030,11222,105,NORMAN,AVE,3,2620,30,A,0,,,
3026480005,11222,112,NORMAN,AVE,3,2648,5,A,0,,,
3026490003,11222,124,NORMAN,AVE,3,2649,3,A,0,,,
3026490004,11222,126,NORMAN,AVE,3,2649,4,A,0,,,
3026490007,11222,132,NORMAN,AVE,3,2649,7,A,0,,,
3026230031,11222,145,NORMAN,AVE,3,2623,31,B,0,,,
3026230030,11222,147,NORMAN,AVE,3,2623,30,B,0,,,
3026500007,11222,148,NORMAN,AVE,3,2650,7,A,0,,,
3026230029,11222,149,NORMAN,AVE,3,2623,29,A,0,,,
3026500008,11222,150,NORMAN,AVE,3,2650,8,A,0,,,
3026240031,11222,157,NORMAN,AVE,3,2624,31,A,0,,,
3026240030,11222,159,NORMAN,AVE,3,2624,30,A,0,,,
3026510008,11222,166,NORMAN,AVE,3,2651,8,A,0,,,
3026520057,11222,172,NORMAN,AVE,3,2652,57,A,0,,,
3026520058,11222,174,NORMAN,AVE,3,2652,58,A,0,,,
3026520003,11222,180,NORMAN,AVE,3,2652,3,A,0,,,
3026260038,11222,189,NORMAN,AVE,3,2626,38,A,0,,,
3026260037,11222,191,NORMAN,AVE,3,2626,37,A,0,,,
3026260036,11222,193,NORMAN,AVE,3,2626,36,A,0,,,
3026530006,11222,196,NORMAN,AVE,3,2653,6,A,0,,,
3026260034,11222,197,NORMAN,AVE,3,2626,34,A,0,,,
3026530007,11222,198,NORMAN,AVE,3,2653,7,A,0,,,
3026260033,11222,199,NORMAN,AVE,3,2626,33,A,0,,,
3026260032,11222,203,NORMAN,AVE,3,2626,32,B,0,,,
3026550004,11222,226,NORMAN,AVE,3,2655,4,A,0,,,
3025690062,11222,137,OAK,ST,3,2569,62,A,0,,ROOMING HOUSE,
3028570027,11222,240,RICHARDSON,ST,3,2857,27,A,0,421-A (1-15),421-A (1-15),
3027030010,11222,50,RUSSELL,ST,3,2703,10,A,0,,,
3026860041,11222,85,RUSSELL,ST,3,2686,41,A,0,,,
3026860040,11222,87,RUSSELL,ST,3,2686,40,A,0,,,
3026860037,11222,93,RUSSELL,ST,3,2686,37,A,0,,,
3026860035,11222,95,RUSSELL,ST,3,2686,35,A,0,,,
3026860034,11222,97,RUSSELL,ST,3,2686,34,A,0,,,
3026860032,11222,99,RUSSELL,ST,3,2686,32,B,0,,,
3026860031,11222,101,RUSSELL,ST,3,2686,31,A,0,,,
3026860029,11222,105,RUSSELL,ST,3,2686,29,A,0,,,
3026860015,11222,135,RUSSELL,ST,3,2686,15,A,0,,,
3026860014,11222,137,RUSSELL,ST,3,2686,14,A,0,,,
3026860012,11222,139,RUSSELL,ST,3,2686,12,A,0,,,
3026860010,11222,143,RUSSELL,ST,3,2686,10,A,0,,,
3026550044,11222,154,RUSSELL,ST,3,2655,44,A,0,,,
3026550045,11222,156,RUSSELL,ST,3,2655,45,A,0,,,
3026550047,11222,160,RUSSELL,ST,3,2655,47,A,0,,,
3026550048,11222,162,RUSSELL,ST,3,2655,48,A,0,,,
3026550049,11222,164,RUSSELL,ST,3,2655,49,A,0,,,
3026550050,11222,166,RUSSELL,ST,3,2655,50,A,0,,,
3026540021,11222,167,RUSSELL,ST,3,2654,21,A,0,,,
3026550051,11222,168,RUSSELL,ST,3,2655,51,A,0,,,
3026540020,11222,169,RUSSELL,ST,3,2654,20,A,0,,,
3026540019,11222,171,RUSSELL,ST,3,2654,19,A,0,,,
3026550053,11222,172,RUSSELL,ST,3,2655,53,A,0,,,
3026540018,11222,173,RUSSELL,ST,3,2654,18,A,0,,,
3026550054,11222,174,RUSSELL,ST,3,2655,54,A,0,,,
3026540017,11222,175,RUSSELL,ST,3,2654,17,A,0,,,
3026550055,11222,176,RUSSELL,ST,3,2655,55,A,0,,,
3026540015,11222,179,RUSSELL,ST,3,2654,15,B,0,,,
3026540014,11222,181,RUSSELL,ST,3,2654,14,A,0,,,
3026540013,11222,183,RUSSELL,ST,3,2654,13,A,0,,,
3026900048,11222,26,SUTTON,ST,3,2690,48,A,0,,,
3026900049,11222,28,SUTTON,ST,3,2690,49,A,0,,,
3026900050,11222,30,SUTTON,ST,3,2690,50,A,0,,,
3026900051,11222,32,SUTTON,ST,3,2690,51,A,0,,,
3026900052,11222,34,SUTTON,ST,3,2690,52,A,0,,,
3026900054,11222,38,SUTTON,ST,3,2690,54,A,0,,,
3026890035,11222,39A,SUTTON,ST,3,2689,35,A,0,,,
3026890036,11222,39,SUTTON,ST,3,2689,36,A,0,,,
3026900055,11222,40,SUTTON,ST,3,2690,55,A,0,,,
3026900056,11222,42,SUTTON,ST,3,2690,56,A,0,,,
3026890032,11222,43,SUTTON,ST,3,2689,32,A,0,,,
3026900057,11222,44,SUTTON,ST,3,2690,57,A,0,,,
3026900059,11222,48,SUTTON,ST,3,2690,59,A,0,,,
3026890023,11222,61,SUTTON,ST,3,2689,23,A,0,,,
3026890021,11222,63,SUTTON,ST,3,2689,21,A,0,,,
3026890020,11222,65,SUTTON,ST,3,2689,20,A,0,,,
3026900068,11222,66,SUTTON,ST,3,2690,68,A,0,,,
3026890019,11222,67,SUTTON,ST,3,2689,19,A,0,,,
3026900069,11222,68,SUTTON,ST,3,2690,69,A,0,,,
3026900070,11222,70,SUTTON,ST,3,2690,70,A,0,,,
3026900071,11222,72,SUTTON,ST,3,2690,71,A,0,,,
3025700050,11222,23 TO 41,WEST,ST,3,2570,50,A,0,421-A (1-15),GARDEN COMPLEX 421-A (1-15),
3025710001,11222,26 TO 40,WEST,ST,3,2571,1,A,0,421-A (1-15),GARDEN COMPLEX 421-A (1-15),
3025390037,11222,132,WEST,ST,3,2539,37,A,0,,,
3025310001,11222,144,WEST,ST,3,2531,1,A,0,421-A (16),GARDEN COMPLEX 421-A (16),
3025700040,11222,60,WHARF,DR,3,2570,40,A,0,421-A (1-15),GARDEN COMPLEX 421-A (1-15),5070 WHARF DR
3071670128,11223,2882,86TH,ST,3,7167,128,B,0,421-A (16),GARDEN COMPLEX 421-A (16),
3071690028,11223,2911,86TH,ST,3,7169,28,A,0,,,
3066097501,11223,431 TO 447,AVENUE P,,3,6609,7501,A,0,421-A (1-15),421-A (1-15),
3066357501,11223,450 TO 456,AVENUE P,,3,6635,7501,A,0,421-A (1-15),GARDEN COMPLEX 421-A (1-15),
3066100053,11223,463,AVENUE P,,3,6610,53,A,0,,,
3066810389,11223,501,AVENUE R,,3,6681,389,A,0,,,
3070790003,11223,102,AVENUE S,,3,7079,3,A,0,,,
3070790004,11223,106,AVENUE S,,3,7079,4,B,0,,,
3070790005,11223,110,AVENUE S,,3,7079,5,A,0,,ROOMING HOUSE,
3070790006,11223,112,AVENUE S,,3,7079,6,A,0,,,
3066710044,11223,115,AVENUE S,,3,6671,44,A,0,,,
3070790007,11223,116,AVENUE S,,3,7079,7,A,0,,,
3066810035,11223,367 TO 393,AVENUE S,,3,6681,35,A,1,,NON-EVICT COOP/CONDO,
3071040144,11223,388 TO 394,AVENUE S,,3,7104,144,A,1,,NON-EVICT COOP/CONDO,
3070890001,11223,710,AVENUE S,,3,7089,1,A,0,,,
3070910003,11223,906,AVENUE S,,3,7091,3,A,0,,,
3071090001,11223,602,AVENUE T,,3,7109,1,A,1,,NON-EVICT COOP/CONDO,
3070910055,11223,909,AVENUE T,,3,7091,55,A,0,,,
3071000039,11223,203,AVENUE U,,3,7100,39,A,0,,,2086 W 5TH ST
3071280005,11223,380,AVENUE U,,3,7128,5,A,0,,,
3071357501,11223,802,AVENUE U,,3,7135,7501,A,0,421-A (1-15),421-A (1-15),
3071330038,11223,625,AVENUE V,,3,7133,38,A,0,,ROOMING HOUSE,
3071450064,11223,185 TO 187,AVENUE W,,3,7145,64,A,0,421-A (1-15),421-A (1-15),
3071590040,11223,735,AVENUE W,,3,7159,40,A,1,,NON-EVICT COOP/CONDO,
3071970001,11223,388,AVENUE X,,3,7197,1,A,0,,,
3071980006,11223,410,AVENUE X,,3,7198,6,A,0,,,
3072000008,11223,444,AVENUE X,,3,7200,8,A,0,,,
3072320081,11223,556,AVENUE Z,,3,7232,81,A,0,,,
3072120104,11223,557 TO 577,AVENUE Z,,3,7212,104,A,0,J-51,J-51,
3072140039,11223,621,AVENUE Z,,3,7214,39,A,0,,,
3072160038,11223,675,AVENUE Z,,3,7216,38,A,0,,,
3072320001,11223,49,BOKEE,CT,3,7232,1,A,0,,,
3072330021,11223,2670 TO 2686,COLBY,CT,3,7233,21,A,0,,,
3072330115,11223,2677,COLBY,CT,3,7233,115,A,0,J-51,,
3067740001,11223,1941,CONEY ISLAND,AVE,3,6774,1,A,0,421-A (16),GARDEN COMPLEX 421-A (16),
3073150053,11223,2361,CONEY ISLAND,AVE,3,7315,53,A,0,,GARDEN COMPLEX,
3066320001,11223,1601,DAHILL,RD,3,6632,1,A,0,,,
3066560006,11223,1702,DAHILL,RD,3,6656,6,A,0,,,
3066570082,11223,1723,DAHILL,RD,3,6657,82,A,0,,,
3066570081,11223,1727,DAHILL,RD,3,6657,81,A,0,,GARDEN COMPLEX,
3066570080,11223,1731,DAHILL,RD,3,6657,80,A,0,,,
3066570079,11223,1735,DAHILL,RD,3,6657,79,A,0,,,
3066570078,11223,1739,DAHILL,RD,3,6657,78,A,0,,,
3066560032,11223,1766,DAHILL,RD,3,6656,32,A,0,,,
3066560033,11223,1770,DAHILL,RD,3,6656,33,A,0,,,
3066560034,11223,1774,DAHILL,RD,3,6656,34,A,0,,,
3066330038,11223,1742 TO 1752,E 2ND,ST,3,6633,38,A,0,,,
3071290067,11223,2155,E 2ND,ST,3,7129,67,A,0,,,
3071290066,11223,2159,E 2ND,ST,3,7129,66,A,0,J-51,J-51,
3071290065,11223,2161,E 2ND,ST,3,7129,65,A,0,,,
3066340013,11223,1708,E 3RD,ST,3,6634,13,A,0,,,
3066340016,11223,1714,E 3RD,ST,3,6634,16,A,0,,,
3066350069,11223,1715,E 3RD,ST,3,6635,69,A,0,,,
3066350052,11223,1747 TO 1755,E 3RD,ST,3,6635,52,A,0,,,
3071790058,11223,2375,E 3RD,ST,3,7179,58,A,0,,,
3071780022,11223,2400,E 3RD,ST,3,7178,22,A,1,,NON-EVICT COOP/CONDO,
3071790042,11223,2411,E 3RD,ST,3,7179,42,A,0,,,
3066350012,11223,1708,E 4TH,ST,3,6635,12,A,0,,,
3066360071,11223,1709 TO 1717,E 4TH,ST,3,6636,71,A,0,,,
3066350013,11223,1712,E 4TH,ST,3,6635,13,A,0,,,
3066350015,11223,1716,E 4TH,ST,3,6635,15,A,0,,,
3066350022,11223,1732,E 4TH,ST,3,6635,22,A,0,,,
3066350024,11223,1738,E 4TH,ST,3,6635,24,A,0,,,
3066350025,11223,1740,E 4TH,ST,3,6635,25,A,0,,,
3066810230,11223,1880,E 4TH,ST,3,6681,230,A,0,,,
3071550004,11223,2250,E 4TH,ST,3,7155,4,A,0,,,
3066370016,11223,1707,E 5TH,ST,3,6637,16,A,0,,,
3066810307,11223,1890,E 5TH,ST,3,6681,307,A,0,,,
3066830057,11223,1955,E 7TH,ST,3,6683,57,A,0,,,
3070890066,11223,2015 TO 2025,E 7TH,ST,3,7089,66,A,0,,,
3070890062,11223,2035,E 7TH,ST,3,7089,62,A,1,,NON-EVICT COOP/CONDO,
3070890060,11223,2041,E 7TH,ST,3,7089,60,A,0,,,
3071340054,11223,2221,E 7TH,ST,3,7134,54,A,0,,GARDEN COMPLEX,
3071340050,11223,2231,E 7TH,ST,3,7134,50,B,0,,,
3071340049,11223,2235,E 7TH,ST,3,7134,49,A,0,,,
3071580027,11223,2282,E 7TH,ST,3,7158,27,A,0,,,
3066650025,11223,1715,E 8TH,ST,3,6665,25,A,0,,,
3066650034,11223,1745,E 8TH,ST,3,6665,34,A,0,J-51,J-51,
3070890026,11223,1942,E 8TH,ST,3,7089,26,A,0,,,
3070890028,11223,1948,E 8TH,ST,3,7089,28,A,0,,,
3070890029,11223,1952,E 8TH,ST,3,7089,29,A,0,,,
3070890030,11223,1956,E 8TH,ST,3,7089,30,A,0,,GARDEN COMPLEX,
3070890031,11223,1958,E 8TH,ST,3,7089,31,A,0,,,
3070890034,11223,1960,E 8TH,ST,3,7089,34,A,0,,,
3071110001,11223,2005,E 8TH,ST,3,7111,1,A,0,,,
3071110051,11223,2065 TO 2075,E 8TH,ST,3,7111,51,A,0,,,
3066650040,11223,1752,E 9TH,ST,3,6665,40,A,0,J-51,J-51,
3070900012,11223,1916,E 9TH,ST,3,7090,12,A,0,,GARDEN COMPLEX,
3071120001,11223,2001,E 9TH,ST,3,7112,1,A,0,,SEC 608,
3071590146,11223,815,GRAVESEND NECK,RD,3,7159,146,A,0,,,
3066510050,11223,195,HIGHLAWN,AVE,3,6651,50,A,0,,,
3066180027,11223,125 TO 135,KINGS,HWY,3,6618,27,A,0,421-A (16),421-A (16),
3066810119,11223,492,KINGS,HWY,3,6681,119,A,0,421-A (16),421-A (16),
3066810144,11223,508 TO 510,KINGS,HWY,3,6681,144,A,0,,,
3066630032,11223,632,KINGS,HWY,3,6663,32,A,0,,,
3066790045,11223,96,LAKE,ST,3,6679,45,A,0,,,
3071037501,11223,279,LAKE,ST,3,7103,7501,A,0,421-A (1-15),421-A (1-15),
3066320039,11223,1884,MCDONALD,AVE,3,6632,39,A,0,,,
3072380002,11223,9,MURDOCK,CT,3,7238,2,A,0,,,
3072380082,11223,9,NIXON,CT,3,7238,82,A,0,,,
3071990005,11223,20,OCEAN,CT,3,7199,5,A,0,,,
3066380001,11223,1601,OCEAN,PKWY,3,6638,1,A,0,,,
3066370019,11223,1628 TO 1640,OCEAN,PKWY,3,6637,19,A,0,,,
3066370027,11223,1648 TO 1650,OCEAN,PKWY,3,6637,27,A,0,,,
3066630023,11223,1741 TO 1755,OCEAN,PKWY,3,6663,23,A,0,,,
3066620033,11223,1750,OCEAN,PKWY,3,6662,33,A,0,,,
3066630063,11223,1777,OCEAN,PKWY,3,6663,63,A,0,,,
3066810415,11223,1802,OCEAN,PKWY,3,6681,415,A,1,,NON-EVICT COOP/CONDO,
3066810440,11223,1850,OCEAN,PKWY,3,6681,440,A,0,,,
3066810449,11223,1860,OCEAN,PKWY,3,6681,449,A,0,,,
3071580033,11223,2245,OCEAN,PKWY,3,7158,33,A,0,,,
3066260043,11223,193,QUENTIN,RD,3,6626,43,A,0,,,
3066510006,11223,206,QUENTIN,RD,3,6651,6,A,0,,,
3066270043,11223,217,QUENTIN,RD,3,6627,43,A,0,,,
3066520006,11223,230,QUENTIN,RD,3,6652,6,A,0,,,
3066270038,11223,235,QUENTIN,RD,3,6627,38,A,0,,,
3066530006,11223,254,QUENTIN,RD,3,6653,6,A,0,,,
3066290043,11223,265,QUENTIN,RD,3,6629,43,A,0,,,
3072330009,11223,2813,SHELL,RD,3,7233,9,A,0,421-A (1-15),421-A (1-15),
3072330010,11223,2815,SHELL,RD,3,7233,10,A,0,421-A (1-15),421-A (1-15),
3072330008,11223,2611,SHORE,PKWY,3,7233,8,A,0,,,
3072330007,11223,2613,SHORE,PKWY,3,7233,7,A,0,,,
3072330006,11223,2615,SHORE,PKWY,3,7233,6,A,0,,,
3072370002,11223,2775,SHORE,PKWY,3,7237,2,A,0,,,
3071040275,11223,16,SLOAN,PL,3,7104,275,A,0,,,
3066430070,11223,1749,STILLWELL,AVE,3,6643,70,B,0,,,
3066430057,11223,1777,STILLWELL,AVE,3,6643,57,B,0,,,
3070750082,11223,1913,STILLWELL,AVE,3,7075,82,A,0,,,
3070750079,11223,1921,STILLWELL,AVE,3,7075,79,A,0,,,
3070750078,11223,1925,STILLWELL,AVE,3,7075,78,B,0,,,
3066780122,11223,12,VAN SICKLEN,ST,3,6678,122,A,0,,,
3066780123,11223,16,VAN SICKLEN,ST,3,6678,123,A,0,,,
3066780124,11223,20,VAN SICKLEN,ST,3,6678,124,A,0,,,
3066790086,11223,59,VAN SICKLEN,ST,3,6679,86,A,0,,,
3066780020,11223,88,VAN SICKLEN,ST,3,6678,20,A,0,,,
3071010115,11223,266,VAN SICKLEN,ST,3,7101,115,A,0,,,
3071240044,11223,61,VILLAGE RD N,,3,7124,44,A,0,421-A (1-15),421-A (1-15),
3066210006,11223,1602,W 10TH,ST,3,6621,6,A,0,,,
3066220066,11223,1629,W 10TH,ST,3,6622,66,A,0,,,
3066220063,11223,1633,W 10TH,ST,3,6622,63,A,0,,,
3066210022,11223,1650,W 10TH,ST,3,6621,22,A,0,,,
3066210042,11223,1684,W 10TH,ST,3,6621,42,A,0,,,
3070960063,11223,2049,W 10TH,ST,3,7096,63,A,0,421-A (1-15),421-A (1-15),
3071620073,11223,2307,W 12TH,ST,3,7162,73,A,0,,,
3071610024,11223,2348,W 12TH,ST,3,7161,24,A,0,421-A (1-15),421-A (1-15),
3070750014,11223,1918,W 13TH,ST,3,7075,14,A,0,421-A (1-15),ROOMING HOUSE 421-A (1-15),
3071600027,11223,2352,W 13TH,ST,3,7160,27,A,0,,,
3066300039,11223,1684,W 1ST,ST,3,6630,39,A,0,,,
3066550006,11223,1702 TO 1712,W 1ST,ST,3,6655,6,B,0,,,
3066560050,11223,1765,W 1ST,ST,3,6656,50,A,0,,,
3066560048,11223,1769,W 1ST,ST,3,6656,48,A,0,,,
3071940028,11223,2470,W 1ST,ST,3,7194,28,A,0,,,
3066300001,11223,1601,W 2ND,ST,3,6630,1,A,0,,,
3066290038,11223,1684,W 2ND,ST,3,6629,38,A,0,,,
3066550055,11223,1743,W 2ND,ST,3,6655,55,A,0,421-A (1-15),421-A (1-15),
3072340100,11223,2611 TO 2631,W 2ND,ST,3,7234,100,A,0,,,
3072340001,11223,2612,W 2ND,ST,3,7234,1,A,0,,,
3072340150,11223,2661,W 2ND,ST,3,7234,150,A,0,,,
3066540001,11223,1701,W 3RD,ST,3,6654,1,A,0,,,
3066530034,11223,1780,W 3RD,ST,3,6653,34,A,0,,,
3066270031,11223,1662,W 4TH,ST,3,6627,31,A,0,,,
3066270033,11223,1666,W 4TH,ST,3,6627,33,A,0,,,
3066520010,11223,1710,W 4TH,ST,3,6652,10,A,0,,,
3066520013,11223,1722,W 4TH,ST,3,6652,13,A,0,,,
3066270001,11223,1601,W 5TH,ST,3,6627,1,A,0,,,
3066260036,11223,1674,W 5TH,ST,3,6626,36,A,0,,,
3066510012,11223,1714,W 5TH,ST,3,6651,12,A,0,,,
3066510013,11223,1718,W 5TH,ST,3,6651,13,A,0,,,
3070830011,11223,1914,W 5TH,ST,3,7083,11,A,0,,,
3070830012,11223,1918,W 5TH,ST,3,7083,12,A,0,,,
3066250008,11223,1602,W 6TH,ST,3,6625,8,A,0,,,
3066260050,11223,1667,W 6TH,ST,3,6626,50,A,0,,,
3066250034,11223,1668 TO 1684,W 6TH,ST,3,6625,34,A,0,,,
3066500004,11223,1702 TO 1712,W 6TH,ST,3,6650,4,A,0,,,
3066510085,11223,1713,W 6TH,ST,3,6651,85,A,0,,,
3066510084,11223,1717,W 6TH,ST,3,6651,84,A,0,,,
3066500032,11223,1770,W 6TH,ST,3,6650,32,A,0,,,
3070990012,11223,2016,W 6TH,ST,3,7099,12,A,0,,,
3070990018,11223,2032,W 6TH,ST,3,7099,18,A,0,,,
3071200012,11223,2114,W 6TH,ST,3,7120,12,A,0,,,
3071200017,11223,2126,W 6TH,ST,3,7120,17,A,0,,,
3071200018,11223,2128,W 6TH,ST,3,7120,18,A,0,,GARDEN COMPLEX,
3066250001,11223,1601 TO 1611,W 7TH,ST,3,6625,1,A,0,,GARDEN COMPLEX,
3066250055,11223,1655,W 7TH,ST,3,6625,55,A,0,,,
3066240036,11223,1672 TO 1680,W 7TH,ST,3,6624,36,A,0,,,
3066490008,11223,1702 TO 1718,W 7TH,ST,3,6649,8,A,0,,,
3066500063,11223,1763,W 7TH,ST,3,6650,63,A,0,,,
3070990149,11223,2079,W 7TH,ST,3,7099,149,A,0,,,
3071670001,11223,2301,W 7TH,ST,3,7167,1,B,0,,,
3066230039,11223,1684,W 8TH,ST,3,6623,39,A,0,,,
3066220026,11223,1648,W 9TH,ST,3,6622,26,A,0,,,
3066230044,11223,1675,W 9TH,ST,3,6623,44,A,0,,,
3066710035,11223,1872,W 9TH,ST,3,6671,35,A,0,,,
3066720054,11223,1875,W 9TH,ST,3,6672,54,A,0,,,
3066710036,11223,1876,W 9TH,ST,3,6671,36,A,0,,,
3066720053,11223,1877,W 9TH,ST,3,6672,53,A,0,,,
3066710037,11223,1878,W 9TH,ST,3,6671,37,A,0,,,
3066720052,11223,1881,W 9TH,ST,3,6672,52,A,0,,,
3066710038,11223,1882,W 9TH,ST,3,6671,38,A,0,,,
3066720051,11223,1885,W 9TH,ST,3,6672,51,B,0,,,
3066710041,11223,1888,W 9TH,ST,3,6671,41,A,0,,,
3070790008,11223,1906,W 9TH,ST,3,7079,8,A,0,,,
3071040258,11223,2080 TO 2090,WEST,ST,3,7104,258,A,0,,,
3072350001,11223,2612,WEST,ST,3,7235,1,A,0,,,
3071040237,11223,18,WHITNEY,PL,3,7104,237,A,0,,,
3070260047,11224,4215,ATLANTIC,AVE,3,7026,47,B,0,,,
3070260063,11224,4401,ATLANTIC,AVE,3,7026,63,A,0,,,
3070280036,11224,4024,BEACH 40TH,ST,3,7028,36,A,0,,,
3070380007,11224,4522,BEACH 45TH,ST,3,7038,7,A,0,,,
3070640002,11224,1412,MERMAID,AVE,3,7064,2,A,0,,,
3070630003,11224,1526,MERMAID,AVE,3,7063,3,A,0,,,
3070630001,11224,1528,MERMAID,AVE,3,7063,1,A,0,,,
3070620011,11224,1602,MERMAID,AVE,3,7062,11,A,0,,,
3070620010,11224,1608,MERMAID,AVE,3,7062,10,A,0,,GARDEN COMPLEX,
3070620009,11224,1610,MERMAID,AVE,3,7062,9,A,0,,GARDEN COMPLEX,
3070620008,11224,1612,MERMAID,AVE,3,7062,8,A,0,,,
3070610005,11224,1718,MERMAID,AVE,3,7061,5,A,0,,,
3070610004,11224,1720,MERMAID,AVE,3,7061,4,A,0,,GARDEN COMPLEX,
3070610002,11224,1726,MERMAID,AVE,3,7061,2,A,0,,,
3070110044,11224,2803,MERMAID,AVE,3,7011,44,A,0,,,
3070040011,11224,3602,NEPTUNE,AVE,3,7004,11,A,0,,,
3069980001,11224,3915,NEPTUNE,AVE,3,6998,1,B,0,,ROOMING HOUSE,
3069570022,11224,3800 TO 3804,POPLAR,AVE,3,6957,22,A,0,,,
3072810182,11224,145 TO 147,SEA BREEZE,AVE,3,7281,182,A,0,,,
3072800188,11224,205,SEA BREEZE,AVE,3,7280,188,A,0,,,
3072807501,11224,271,SEA BREEZE,AVE,3,7280,7501,A,0,421-A (16),421-A (16),
3070230019,11224,2834,STILLWELL,AVE,3,7023,19,B,0,,ROOMING HOUSE,
3070230021,11224,2838,STILLWELL,AVE,3,7023,21,A,0,421-A (1-15),421-A (1-15),
3070230025,11224,2850R,STILLWELL,AVE,3,7023,25,A,0,,,
3070230028,11224,2858,STILLWELL,AVE,3,7023,28,A,0,421-A (1-15),421-A (1-15),
3072797501,11224,501,SURF,AVE,3,7279,7501,A,1,,NON-EVICT COOP/CONDO,
3070727501,11224,2006,SURF,AVE,3,7072,7501,A,0,421-A (16),421-A (16),
3070657501,11224,3514,SURF,AVE,3,7065,7501,A,0,421-A (1-15),421-A (1-15),3030 W 35TH ST
3070290001,11224,3811,SURF,AVE,3,7029,1,B,0,,ROOMING HOUSE,
3070260032,11224,4212,SURF,AVE,3,7026,32,A,0,,,
3069970018,11224,2767,W 15TH,ST,3,6997,18,A,0,,,
3070230065,11224,2833 TO 2835,W 15TH,ST,3,7023,65,A,0,,,
3070230064,11224,2837,W 15TH,ST,3,7023,64,A,0,,GARDEN COMPLEX,
3070220026,11224,2842,W 15TH,ST,3,7022,26,A,0,421-A (1-15),421-A (1-15),
3070220028,11224,2848,W 15TH,ST,3,7022,28,A,0,421-A (1-15),421-A (1-15) ARTICLES 14 & 15,
3070237501,11224,2885,W 15TH,ST,3,7023,7501,A,0,421-A (1-15),421-A (1-15),
3070640045,11224,2901 TO 2905,W 15TH,ST,3,7064,45,A,0,,,
3069950090,11224,2744,W 16TH,ST,3,6995,90,A,0,,,
3070227502,11224,2825,W 16TH,ST,3,7022,7502,A,0,421-A (1-15),421-A (1-15),
3070210020,11224,2830,W 16TH,ST,3,7021,20,A,0,,,
3070630012,11224,2919 TO 2925,W 16TH,ST,3,7063,12,A,0,421-A (16),421-A (16),29102948 W 15TH ST
3070210061,11224,2867,W 17TH,ST,3,7021,61,B,0,,,
3070217501,11224,2873,W 17TH,ST,3,7021,7501,A,0,421-A (16),421-A (16),
3070210054,11224,2879,W 17TH,ST,3,7021,54,A,0,,,
3070200068,11224,2845,W 19TH,ST,3,7020,68,A,0,,,
3070607501,11224,2926,W 19TH,ST,3,7060,7501,A,0,,,1912 MERMAID AVE
3072810177,11224,3086,W 1ST,ST,3,7281,177,A,0,,,
3070190055,11224,2877,W 20TH,ST,3,7019,55,A,0,,,
3070170043,11224,2890,W 21ST,ST,3,7017,43,A,0,J-51,J-51,
3070720001,11224,3003,W 21ST,ST,3,7072,1,A,0,,,2008 SURF AVE
3070710114,11224,3022,W 22ND,ST,3,7071,114,A,0,,,
3070710019,11224,3040,W 22ND,ST,3,7071,19,A,0,421-A (1-15),421-A (1-15),
3070710024,11224,3046,W 22ND,ST,3,7071,24,A,0,,,
3070700133,11224,3024,W 23RD,ST,3,7070,133,A,0,,,
3070710089,11224,3031,W 23RD,ST,3,7071,89,A,0,,,
3070550013,11224,2950,W 24TH,ST,3,7055,13,A,0,,GARDEN COMPLEX,
3070700175,11224,3027,W 24TH,ST,3,7070,175,A,0,,,
3070520034,11224,2970,W 27TH,ST,3,7052,34,A,0,,ROOMING HOUSE SECTION 610 OF PHFL,
3070110011,11224,2828,W 28TH,ST,3,7011,11,A,0,,,2820 W 28TH ST
3070510033,11224,2960,W 29TH,ST,3,7051,33,A,0,,,2961 W 30TH ST
3070500001,11224,2930,W 30TH,ST,3,7050,1,A,0,,SECTION 610 OF PHFL,
3070667501,11224,3024 TO 3040,W 32ND,ST,3,7066,7501,A,0,421-A (1-15),421-A (1-15),3201 BOARDWALK W
3069790101,11224,2760,W 33RD,ST,3,6979,101,A,0,,ARTICLE 11,
3070040020,11224,2830,W 36TH,ST,3,7004,20,A,0,,,
3070040021,11224,2832,W 36TH,ST,3,7004,21,A,0,,,
3070040022,11224,2836,W 36TH,ST,3,7004,22,A,0,,,
3070040025,11224,2844,W 36TH,ST,3,7004,25,A,0,,,
3070040027,11224,2850,W 36TH,ST,3,7004,27,A,0,,,
3070460001,11224,2911,W 36TH,ST,3,7046,1,A,0,,ARTICLE 11,35023528 MERMAID AVE
3013240035,11225,7,BALFOUR,PL,3,1324,35,A,0,,,
3012810005,11225,1597,BEDFORD,AVE,3,1281,5,A,0,,,
3012800039,11225,1600,BEDFORD,AVE,3,1280,39,A,0,,,
3012810003,11225,1601,BEDFORD,AVE,3,1281,3,A,0,,,
3012800041,11225,1604,BEDFORD,AVE,3,1280,41,A,0,,,
3012950002,11225,1665,BEDFORD,AVE,3,1295,2,A,0,,,
3013020001,11225,1680,BEDFORD,AVE,3,1302,1,A,0,,,
3013130051,11225,1764,BEDFORD,AVE,3,1313,51,A,0,,,
3013140001,11225,1767,BEDFORD,AVE,3,1314,1,A,0,,GARDEN COMPLEX,
3013180051,11225,1776 TO 1786,BEDFORD,AVE,3,1318,51,A,0,,,
3013190006,11225,1777 TO 1779,BEDFORD,AVE,3,1319,6,B,0,,GARDEN COMPLEX,
3013180057,11225,1788 TO 1798,BEDFORD,AVE,3,1318,57,A,0,,,
3013190003,11225,1789,BEDFORD,AVE,3,1319,3,A,0,,GARDEN COMPLEX,
3013280006,11225,1799,BEDFORD,AVE,3,1328,6,A,0,J-51,J-51,
3050427502,11225,1930,BEDFORD,AVE,3,5042,7502,A,0,421-A (1-15),GARDEN COMPLEX 421-A (1-15),
3050490009,11225,1985,BEDFORD,AVE,3,5049,9,A,0,,,
3050490007,11225,1989,BEDFORD,AVE,3,5049,7,A,0,,GARDEN COMPLEX,
3050490006,11225,1993,BEDFORD,AVE,3,5049,6,A,0,,,
3050260085,11225,2100 TO 2110,BEEKMAN,PL,3,5026,85,A,0,J-51,J-51,
3050260080,11225,2101,BEEKMAN,PL,3,5026,80,A,0,,,
3050260075,11225,2111,BEEKMAN,PL,3,5026,75,A,0,,,
3050260070,11225,2121,BEEKMAN,PL,3,5026,70,A,0,,,
3013230017,11225,441,BROOKLYN,AVE,3,1323,17,A,0,,,
3013170050,11225,456 TO 462,BROOKLYN,AVE,3,1317,50,A,0,,,
3013220026,11225,474,BROOKLYN,AVE,3,1322,26,A,0,,,
3013220032,11225,486,BROOKLYN,AVE,3,1322,32,A,0,,,
3047920028,11225,534 TO 536,BROOKLYN,AVE,3,4792,28,A,0,421-A (1-15),421-A (1-15),
3047920029,11225,538 TO 540,BROOKLYN,AVE,3,4792,29,A,0,421-A (1-15),421-A (1-15),
3047920030,11225,542,BROOKLYN,AVE,3,4792,30,A,0,421-A (1-15),421-A (1-15),
3047920031,11225,544,BROOKLYN,AVE,3,4792,31,A,0,421-A (1-15),421-A (1-15),
3011890017,11225,916,CARROLL,ST,3,1189,17,A,0,,,
3011890020,11225,932,CARROLL,ST,3,1189,20,A,0,,,
3011890024,11225,934 TO 942,CARROLL,ST,3,1189,24,A,0,,,
3012800001,11225,951,CARROLL,ST,3,1280,1,A,0,,,
3012800070,11225,959,CARROLL,ST,3,1280,70,A,0,,,
3012800066,11225,969,CARROLL,ST,3,1280,66,A,0,,,
3012800058,11225,991 TO 993,CARROLL,ST,3,1280,58,A,0,,,
3012870027,11225,1014,CARROLL,ST,3,1287,27,A,0,J-51,J-51,
3012810001,11225,1023,CARROLL,ST,3,1281,1,A,0,,,
3012870033,11225,1030,CARROLL,ST,3,1287,33,A,0,,,
3012810040,11225,1087,CARROLL,ST,3,1281,40,A,0,,,
3012820076,11225,1103,CARROLL,ST,3,1282,76,A,0,,,
3012820075,11225,1107,CARROLL,ST,3,1282,75,A,0,,,
3012880036,11225,1110,CARROLL,ST,3,1288,36,A,0,,,
3012820073,11225,1111,CARROLL,ST,3,1282,73,A,0,,,
3012820071,11225,1115,CARROLL,ST,3,1282,71,A,0,,,
3012880038,11225,1116,CARROLL,ST,3,1288,38,B,0,,,
3012820070,11225,1119,CARROLL,ST,3,1282,70,A,0,,,
3012820053,11225,1151,CARROLL,ST,3,1282,53,A,0,,,
3012820051,11225,1159,CARROLL,ST,3,1282,51,A,0,,,
3012900013,11225,1198,CARROLL,ST,3,1290,13,B,0,,GARDEN COMPLEX,
3050260178,11225,1,CHESTER,CT,3,5026,178,A,0,,,
3050260158,11225,2,CHESTER,CT,3,5026,158,A,0,J-51,GARDEN COMPLEX J-51,614 FLATBUSH AVE
3013090029,11225,54,CLOVE,RD,3,1309,29,A,0,421-A (16),GARDEN COMPLEX 421-A (16),
3011907501,11225,12 TO 34,CROWN,ST,3,1190,7501,A,0,,,
3011890068,11225,15,CROWN,ST,3,1189,68,A,0,,,
3012950010,11225,150,CROWN,ST,3,1295,10,A,0,,,
3012950041,11225,200,CROWN,ST,3,1295,41,A,0,,,
3012880045,11225,201,CROWN,ST,3,1288,45,A,0,,,
3012960008,11225,212,CROWN,ST,3,1296,8,A,0,,,
3012960014,11225,240,CROWN,ST,3,1296,14,A,0,,,
3012960028,11225,250 TO 270,CROWN,ST,3,1296,28,A,0,,,
3012960039,11225,272 TO 280,CROWN,ST,3,1296,39,A,0,,,
3012900001,11225,281,CROWN,ST,3,1290,1,A,0,,,
3012970006,11225,288,CROWN,ST,3,1297,6,A,0,,,
3012900073,11225,291,CROWN,ST,3,1290,73,A,0,,,
3012920049,11225,481,CROWN,ST,3,1292,49,A,0,,,
3047920008,11225,470,E NEW YORK,AVE,3,4792,8,A,0,,GARDEN COMPLEX,
3013310039,11225,495,E NEW YORK,AVE,3,1331,39,A,0,,,
3011850021,11225,284,EASTERN,PKWY,3,1185,21,A,0,,,
3011850027,11225,286 TO 292,EASTERN,PKWY,3,1185,27,A,0,,,
3011850034,11225,302,EASTERN,PKWY,3,1185,34,A,0,,,
3011850039,11225,320,EASTERN,PKWY,3,1185,39,A,0,,,
3012660005,11225,334,EASTERN,PKWY,3,1266,5,A,0,,,
3012660012,11225,348 TO 352,EASTERN,PKWY,3,1266,12,A,0,,,
3012660022,11225,366 TO 370,EASTERN,PKWY,3,1266,22,A,0,,,
3012660026,11225,374,EASTERN,PKWY,3,1266,26,A,0,,,
3012667502,11225,390,EASTERN,PKWY,3,1266,7502,A,0,,,
3012670010,11225,410,EASTERN,PKWY,3,1267,10,A,0,,,
3012670014,11225,420,EASTERN,PKWY,3,1267,14,A,0,,,
3012670016,11225,426,EASTERN,PKWY,3,1267,16,A,0,,,
3012670021,11225,436,EASTERN,PKWY,3,1267,21,A,0,,,
3012680006,11225,458,EASTERN,PKWY,3,1268,6,A,0,,,
3012680009,11225,464,EASTERN,PKWY,3,1268,9,A,0,,,
3012680011,11225,470,EASTERN,PKWY,3,1268,11,A,0,,,
3012680013,11225,476,EASTERN,PKWY,3,1268,13,A,0,,,
3012680017,11225,482 TO 490,EASTERN,PKWY,3,1268,17,A,0,,,
3012680023,11225,506,EASTERN,PKWY,3,1268,23,B,0,,,
3012680025,11225,512,EASTERN,PKWY,3,1268,25,B,0,,,
3012680027,11225,516,EASTERN,PKWY,3,1268,27,B,0,,,
3012690020,11225,576 TO 584,EASTERN,PKWY,3,1269,20,A,0,,,
3013130031,11225,104,EMPIRE,BLVD,3,1313,31,A,0,,,
3013130034,11225,110,EMPIRE,BLVD,3,1313,34,A,0,,,
3013150010,11225,270,EMPIRE,BLVD,3,1315,10,A,0,,,
3013080052,11225,289,EMPIRE,BLVD,3,1308,52,A,0,,,
3013150018,11225,290,EMPIRE,BLVD,3,1315,18,A,0,,,
3013150027,11225,320,EMPIRE,BLVD,3,1315,27,A,0,,,
3013080041,11225,329,EMPIRE,BLVD,3,1308,41,A,0,,,
3013090001,11225,345,EMPIRE,BLVD,3,1309,1,A,0,,GARDEN COMPLEX,
3013160010,11225,350,EMPIRE,BLVD,3,1316,10,A,0,,,
3013110054,11225,569,EMPIRE,BLVD,3,1311,54,A,0,,,
3013110044,11225,577,EMPIRE,BLVD,3,1311,44,A,0,,,
3013250022,11225,580,EMPIRE,BLVD,3,1325,22,A,0,,,
3050370001,11225,63,FENIMORE,ST,3,5037,1,B,0,,,
3050420012,11225,66,FENIMORE,ST,3,5042,12,A,0,,,631 FLATBUSH AVE
3050420031,11225,108 TO 114,FENIMORE,ST,3,5042,31,A,0,,,
3050420035,11225,118,FENIMORE,ST,3,5042,35,A,0,,,
3050420039,11225,130,FENIMORE,ST,3,5042,39,A,0,J-51,J-51,
3050420047,11225,146,FENIMORE,ST,3,5042,47,A,0,,,
3050420050,11225,160,FENIMORE,ST,3,5042,50,A,0,,,
3050420056,11225,170,FENIMORE,ST,3,5042,56,A,0,,,
3050390076,11225,289,FENIMORE,ST,3,5039,76,A,0,421-A (16),GARDEN COMPLEX 421-A (16),
3050390075,11225,291,FENIMORE,ST,3,5039,75,A,0,421-A (16),GARDEN COMPLEX 421-A (16),
3050390074,11225,293,FENIMORE,ST,3,5039,74,A,0,421-A (16),GARDEN COMPLEX 421-A (16),
3050390065,11225,315,FENIMORE,ST,3,5039,65,A,0,,,
3050390161,11225,323,FENIMORE,ST,3,5039,161,A,0,421-A (1-15),421-A (1-15),
3050390160,11225,325,FENIMORE,ST,3,5039,160,A,0,421-A (1-15),421-A (1-15),
3050390159,11225,327,FENIMORE,ST,3,5039,159,A,0,421-A (1-15),421-A (1-15),
3050390055,11225,335,FENIMORE,ST,3,5039,55,A,0,421-A (16),421-A (16),
3050390050,11225,345,FENIMORE,ST,3,5039,50,A,0,421-A (1-15),GARDEN COMPLEX 421-A (1-15),
3050390047,11225,361,FENIMORE,ST,3,5039,47,A,0,,GARDEN COMPLEX,1176 NOSTRAND AVE
3050240053,11225,510,FLATBUSH,AVE,3,5024,53,A,0,421-A (16),421-A (16),
3050240060,11225,522,FLATBUSH,AVE,3,5024,60,A,0,,,
3050240061,11225,524,FLATBUSH,AVE,3,5024,61,A,0,,,
3050240063,11225,526,FLATBUSH,AVE,3,5024,63,A,0,,,
3050240064,11225,528,FLATBUSH,AVE,3,5024,64,A,0,,,
3050240066,11225,532,FLATBUSH,AVE,3,5024,66,A,0,,,
3050260100,11225,580,FLATBUSH,AVE,3,5026,100,A,0,,,
3050260132,11225,590,FLATBUSH,AVE,3,5026,132,A,0,,,
3050260154,11225,606,FLATBUSH,AVE,3,5026,154,A,0,,,
3050370008,11225,607,FLATBUSH,AVE,3,5037,8,B,0,,,
3050260155,11225,608,FLATBUSH,AVE,3,5026,155,A,0,,,
3050260156,11225,610,FLATBUSH,AVE,3,5026,156,A,0,,,
3050370006,11225,611,FLATBUSH,AVE,3,5037,6,B,0,,,
3050260157,11225,612,FLATBUSH,AVE,3,5026,157,A,0,,,
3050370005,11225,615,FLATBUSH,AVE,3,5037,5,A,0,,,
3050370003,11225,617,FLATBUSH,AVE,3,5037,3,A,0,,,
3050260185,11225,626 TO 632,FLATBUSH,AVE,3,5026,185,A,0,421-A (1-15),421-A (1-15),
3050420009,11225,639,FLATBUSH,AVE,3,5042,9,A,0,,,
3050420007,11225,643,FLATBUSH,AVE,3,5042,7,A,0,,,
3050450009,11225,663,FLATBUSH,AVE,3,5045,9,A,0,,,
3050450008,11225,665,FLATBUSH,AVE,3,5045,8,A,0,,,
3050480008,11225,693,FLATBUSH,AVE,3,5048,8,B,0,,,
3012730009,11225,843,FRANKLIN,AVE,3,1273,9,A,0,,GARDEN COMPLEX,
3012730008,11225,847,FRANKLIN,AVE,3,1273,8,A,0,,,
3011870058,11225,848,FRANKLIN,AVE,3,1187,58,A,0,,,
3011870059,11225,850,FRANKLIN,AVE,3,1187,59,A,0,,,
3012730007,11225,851,FRANKLIN,AVE,3,1273,7,A,0,,,
3012800004,11225,883,FRANKLIN,AVE,3,1280,4,A,0,,,
3011880056,11225,888,FRANKLIN,AVE,3,1188,56,A,0,,,
3012870011,11225,901,FRANKLIN,AVE,3,1287,11,A,0,,,
3050450010,11225,2,HAWTHORNE,ST,3,5045,10,A,0,,,
3050420107,11225,15,HAWTHORNE,ST,3,5042,107,A,0,,,
3050450016,11225,22,HAWTHORNE,ST,3,5045,16,A,0,,,
3050450017,11225,24,HAWTHORNE,ST,3,5045,17,A,0,,,
3050450025,11225,42,HAWTHORNE,ST,3,5045,25,A,0,,,
3050420089,11225,45,HAWTHORNE,ST,3,5042,89,A,0,,,
3050420084,11225,67,HAWTHORNE,ST,3,5042,84,A,0,J-51,J-51,
3050420073,11225,75,HAWTHORNE,ST,3,5042,73,A,0,,,
3050450038,11225,78,HAWTHORNE,ST,3,5045,38,A,0,,,
3050450046,11225,92,HAWTHORNE,ST,3,5045,46,A,0,,,
3050430001,11225,125,HAWTHORNE,ST,3,5043,1,A,1,,NON-EVICT COOP/CONDO,
3050430086,11225,135,HAWTHORNE,ST,3,5043,86,A,1,,NON-EVICT COOP/CONDO,
3050460018,11225,150,HAWTHORNE,ST,3,5046,18,A,1,,NON-EVICT COOP/CONDO,
3050460028,11225,170,HAWTHORNE,ST,3,5046,28,A,0,,,
3050430071,11225,175,HAWTHORNE,ST,3,5043,71,A,0,,,
3050430066,11225,181,HAWTHORNE,ST,3,5043,66,A,0,,,
3050460040,11225,192,HAWTHORNE,ST,3,5046,40,A,0,421-A (1-15),GARDEN COMPLEX 421-A (1-15),
3050430059,11225,201,HAWTHORNE,ST,3,5043,59,A,0,,,
3050430056,11225,209,HAWTHORNE,ST,3,5043,56,A,0,,GARDEN COMPLEX,
3050460046,11225,210,HAWTHORNE,ST,3,5046,46,A,0,,,
3050470010,11225,224,HAWTHORNE,ST,3,5047,10,A,0,J-51,J-51,
3050440077,11225,235,HAWTHORNE,ST,3,5044,77,A,0,421-A (1-15),421-A (1-15),
3050440076,11225,237,HAWTHORNE,ST,3,5044,76,A,0,421-A (16),421-A (16),
3050440075,11225,239,HAWTHORNE,ST,3,5044,75,A,0,421-A (16),421-A (16),
3050470017,11225,242,HAWTHORNE,ST,3,5047,17,A,0,,GARDEN COMPLEX,
3050470018,11225,244,HAWTHORNE,ST,3,5047,18,A,0,,GARDEN COMPLEX,
3050440068,11225,245,HAWTHORNE,ST,3,5044,68,B,0,,,
3050470020,11225,250,HAWTHORNE,ST,3,5047,20,A,0,,,
3050470025,11225,260,HAWTHORNE,ST,3,5047,25,A,0,,,
3050440063,11225,265,HAWTHORNE,ST,3,5044,63,A,0,,,
3050440056,11225,271 TO 285,HAWTHORNE,ST,3,5044,56,A,0,,,
3050470039,11225,292,HAWTHORNE,ST,3,5047,39,A,0,,,
3050440053,11225,293,HAWTHORNE,ST,3,5044,53,A,0,421-A (1-15),421-A (1-15),
3048190011,11225,316,HAWTHORNE,ST,3,4819,11,A,0,421-A (1-15),421-A (1-15),
3048190077,11225,318,HAWTHORNE,ST,3,4819,77,A,0,421-A (1-15),421-A (1-15),
3013260015,11225,437,KINGSTON,AVE,3,1326,15,A,0,,,
3013250001,11225,446,KINGSTON,AVE,3,1325,1,A,1,,NON-EVICT COOP/CONDO,
3013260001,11225,451,KINGSTON,AVE,3,1326,1,A,0,,,
3047937504,11225,516 TO 518,KINGSTON,AVE,3,4793,7504,A,0,,,
3047990009,11225,523,KINGSTON,AVE,3,4799,9,A,0,,,
3047990008,11225,527,KINGSTON,AVE,3,4799,8,A,0,,,
3047990007,11225,529,KINGSTON,AVE,3,4799,7,A,0,,,
3047990005,11225,531,KINGSTON,AVE,3,4799,5,A,0,J-51,J-51,
3047990001,11225,541,KINGSTON,AVE,3,4799,1,A,0,,,
3013180001,11225,25,LEFFERTS,AVE,3,1318,1,A,0,,,
3013270013,11225,34 TO 58,LEFFERTS,AVE,3,1327,13,A,0,,,
3013270034,11225,100,LEFFERTS,AVE,3,1327,34,A,0,,,
3013190001,11225,133,LEFFERTS,AVE,3,1319,1,A,0,,,
3013290007,11225,234,LEFFERTS,AVE,3,1329,7,A,0,,,
3013200001,11225,235 TO 239,LEFFERTS,AVE,3,1320,1,A,0,,,
3013210001,11225,317,LEFFERTS,AVE,3,1321,1,A,0,,,
3013210067,11225,335,LEFFERTS,AVE,3,1321,67,A,0,,,
3013210061,11225,345,LEFFERTS,AVE,3,1321,61,A,0,J-51,J-51,
3013300014,11225,350,LEFFERTS,AVE,3,1330,14,A,0,,,
3013210053,11225,355,LEFFERTS,AVE,3,1321,53,A,0,,,
3013210050,11225,375,LEFFERTS,AVE,3,1321,50,A,0,421-A (16),GARDEN COMPLEX 421-A (16),
3013210048,11225,379,LEFFERTS,AVE,3,1321,48,A,0,,,
3013300025,11225,382,LEFFERTS,AVE,3,1330,25,A,0,,,
3013210040,11225,393,LEFFERTS,AVE,3,1321,40,A,0,421-A (1-15),421-A (1-15),
3013220046,11225,415,LEFFERTS,AVE,3,1322,46,A,0,,,
3013320007,11225,480,LEFFERTS,AVE,3,1332,7,A,0,,,
3013320012,11225,486,LEFFERTS,AVE,3,1332,12,A,0,421-A (16),421-A (16),
3013320013,11225,488,LEFFERTS,AVE,3,1332,13,A,0,421-A (16),421-A (16),
3013327505,11225,492,LEFFERTS,AVE,3,1332,7505,A,0,421-A (1-15),421-A (1-15),
3013240001,11225,501,LEFFERTS,AVE,3,1324,1,A,0,,,
3013327504,11225,516 TO 522,LEFFERTS,AVE,3,1332,7504,A,0,,,571 E NEW YORK AVE
3013320030,11225,532,LEFFERTS,AVE,3,1332,30,A,0,,,
3050240074,11225,31,LINCOLN,RD,3,5024,74,A,0,421-A (16),421-A (16),33 LINCOLN RD
3050260056,11225,40,LINCOLN,RD,3,5026,56,A,0,,,
3050260065,11225,50 TO 56,LINCOLN,RD,3,5026,65,B,0,,GARDEN COMPLEX,
3013270001,11225,57 TO 73,LINCOLN,RD,3,1327,1,A,0,,,
3050280006,11225,64,LINCOLN,RD,3,5028,6,A,0,,,
3013270077,11225,101,LINCOLN,RD,3,1327,77,A,0,,,
3013270072,11225,105,LINCOLN,RD,3,1327,72,A,0,,,
3013270026,11225,115,LINCOLN,RD,3,1327,26,A,0,,,
3013270031,11225,131,LINCOLN,RD,3,1327,31,A,0,,,
3013270054,11225,137 TO 153,LINCOLN,RD,3,1327,54,A,0,,,
3013280001,11225,177,LINCOLN,RD,3,1328,1,A,0,,,
3013280091,11225,179,LINCOLN,RD,3,1328,91,A,0,,,
3013290001,11225,279,LINCOLN,RD,3,1329,1,A,0,,,451 ROGERS AVE
3050300011,11225,286 TO 290,LINCOLN,RD,3,5030,11,A,0,,,
3050300016,11225,300,LINCOLN,RD,3,5030,16,A,0,,,
3050300017,11225,302,LINCOLN,RD,3,5030,17,A,0,,,
3050300021,11225,308,LINCOLN,RD,3,5030,21,A,0,,,
3013290065,11225,315,LINCOLN,RD,3,1329,65,B,0,,,
3013290063,11225,319,LINCOLN,RD,3,1329,63,A,0,,GARDEN COMPLEX,
3013290061,11225,323,LINCOLN,RD,3,1329,61,B,0,,GARDEN COMPLEX,
3013290059,11225,329,LINCOLN,RD,3,1329,59,A,0,,GARDEN COMPLEX,
3013290057,11225,333,LINCOLN,RD,3,1329,57,A,0,,,
3050300033,11225,336,LINCOLN,RD,3,5030,33,A,0,421-A (1-15),421-A (1-15),
3050300034,11225,338,LINCOLN,RD,3,5030,34,A,0,421-A (1-15),421-A (1-15),
3013290053,11225,341,LINCOLN,RD,3,1329,53,A,0,,,
3013290051,11225,347,LINCOLN,RD,3,1329,51,A,0,,,
3013300045,11225,429,LINCOLN,RD,3,1330,45,A,0,,,
3050310006,11225,2 TO 10,MAPLE,ST,3,5031,6,B,0,,GARDEN COMPLEX,
3050280001,11225,11,MAPLE,ST,3,5028,1,A,0,J-51,J-51,
3050330018,11225,250,MAPLE,ST,3,5033,18,A,0,,,
3050300052,11225,287,MAPLE,ST,3,5030,52,A,0,421-A (16),GARDEN COMPLEX 421-A (16),
3050330034,11225,288,MAPLE,ST,3,5033,34,A,0,,,
3050300051,11225,289,MAPLE,ST,3,5030,51,A,0,421-A (16),GARDEN COMPLEX 421-A (16),
3050330039,11225,292,MAPLE,ST,3,5033,39,A,0,,,
3050300045,11225,295,MAPLE,ST,3,5030,45,A,0,,,
3047960022,11225,340,MAPLE,ST,3,4796,22,A,0,,,
3047960026,11225,348,MAPLE,ST,3,4796,26,A,0,,,
3047960030,11225,356,MAPLE,ST,3,4796,30,A,0,,,
3047910051,11225,361,MAPLE,ST,3,4791,51,A,0,,,
3047920051,11225,395,MAPLE,ST,3,4792,51,A,0,,,
3047920038,11225,433,MAPLE,ST,3,4792,38,A,0,"421-A (1-15),421-A (16)",421-A (1-15),
3047920033,11225,451,MAPLE,ST,3,4792,33,A,0,,GARDEN COMPLEX,
3047920032,11225,453,MAPLE,ST,3,4792,32,A,0,,GARDEN COMPLEX,
3047980011,11225,476,MAPLE,ST,3,4798,11,A,0,421-A (16),421-A (16),
3047930066,11225,489,MAPLE,ST,3,4793,66,A,0,421-A (1-15),421-A (1-15),
3047980028,11225,514 TO 516,MAPLE,ST,3,4798,28,A,0,421-A (16),GARDEN COMPLEX 421-A (16),
3047930053,11225,521,MAPLE,ST,3,4793,53,A,0,,GARDEN COMPLEX,
3047930051,11225,525,MAPLE,ST,3,4793,51,A,0,421-A (1-15),421-A (1-15),
3050340006,11225,10,MIDWOOD,ST,3,5034,6,A,0,,,
3050310001,11225,11,MIDWOOD,ST,3,5031,1,A,0,,GARDEN COMPLEX,
3050330074,11225,231,MIDWOOD,ST,3,5033,74,A,0,,,
3050330072,11225,237,MIDWOOD,ST,3,5033,72,B,0,,,
3050330071,11225,241,MIDWOOD,ST,3,5033,71,B,0,,,
3050330069,11225,245,MIDWOOD,ST,3,5033,69,A,0,,GARDEN COMPLEX,
3050330067,11225,249,MIDWOOD,ST,3,5033,67,A,0,,,
3050360039,11225,292,MIDWOOD,ST,3,5036,39,A,0,,,
3048010037,11225,388,MIDWOOD,ST,3,4801,37,A,0,,,
3048020009,11225,414,MIDWOOD,ST,3,4802,9,A,0,421-A (1-15),GARDEN COMPLEX 421-A (1-15),
3048020010,11225,416,MIDWOOD,ST,3,4802,10,A,0,421-A (1-15),GARDEN COMPLEX 421-A (1-15),
3048030015,11225,478,MIDWOOD,ST,3,4803,15,A,0,421-A (1-15),421-A (1-15),
3048030115,11225,480,MIDWOOD,ST,3,4803,115,A,0,421-A (1-15),421-A (1-15),
3047980065,11225,489,MIDWOOD,ST,3,4798,65,A,0,421-A (1-15),421-A (1-15),
3048030031,11225,516,MIDWOOD,ST,3,4803,31,A,0,421-A (1-15),421-A (1-15),
3048030032,11225,518,MIDWOOD,ST,3,4803,32,A,0,,,
3048030033,11225,520,MIDWOOD,ST,3,4803,33,A,0,421-A (1-15),421-A (1-15),
3048030037,11225,530,MIDWOOD,ST,3,4803,37,A,0,421-A (1-15),421-A (1-15),
3013040024,11225,250,MONTGOMERY,ST,3,1304,24,A,0,,,216 STODDARD PL
3013040124,11225,322 TO 332,MONTGOMERY,ST,3,1304,124,A,0,,,
3013050009,11225,334,MONTGOMERY,ST,3,1305,9,A,0,,,
3012960064,11225,345,MONTGOMERY,ST,3,1296,64,A,1,,NON-EVICT COOP/CONDO,
3013050015,11225,346,MONTGOMERY,ST,3,1305,15,A,0,,GARDEN COMPLEX,
3013050018,11225,358,MONTGOMERY,ST,3,1305,18,A,0,,,
3013050020,11225,364,MONTGOMERY,ST,3,1305,20,A,0,,,
3013050021,11225,366,MONTGOMERY,ST,3,1305,21,A,0,,,
3013050022,11225,370,MONTGOMERY,ST,3,1305,22,A,0,,,
3013050023,11225,372,MONTGOMERY,ST,3,1305,23,A,0,,,
3013050026,11225,376,MONTGOMERY,ST,3,1305,26,A,0,,,
3012960052,11225,377,MONTGOMERY,ST,3,1296,52,A,0,,,
3013050027,11225,378,MONTGOMERY,ST,3,1305,27,A,0,,,
3013050029,11225,384 TO 394,MONTGOMERY,ST,3,1305,29,A,0,,,
3013050034,11225,396,MONTGOMERY,ST,3,1305,34,B,0,,,
3013090039,11225,470,MONTGOMERY,ST,3,1309,39,B,0,,GARDEN COMPLEX,
3012970059,11225,481,MONTGOMERY,ST,3,1297,59,A,0,,,
3012970058,11225,483,MONTGOMERY,ST,3,1297,58,A,0,,,
3012970057,11225,487,MONTGOMERY,ST,3,1297,57,A,0,,,
3012970056,11225,489,MONTGOMERY,ST,3,1297,56,B,0,,,
3013090049,11225,490 TO 500,MONTGOMERY,ST,3,1309,49,A,0,,GARDEN COMPLEX,
3013090056,11225,436 TO 446,NEW YORK,AVE,3,1309,56,A,0,,,
3013210034,11225,490,NEW YORK,AVE,3,1321,34,A,0,,,
3013220001,11225,501,NEW YORK,AVE,3,1322,1,A,0,,,
3012690002,11225,803,NOSTRAND,AVE,3,1269,2,A,0,,,
3012760005,11225,827,NOSTRAND,AVE,3,1276,5,A,0,,,
3012760004,11225,829,NOSTRAND,AVE,3,1276,4,A,0,,,
3012760003,11225,831,NOSTRAND,AVE,3,1276,3,A,0,,,
3012750045,11225,860,NOSTRAND,AVE,3,1275,45,A,0,,,
3012750047,11225,864,NOSTRAND,AVE,3,1275,47,A,0,,,
3050300042,11225,1084,NOSTRAND,AVE,3,5030,42,A,0,,,
3050390040,11225,1156,NOSTRAND,AVE,3,5039,40,A,0,421-A (1-15),GARDEN COMPLEX 421-A (1-15),
3050390045,11225,1170,NOSTRAND,AVE,3,5039,45,A,0,,,
3050390046,11225,1174,NOSTRAND,AVE,3,5039,46,A,0,,,
3048270012,11225,1233,NOSTRAND,AVE,3,4827,12,A,0,,,
3050240026,11225,39,OCEAN,AVE,3,5024,26,A,0,,,
3050240023,11225,45,OCEAN,AVE,3,5024,23,A,0,,,
3050240019,11225,55,OCEAN,AVE,3,5024,19,A,0,,,
3050240014,11225,65,OCEAN,AVE,3,5024,14,A,0,,,
3050240006,11225,75,OCEAN,AVE,3,5024,6,B,0,,,
3050240001,11225,89 TO 99,OCEAN,AVE,3,5024,1,B,0,,,
3050260039,11225,115,OCEAN,AVE,3,5026,39,A,0,J-51,J-51,
3050260034,11225,119 TO 127,OCEAN,AVE,3,5026,34,A,1,,NON-EVICT COOP/CONDO,
3050260028,11225,135,OCEAN,AVE,3,5026,28,A,0,,,
3050260026,11225,147,OCEAN,AVE,3,5026,26,A,0,,,
3050260023,11225,150,OCEAN,AVE,3,5026,23,A,0,,,
3050260011,11225,163,OCEAN,AVE,3,5026,11,A,1,,COOP/CONDO PLAN FILE,
3050260355,11225,217,OCEAN,AVE,3,5026,355,A,0,,,
3050260350,11225,231,OCEAN,AVE,3,5026,350,A,0,,,
3050260344,11225,239,OCEAN,AVE,3,5026,344,A,0,,,
3050260339,11225,255,OCEAN,AVE,3,5026,339,A,0,,,
3050260337,11225,265,OCEAN,AVE,3,5026,337,B,0,,,
3050260335,11225,275,OCEAN,AVE,3,5026,335,A,0,,,
3050260331,11225,279,OCEAN,AVE,3,5026,331,A,0,,,
3050260327,11225,287,OCEAN,AVE,3,5026,327,A,0,,,
3050260323,11225,295 TO 301,OCEAN,AVE,3,5026,323,A,0,,,
3050260313,11225,305,OCEAN,AVE,3,5026,313,A,0,,,
3011880040,11225,990,PRESIDENT,ST,3,1188,40,A,0,,,
3011870066,11225,991,PRESIDENT,ST,3,1187,66,A,0,,,
3011870064,11225,993,PRESIDENT,ST,3,1187,64,A,0,,,
3012800008,11225,1010,PRESIDENT,ST,3,1280,8,A,0,,,
3012800016,11225,1016 TO 1020,PRESIDENT,ST,3,1280,16,A,0,,,
3012800019,11225,1026,PRESIDENT,ST,3,1280,19,A,0,,,
3012800029,11225,1042,PRESIDENT,ST,3,1280,29,A,0,421-A (16),421-A (16),
3012810017,11225,1082,PRESIDENT,ST,3,1281,17,A,0,,,
3012747501,11225,1089,PRESIDENT,ST,3,1274,7501,A,0,,,
3012750076,11225,1131,PRESIDENT,ST,3,1275,76,A,0,,,
3012750074,11225,1137,PRESIDENT,ST,3,1275,74,A,0,,,
3012820014,11225,1140,PRESIDENT,ST,3,1282,14,B,0,,,
3012820016,11225,1144,PRESIDENT,ST,3,1282,16,A,0,,,
3012750069,11225,1145,PRESIDENT,ST,3,1275,69,B,0,,,
3012820018,11225,1146,PRESIDENT,ST,3,1282,18,A,0,,,
3012820020,11225,1150,PRESIDENT,ST,3,1282,20,A,0,,,
3012750066,11225,1153,PRESIDENT,ST,3,1275,66,A,0,,,
3012820022,11225,1154,PRESIDENT,ST,3,1282,22,A,0,J-51,J-51,
3012750064,11225,1159,PRESIDENT,ST,3,1275,64,A,0,,,
3012750063,11225,1161,PRESIDENT,ST,3,1275,63,A,0,,,
3012750061,11225,1163,PRESIDENT,ST,3,1275,61,A,0,,,
3012750059,11225,1167,PRESIDENT,ST,3,1275,59,A,0,,,
3012820029,11225,1170 TO 1172,PRESIDENT,ST,3,1282,29,A,0,,,
3012750054,11225,1171 TO 1179,PRESIDENT,ST,3,1275,54,A,0,,,
3012820032,11225,1174 TO 1176,PRESIDENT,ST,3,1282,32,A,0,,,
3012820034,11225,1180,PRESIDENT,ST,3,1282,34,A,0,,,
3012750153,11225,1181,PRESIDENT,ST,3,1275,153,B,0,,,
3012740033,11225,200,ROGERS,AVE,3,1274,33,A,0,,,
3012740041,11225,218,ROGERS,AVE,3,1274,41,A,0,,,
3012750006,11225,229,ROGERS,AVE,3,1275,6,A,0,,,
3012890001,11225,267,ROGERS,AVE,3,1289,1,A,0,,,1118 CARROLL ST
3012950045,11225,298,ROGERS,AVE,3,1295,45,A,0,,,
3013040129,11225,332 TO 334,ROGERS,AVE,3,1304,129,A,0,,,
3013200007,11225,407,ROGERS,AVE,3,1320,7,A,0,,,
3013200005,11225,415,ROGERS,AVE,3,1320,5,A,0,,GARDEN COMPLEX,
3013200003,11225,421,ROGERS,AVE,3,1320,3,A,0,,,
3013200002,11225,423,ROGERS,AVE,3,1320,2,A,0,J-51,J-51,
3013280047,11225,434,ROGERS,AVE,3,1328,47,A,0,,,
3013290003,11225,445,ROGERS,AVE,3,1329,3,A,0,,,
3013290002,11225,447,ROGERS,AVE,3,1329,2,A,0,,,
3050330008,11225,481,ROGERS,AVE,3,5033,8,A,0,,,
3050470006,11225,579 TO 589,ROGERS,AVE,3,5047,6,A,0,,,
3050470005,11225,593,ROGERS,AVE,3,5047,5,A,0,,,
3050460054,11225,594 TO 596,ROGERS,AVE,3,5046,54,A,0,,,
3050470004,11225,597,ROGERS,AVE,3,5047,4,A,0,,,
3050500011,11225,609,ROGERS,AVE,3,5050,11,A,0,,,
3050500010,11225,611,ROGERS,AVE,3,5050,10,A,0,,,
3050500008,11225,615,ROGERS,AVE,3,5050,8,A,0,,,
3050370010,11225,8,RUTLAND,RD,3,5037,10,B,0,,,
3050340101,11225,11 TO 13,RUTLAND,RD,3,5034,101,A,0,,,
3050360053,11225,285,RUTLAND,RD,3,5036,53,A,0,421-A (16),421-A (16),
3050390039,11225,300,RUTLAND,RD,3,5039,39,A,0,,,1152 NOSTRAND AVE
3048090006,11225,316,RUTLAND,RD,3,4809,6,A,0,,,
3048010077,11225,327,RUTLAND,RD,3,4801,77,A,0,421-A (16),421-A (16),
3048010177,11225,329,RUTLAND,RD,3,4801,177,A,0,421-A (16),421-A (16),
3048010176,11225,331,RUTLAND,RD,3,4801,176,A,0,421-A (1-15),421-A (1-15),
3048090015,11225,332,RUTLAND,RD,3,4809,15,A,0,,,
3048090018,11225,340,RUTLAND,RD,3,4809,18,A,0,421-A (16),421-A (16),
3048090019,11225,342,RUTLAND,RD,3,4809,19,A,0,421-A (16),421-A (16),
3048090021,11225,346,RUTLAND,RD,3,4809,21,A,0,421-A (16),421-A (16),
3048090023,11225,350,RUTLAND,RD,3,4809,23,A,0,421-A (16),GARDEN COMPLEX 421-A (16),
3048090024,11225,352,RUTLAND,RD,3,4809,24,A,0,421-A (16),GARDEN COMPLEX 421-A (16),
3048010154,11225,383,RUTLAND,RD,3,4801,154,A,0,421-A (16),421-A (16),
3048010054,11225,385,RUTLAND,RD,3,4801,54,A,0,421-A (16),421-A (16),
3048090039,11225,388,RUTLAND,RD,3,4809,39,A,0,,,
3048090041,11225,394,RUTLAND,RD,3,4809,41,B,0,,GARDEN COMPLEX,
3013130053,11225,109,STERLING,ST,3,1313,53,A,0,,,
3013140086,11225,131,STERLING,ST,3,1314,86,B,0,,GARDEN COMPLEX,
3013140083,11225,137,STERLING,ST,3,1314,83,B,0,,GARDEN COMPLEX,
3013140080,11225,143,STERLING,ST,3,1314,80,B,0,,GARDEN COMPLEX,
3013140068,11225,175,STERLING,ST,3,1314,68,A,0,,,
3013140050,11225,215,STERLING,ST,3,1314,50,A,0,,,
3013200008,11225,224,STERLING,ST,3,1320,8,A,0,,,
3013150045,11225,291 TO 301,STERLING,ST,3,1315,45,A,0,,,
3013160001,11225,307,STERLING,ST,3,1316,1,A,0,J-51,J-51 ARTICLES 14 & 15,
3013210006,11225,308,STERLING,ST,3,1321,6,A,0,,,
3013210011,11225,320,STERLING,ST,3,1321,11,A,0,,SECTION 610 OF PHFL,
3013160072,11225,329,STERLING,ST,3,1316,72,A,0,,,
3013210021,11225,350,STERLING,ST,3,1321,21,A,0,,,
3011920095,11225,1,SULLIVAN,PL,3,1192,95,A,0,421-A (16),421-A (16),
3013060042,11225,86 TO 90,SULLIVAN,PL,3,1306,42,A,0,421-A (1-15),GARDEN COMPLEX 421-A (1-15),
3013040143,11225,195,SULLIVAN,PL,3,1304,143,A,0,421-A (1-15),421-A (1-15),
3013040135,11225,209,SULLIVAN,PL,3,1304,135,A,0,,,348356 ROGERS AVE
3013050072,11225,237,SULLIVAN,PL,3,1305,72,A,0,,,
3013080025,11225,262 TO 264,SULLIVAN,PL,3,1308,25,A,0,421-A (16),GARDEN COMPLEX 421-A (16),
3013050060,11225,271,SULLIVAN,PL,3,1305,60,A,0,,,
3013080036,11225,286 TO 300,SULLIVAN,PL,3,1308,36,A,0,,,
3013057501,11225,301,SULLIVAN,PL,3,1305,7501,A,0,421-A (1-15),GARDEN COMPLEX 421-A (1-15),
3011870044,11225,1004,UNION,ST,3,1187,44,A,0,,,
3011870049,11225,1016,UNION,ST,3,1187,49,A,0,,,
3011850052,11225,1035,UNION,ST,3,1185,52,A,0,,GARDEN COMPLEX,
3012730016,11225,1038,UNION,ST,3,1273,16,A,0,,,
3012730020,11225,1042,UNION,ST,3,1273,20,A,0,,,
3011850046,11225,1045,UNION,ST,3,1185,46,A,0,,,816 FRANKLIN AVE
3012730023,11225,1048,UNION,ST,3,1273,23,A,0,,,
3012660001,11225,1059 TO 1069,UNION,ST,3,1266,1,A,0,,,
3012730025,11225,1060,UNION,ST,3,1273,25,A,0,,,
3012660062,11225,1087,UNION,ST,3,1266,62,A,0,,,
3012660053,11225,1101,UNION,ST,3,1266,53,A,0,,,
3012660047,11225,1115,UNION,ST,3,1266,47,A,0,,,
3012680001,11225,1195,UNION,ST,3,1268,1,A,0,,,
3012680064,11225,1219,UNION,ST,3,1268,64,A,0,,,
3012760013,11225,1236,UNION,ST,3,1276,13,A,0,,,
3012760016,11225,1240 TO 1242,UNION,ST,3,1276,16,A,0,,,
3012760023,11225,1254,UNION,ST,3,1276,23,B,0,,,
3012680038,11225,1257 TO 1261,UNION,ST,3,1268,38,A,0,,,
3012690071,11225,1275,UNION,ST,3,1269,71,A,0,,,
3012690063,11225,1281,UNION,ST,3,1269,63,A,0,,,
3012690045,11225,1325,UNION,ST,3,1269,45,A,0,,,
3011890007,11225,881 TO 895,WASHINGTON,AVE,3,1189,7,A,0,J-51,J-51,
3011890001,11225,901,WASHINGTON,AVE,3,1189,1,A,0,,,
3011900009,11225,915,WASHINGTON,AVE,3,1190,9,A,0,,,
3011900001,11225,921,WASHINGTON,AVE,3,1190,1,B,0,,,
3011920018,11225,941,WASHINGTON,AVE,3,1192,18,B,0,,,
3011927502,11225,961 TO 971,WASHINGTON,AVE,3,1192,7502,A,0,,,
3011920006,11225,975,WASHINGTON,AVE,3,1192,6,A,0,,,
3011920077,11225,1015,WASHINGTON,AVE,3,1192,77,A,0,,,
3011920085,11225,1035,WASHINGTON,AVE,3,1192,85,A,0,,,
3050260257,11225,2100,WESTBURY,CT,3,5026,257,B,0,,GARDEN COMPLEX,
3050260235,11225,2101,WESTBURY,CT,3,5026,235,B,0,,GARDEN COMPLEX,
3050260250,11225,2110,WESTBURY,CT,3,5026,250,B,0,,GARDEN COMPLEX,
3050260241,11225,2121,WESTBURY,CT,3,5026,241,A,0,,,
3050480021,11225,32,WINTHROP,ST,3,5048,21,A,0,,,
3050450091,11225,35,WINTHROP,ST,3,5045,91,A,0,,,
3050480023,11225,38,WINTHROP,ST,3,5048,23,A,0,,,
3050480026,11225,44,WINTHROP,ST,3,5048,26,A,0,,,
3050480028,11225,48,WINTHROP,ST,3,5048,28,A,0,,,
3050450078,11225,55,WINTHROP,ST,3,5045,78,A,0,,,
3050480034,11225,80,WINTHROP,ST,3,5048,34,A,1,,NON-EVICT COOP/CONDO,
3050450070,11225,83,WINTHROP,ST,3,5045,70,A,0,421-A (1-15),GARDEN COMPLEX 421-A (1-15),
3050480051,11225,100,WINTHROP,ST,3,5048,51,A,0,,,
3050450059,11225,105,WINTHROP,ST,3,5045,59,A,0,,,
3050467501,11225,109,WINTHROP,ST,3,5046,7501,A,0,421-A (1-15),421-A (1-15),19631973 BEDFORD AVE
3050460075,11225,159,WINTHROP,ST,3,5046,75,A,0,421-A (1-15),GARDEN COMPLEX 421-A (1-15),
3050460074,11225,161,WINTHROP,ST,3,5046,74,A,0,421-A (1-15),GARDEN COMPLEX 421-A (1-15),
3050490048,11225,200,WINTHROP,ST,3,5049,48,B,0,,,608 ROGERS AVE
3050460058,11225,207,WINTHROP,ST,3,5046,58,B,0,,,
3050470176,11225,225,WINTHROP,ST,3,5047,176,A,0,421-A (16),421-A (16),
3050470076,11225,227,WINTHROP,ST,3,5047,76,A,0,421-A (16),421-A (16),
3050500020,11225,240,WINTHROP,ST,3,5050,20,A,0,,,
3051210001,11226,1700 TO 1702,ALBEMARLE,RD,3,5121,1,A,0,,,
3050970120,11226,1701,ALBEMARLE,RD,3,5097,120,A,1,,NON-EVICT COOP/CONDO,
3051220001,11226,1800 TO 1824,ALBEMARLE,RD,3,5122,1,A,0,,,
3050990052,11226,1809,ALBEMARLE,RD,3,5099,52,A,0,,,
3051230001,11226,1900,ALBEMARLE,RD,3,5123,1,A,0,,,
3051000080,11226,1911,ALBEMARLE,RD,3,5100,80,A,1,,NON-EVICT COOP/CONDO,
3051240005,11226,2016,ALBEMARLE,RD,3,5124,5,A,0,,,
3051010052,11226,2017,ALBEMARLE,RD,3,5101,52,A,0,,,
3051240007,11226,2020,ALBEMARLE,RD,3,5124,7,A,0,,,
3051020063,11226,2111,ALBEMARLE,RD,3,5102,63,A,0,,,
3051250006,11226,2114,ALBEMARLE,RD,3,5125,6,A,0,,,
3051100068,11226,2417,ALBEMARLE,RD,3,5110,68,A,0,421-A (16),421-A (16),
3051280001,11226,2506,ALBEMARLE,RD,3,5128,1,A,0,,,
3051280006,11226,2524,ALBEMARLE,RD,3,5128,6,A,0,421-A (16),421-A (16),
3051100052,11226,2603,ALBEMARLE,RD,3,5110,52,A,0,421-A (1-15),421-A (1-15),
3051100050,11226,2607,ALBEMARLE,RD,3,5110,50,A,0,421-A (1-15),421-A (1-15),
3051280051,11226,2608,ALBEMARLE,RD,3,5128,51,A,0,,,
3051300208,11226,2806,ALBEMARLE,RD,3,5130,208,B,0,421-A (1-15),421-A (1-15),
3051300210,11226,2810,ALBEMARLE,RD,3,5130,210,A,0,,NONE,
3051110047,11226,2909,ALBEMARLE,RD,3,5111,47,A,0,421-A (16),GARDEN COMPLEX 421-A (16),
3051110046,11226,2911,ALBEMARLE,RD,3,5111,46,A,0,421-A (16),GARDEN COMPLEX 421-A (16),
3051890045,11226,2307,AVENUE D,,3,5189,45,A,0,,,
3052120001,11226,2502,AVENUE D,,3,5212,1,A,0,,,
3052140011,11226,2714,AVENUE D,,3,5214,11,A,0,,,
3049480051,11226,3105,AVENUE D,,3,4948,51,A,0,,,
3049660001,11226,3202,AVENUE D,,3,4966,1,A,0,,,
3050560010,11226,2007,BEDFORD,AVE,3,5056,10,A,0,,,
3050550156,11226,2012,BEDFORD,AVE,3,5055,156,A,0,,GARDEN COMPLEX,
3050550157,11226,2014,BEDFORD,AVE,3,5055,157,A,0,421-A (1-15),GARDEN COMPLEX 421-A (1-15),
3050560006,11226,2015,BEDFORD,AVE,3,5056,6,A,0,J-51,J-51,
3050560003,11226,2023,BEDFORD,AVE,3,5056,3,B,0,,,
3050560001,11226,2031,BEDFORD,AVE,3,5056,1,A,0,,,
3050640067,11226,2042,BEDFORD,AVE,3,5064,67,A,0,,GARDEN COMPLEX,
3050840010,11226,2101,BEDFORD,AVE,3,5084,10,A,0,,,
3050847501,11226,2107,BEDFORD,AVE,3,5084,7501,A,1,,NON-EVICT COOP/CONDO,
3050860048,11226,2136,BEDFORD,AVE,3,5086,48,A,0,421-A (16),421-A (16),
3050860148,11226,2138,BEDFORD,AVE,3,5086,148,A,0,421-A (16),421-A (16),
3050860050,11226,2150,BEDFORD,AVE,3,5086,50,A,0,,,
3050900009,11226,2171,BEDFORD,AVE,3,5090,9,A,0,,,
3050900007,11226,2177,BEDFORD,AVE,3,5090,7,A,0,,,
3050900004,11226,2181,BEDFORD,AVE,3,5090,4,A,0,,,
3051070003,11226,2249 TO 2259,BEDFORD,AVE,3,5107,3,A,0,,,
3051260054,11226,2322,BEDFORD,AVE,3,5126,54,A,0,,,
3051260057,11226,2330,BEDFORD,AVE,3,5126,57,A,0,,,
3051260058,11226,2334,BEDFORD,AVE,3,5126,58,A,0,,,
3051270066,11226,2337,BEDFORD,AVE,3,5127,66,A,0,421-A (16),GARDEN COMPLEX 421-A (16),
3051350044,11226,2391,BEDFORD,AVE,3,5135,44,A,0,,,
3051670033,11226,2452,BEDFORD,AVE,3,5167,33,B,0,,,
3051670045,11226,2484,BEDFORD,AVE,3,5167,45,A,0,421-A (16),421-A (16),
3051900001,11226,2491,BEDFORD,AVE,3,5190,1,A,0,,,
3051900075,11226,2499 TO 2507,BEDFORD,AVE,3,5190,75,A,0,,,
3051890012,11226,2500 TO 2504,BEDFORD,AVE,3,5189,12,A,0,,,
3051890015,11226,2510,BEDFORD,AVE,3,5189,15,A,0,421-A (16),GARDEN COMPLEX 421-A (16),
3051890018,11226,2516,BEDFORD,AVE,3,5189,18,A,0,,,
3051890022,11226,2522 TO 2524,BEDFORD,AVE,3,5189,22,A,0,,,
3051900061,11226,2525,BEDFORD,AVE,3,5190,61,A,0,,,
3051900050,11226,2567,BEDFORD,AVE,3,5190,50,B,0,J-51,J-51,
3051890039,11226,2568,BEDFORD,AVE,3,5189,39,A,0,,,
3051890042,11226,2574,BEDFORD,AVE,3,5189,42,A,0,,,
3052100005,11226,2584,BEDFORD,AVE,3,5210,5,A,0,J-51,GARDEN COMPLEX J-51,
3052100006,11226,2586,BEDFORD,AVE,3,5210,6,A,0,J-51,J-51,
3052100009,11226,2604,BEDFORD,AVE,3,5210,9,A,0,,,
3052110079,11226,2619,BEDFORD,AVE,3,5211,79,A,0,,,
3051200037,11226,1601 TO 1623,BEVERLEY,RD,3,5120,37,A,0,,,
3051470003,11226,1608,BEVERLEY,RD,3,5147,3,A,0,421-A (1-15),421-A (1-15),
3051470004,11226,1616,BEVERLEY,RD,3,5147,4,A,0,,,
3051470007,11226,1618,BEVERLEY,RD,3,5147,7,A,0,,,
3051210034,11226,1713,BEVERLEY,RD,3,5121,34,A,0,,,
3051220041,11226,1803,BEVERLEY,RD,3,5122,41,A,0,J-51,J-51 SEC 608,
3051490003,11226,1808,BEVERLEY,RD,3,5149,3,A,0,,,
3051220039,11226,1809,BEVERLEY,RD,3,5122,39,B,0,,GARDEN COMPLEX,
3051220037,11226,1815,BEVERLEY,RD,3,5122,37,A,0,,,
3051220035,11226,1819,BEVERLEY,RD,3,5122,35,A,0,,SEC 608,
3051500001,11226,1902,BEVERLEY,RD,3,5150,1,A,0,,,
3051230039,11226,1915,BEVERLEY,RD,3,5123,39,A,0,421-A (16),421-A (16),
3051510010,11226,2022,BEVERLEY,RD,3,5151,10,A,1,,NON-EVICT COOP/CONDO,
3051250077,11226,2101,BEVERLEY,RD,3,5125,77,B,0,,,371 E 21ST ST
3051520001,11226,2102,BEVERLEY,RD,3,5152,1,A,0,,,
3051250074,11226,2107,BEVERLEY,RD,3,5125,74,A,0,,,
3051650001,11226,2132,BEVERLEY,RD,3,5165,1,A,0,,,
3051360039,11226,2525,BEVERLEY,RD,3,5136,39,A,0,,,
3051710001,11226,2706,BEVERLEY,RD,3,5171,1,A,0,,,
3051380035,11226,2719,BEVERLEY,RD,3,5138,35,A,0,,,
3051390035,11226,2801 TO 2809,BEVERLEY,RD,3,5139,35,A,0,,,159 E 28TH ST
3051390032,11226,2815,BEVERLEY,RD,3,5139,32,A,0,,,
3051400037,11226,2905,BEVERLEY,RD,3,5140,37,A,0,,,
3049300006,11226,3022,BEVERLEY,RD,3,4930,6,B,0,,,
3049320006,11226,3214,BEVERLEY,RD,3,4932,6,A,0,,,
3050970060,11226,105,BUCKINGHAM,RD,3,5097,60,A,0,,,
3050770001,11226,1600,CATON,AVE,3,5077,1,A,0,,,
3050770006,11226,1620,CATON,AVE,3,5077,6,A,0,,,
3050600001,11226,1705,CATON,AVE,3,5060,1,A,0,,,
3050780003,11226,1710,CATON,AVE,3,5078,3,A,0,,,
3050600058,11226,1715,CATON,AVE,3,5060,58,A,0,,,
3050780006,11226,1716,CATON,AVE,3,5078,6,A,0,,,
3050780009,11226,1722,CATON,AVE,3,5078,9,A,0,,,
3050600054,11226,1729,CATON,AVE,3,5060,54,A,0,,,
3050600043,11226,1745,CATON,AVE,3,5060,43,A,0,,GARDEN COMPLEX,
3050790001,11226,1806,CATON,AVE,3,5079,1,A,0,,,
3050610049,11226,1829,CATON,AVE,3,5061,49,A,0,,,
3050800007,11226,1834,CATON,AVE,3,5080,7,A,0,,,
3050620064,11226,2017,CATON,AVE,3,5062,64,A,0,,,
3050820001,11226,2104,CATON,AVE,3,5082,1,A,0,,,
3050820003,11226,2114,CATON,AVE,3,5082,3,A,0,,,
3050830024,11226,2155,CATON,AVE,3,5083,24,A,0,421-A (16),421-A (16),
3050830108,11226,2160,CATON,AVE,3,5083,108,A,0,,,
3050830095,11226,2164,CATON,AVE,3,5083,95,A,0,,,
3050830110,11226,2201 TO 2213,CATON,AVE,3,5083,110,A,0,,,
3050837502,11226,2217,CATON,AVE,3,5083,7502,A,0,,,
3050977501,11226,1634,CHURCH,AVE,3,5097,7501,A,0,421-A (16),GARDEN COMPLEX 421-A (16),
3050790027,11226,1815 TO 1819,CHURCH,AVE,3,5079,27,A,0,,,
3050900086,11226,2415 TO 2425,CHURCH,AVE,3,5090,86,A,0,,,
3050900073,11226,2525,CHURCH,AVE,3,5090,73,A,0,,,
3050900071,11226,2527 TO 2529,CHURCH,AVE,3,5090,71,A,0,421-A (16),GARDEN COMPLEX 421-A (16),
3050900068,11226,2533,CHURCH,AVE,3,5090,68,A,0,,,
3050900067,11226,2535,CHURCH,AVE,3,5090,67,A,0,421-A (1-15),421-A (1-15),
3050900065,11226,2539,CHURCH,AVE,3,5090,65,A,0,,,
3050900059,11226,2555,CHURCH,AVE,3,5090,59,A,0,,,
3051050017,11226,2728,CHURCH,AVE,3,5105,17,A,0,,GARDEN COMPLEX,
3051050024,11226,2812,CHURCH,AVE,3,5105,24,A,0,,,
3051660051,11226,2203,CLARENDON,RD,3,5166,51,A,0,421-A (16),421-A (16),
3051870025,11226,2204,CLARENDON,RD,3,5187,25,A,0,,,
3051870027,11226,2242,CLARENDON,RD,3,5187,27,A,0,,,
3051870032,11226,2250,CLARENDON,RD,3,5187,32,A,0,421-A (16),GARDEN COMPLEX 421-A (16),
3051670052,11226,2303,CLARENDON,RD,3,5167,52,A,0,,,
3051670049,11226,2307,CLARENDON,RD,3,5167,49,A,0,,,
3051890004,11226,2310,CLARENDON,RD,3,5189,4,A,0,,GARDEN COMPLEX,
3051890007,11226,2316,CLARENDON,RD,3,5189,7,A,0,421-A (16),421-A (16),
3051900003,11226,2408,CLARENDON,RD,3,5190,3,A,0,,,
3051710046,11226,2709,CLARENDON,RD,3,5171,46,A,0,,,
3051940001,11226,2802 TO 2812,CLARENDON,RD,3,5194,1,A,0,421-G,421-G,
3051720037,11226,2809,CLARENDON,RD,3,5172,37,A,0,421-A (16),421-A (16),
3051950003,11226,2908,CLARENDON,RD,3,5195,3,B,0,J-51,J-51,
3051950004,11226,2910,CLARENDON,RD,3,5195,4,B,0,J-51,J-51,
3051950005,11226,2914,CLARENDON,RD,3,5195,5,B,0,J-51,J-51,
3049300040,11226,3003,CLARENDON,RD,3,4930,40,B,0,,GARDEN COMPLEX,
3049470003,11226,3010,CLARENDON,RD,3,4947,3,A,0,,,
3049480007,11226,3116,CLARENDON,RD,3,4948,7,B,0,421-A (16),421-A (16),
3049490006,11226,3214,CLARENDON,RD,3,4949,6,A,0,,,
3050640025,11226,22,CLARKSON,AVE,3,5064,25,A,0,,,
3050557501,11226,35,CLARKSON,AVE,3,5055,7501,A,1,,NON-EVICT COOP/CONDO,
3050640029,11226,40,CLARKSON,AVE,3,5064,29,A,1,,NON-EVICT COOP/CONDO,
3050550082,11226,49,CLARKSON,AVE,3,5055,82,A,0,,,
3050640036,11226,50,CLARKSON,AVE,3,5064,36,A,0,421-A (16),421-A (16),
3050640040,11226,60,CLARKSON,AVE,3,5064,40,A,0,,,
3050550081,11226,61,CLARKSON,AVE,3,5055,81,A,0,421-A (16),421-A (16),
3050640047,11226,80,CLARKSON,AVE,3,5064,47,A,0,,GARDEN COMPLEX,
3050550065,11226,85,CLARKSON,AVE,3,5055,65,A,0,,,
3050650015,11226,106,CLARKSON,AVE,3,5065,15,A,0,,,
3050560097,11226,111,CLARKSON,AVE,3,5056,97,A,0,421-A (1-15),421-A (1-15),
3050650021,11226,130,CLARKSON,AVE,3,5065,21,A,0,,,
3050560083,11226,135,CLARKSON,AVE,3,5056,83,A,0,,,
3050650030,11226,140 TO 148,CLARKSON,AVE,3,5065,30,A,0,,,
3050560081,11226,149,CLARKSON,AVE,3,5056,81,A,0,,,
3050650039,11226,160,CLARKSON,AVE,3,5065,39,A,0,421-A (16),421-A (16),
3050560073,11226,161 TO 167,CLARKSON,AVE,3,5056,73,B,0,,GARDEN COMPLEX,
3050650040,11226,176,CLARKSON,AVE,3,5065,40,A,0,,,
3050560064,11226,179 TO 189,CLARKSON,AVE,3,5056,64,A,0,,,
3050650048,11226,184,CLARKSON,AVE,3,5065,48,A,0,,,
3050560062,11226,195,CLARKSON,AVE,3,5056,62,A,0,,,
3050660011,11226,210,CLARKSON,AVE,3,5066,11,A,0,421-A (16),421-A (16),
3050570089,11226,215,CLARKSON,AVE,3,5057,89,A,0,,,
3050570088,11226,221,CLARKSON,AVE,3,5057,88,A,0,,GARDEN COMPLEX,
3050660031,11226,250,CLARKSON,AVE,3,5066,31,A,0,,,
3050570074,11226,253,CLARKSON,AVE,3,5057,74,A,0,421-A (16),421-A (16),
3050660039,11226,270,CLARKSON,AVE,3,5066,39,A,0,,,
3050570058,11226,287,CLARKSON,AVE,3,5057,58,A,0,,,
3048370017,11226,310,CLARKSON,AVE,3,4837,17,A,0,421-A (16),421-A (16),
3048370027,11226,350,CLARKSON,AVE,3,4837,27,A,0,421-A (16),421-A (16),
3051610001,11226,1810,CORTELYOU,RD,3,5161,1,A,0,,,
3051610006,11226,1820,CORTELYOU,RD,3,5161,6,A,0,,,
3051620001,11226,1902 TO 1912,CORTELYOU,RD,3,5162,1,A,0,,,
3051507501,11226,1921 TO 1931,CORTELYOU,RD,3,5150,7501,B,0,,,782 OCEAN AVE
3051650082,11226,2129,CORTELYOU,RD,3,5165,82,A,0,,,
3051650015,11226,2149,CORTELYOU,RD,3,5165,15,B,0,,,
3051650028,11226,2156,CORTELYOU,RD,3,5165,28,A,0,,,
3051660020,11226,2201,CORTELYOU,RD,3,5166,20,A,0,,,
3051660011,11226,2223,CORTELYOU,RD,3,5166,11,A,0,,,
3051670011,11226,2317,CORTELYOU,RD,3,5167,11,A,0,,,
3051680007,11226,2401 TO 2415,CORTELYOU,RD,3,5168,7,A,0,,GARDEN COMPLEX,
3051690059,11226,2502 TO 2512,CORTELYOU,RD,3,5169,59,A,0,,,
3051700010,11226,2617 TO 2623,CORTELYOU,RD,3,5170,10,A,0,,,26102624 BEVERLEY RD
3051710068,11226,2708 TO 2712,CORTELYOU,RD,3,5171,68,A,0,,,
3051730058,11226,2902,CORTELYOU,RD,3,5173,58,B,0,,GARDEN COMPLEX,
3049320019,11226,3222,CORTELYOU,RD,3,4932,19,A,0,,,
3050580062,11226,11,CROOKE,AVE,3,5058,62,A,0,,,
3050580057,11226,15 TO 25,CROOKE,AVE,3,5058,57,A,0,,,
3050600018,11226,20 TO 28,CROOKE,AVE,3,5060,18,A,0,,,
3050580016,11226,27,CROOKE,AVE,3,5058,16,A,0,,,
3050580044,11226,33,CROOKE,AVE,3,5058,44,A,0,,,
3050600027,11226,36,CROOKE,AVE,3,5060,27,A,0,,,
3050590056,11226,81 TO 85,CROOKE,AVE,3,5059,56,A,0,,,
3050590052,11226,89,CROOKE,AVE,3,5059,52,A,0,,,
3050590051,11226,97,CROOKE,AVE,3,5059,51,A,0,,,
3052060007,11226,2014,DITMAS,AVE,3,5206,7,A,0,,,
3052070004,11226,2116,DITMAS,AVE,3,5207,4,A,0,,,
3052080004,11226,2212,DITMAS,AVE,3,5208,4,A,0,,,
3051580034,11226,1525,DORCHESTER,RD,3,5158,34,A,0,,,
3051600043,11226,1701 TO 1707,DORCHESTER,RD,3,5160,43,A,0,,,
3051600036,11226,1725,DORCHESTER,RD,3,5160,36,A,0,,,
3051610033,11226,1801,DORCHESTER,RD,3,5161,33,A,0,,,
3051620046,11226,1901,DORCHESTER,RD,3,5162,46,A,0,,,
3051620038,11226,1911,DORCHESTER,RD,3,5162,38,A,0,,,
3051630033,11226,2015,DORCHESTER,RD,3,5163,33,A,0,,,
3051860090,11226,2126,DORCHESTER,RD,3,5186,90,A,0,,,
3051200054,11226,209,E 16TH,ST,3,5120,54,A,0,,,
3051200051,11226,217,E 16TH,ST,3,5120,51,A,0,,,
3051200049,11226,221 TO 225,E 16TH,ST,3,5120,49,A,0,,,
3051190040,11226,236,E 16TH,ST,3,5119,40,A,0,,,
3051470065,11226,293,E 16TH,ST,3,5147,65,B,0,,ROOMING HOUSE,
3051590061,11226,385,E 16TH,ST,3,5159,61,A,1,,NON-EVICT COOP/CONDO,
3051590059,11226,395,E 16TH,ST,3,5159,59,A,0,,,
3051590053,11226,405,E 16TH,ST,3,5159,53,A,0,,,
3051590047,11226,415,E 16TH,ST,3,5159,47,A,0,,,
3052370046,11226,605 TO 611,E 16TH,ST,3,5237,46,A,0,,,
3052370041,11226,613 TO 623,E 16TH,ST,3,5237,41,A,0,,,
3052370038,11226,633,E 16TH,ST,3,5237,38,A,0,,,
3050780001,11226,7,E 17TH,ST,3,5078,1,A,0,,,1702 CATON AVE
3050787501,11226,17,E 17TH,ST,3,5078,7501,A,1,,NON-EVICT COOP/CONDO,
3050780060,11226,23,E 17TH,ST,3,5078,60,A,0,,,
3050770015,11226,28,E 17TH,ST,3,5077,15,B,0,,,
3050780057,11226,29,E 17TH,ST,3,5078,57,A,0,,,
3050780054,11226,35,E 17TH,ST,3,5078,54,A,0,,,
3050780049,11226,39 TO 49,E 17TH,ST,3,5078,49,A,0,,,
3050770017,11226,40,E 17TH,ST,3,5077,17,A,0,,,
3050780044,11226,51 TO 61,E 17TH,ST,3,5078,44,A,0,,,
3050770021,11226,60,E 17TH,ST,3,5077,21,A,0,,,
3051200008,11226,170,E 17TH,ST,3,5120,8,A,0,,,
3051200012,11226,180,E 17TH,ST,3,5120,12,A,0,,,
3051200018,11226,190,E 17TH,ST,3,5120,18,A,0,,,
3051210060,11226,191,E 17TH,ST,3,5121,60,A,0,,,
3051200021,11226,200,E 17TH,ST,3,5120,21,A,0,,,
3051210054,11226,205,E 17TH,ST,3,5121,54,A,0,,,
3051210052,11226,219,E 17TH,ST,3,5121,52,A,0,,,
3051200026,11226,222,E 17TH,ST,3,5120,26,A,0,,,
3051470038,11226,358,E 17TH,ST,3,5147,38,A,0,,,
3051600058,11226,383,E 17TH,ST,3,5160,58,A,0,,,
3051590013,11226,400,E 17TH,ST,3,5159,13,A,1,,NON-EVICT COOP/CONDO,
3051590023,11226,410,E 17TH,ST,3,5159,23,B,0,,,
3051600048,11226,415,E 17TH,ST,3,5160,48,A,0,,,
3051590027,11226,416,E 17TH,ST,3,5159,27,A,0,,,
3051590030,11226,422,E 17TH,ST,3,5159,30,A,0,,,
3052020029,11226,580,E 17TH,ST,3,5202,29,A,0,,,16031623 NEWKIRK AVE
3052370020,11226,612,E 17TH,ST,3,5237,20,B,0,,,
3052370022,11226,616,E 17TH,ST,3,5237,22,B,0,,,
3052170041,11226,619,E 17TH,ST,3,5217,41,A,0,,,
3052370024,11226,620,E 17TH,ST,3,5237,24,A,0,,,
3052370026,11226,624,E 17TH,ST,3,5237,26,B,0,,,
3052370028,11226,628,E 17TH,ST,3,5237,28,A,0,,,
3050780014,11226,20,E 18TH,ST,3,5078,14,A,0,,,
3050780022,11226,50,E 18TH,ST,3,5078,22,A,0,,,
3050990037,11226,83,E 18TH,ST,3,5099,37,A,0,,,
3050970091,11226,90 TO 92,E 18TH,ST,3,5097,91,A,0,,,
3050990035,11226,91,E 18TH,ST,3,5099,35,A,0,421-A (1-15),421-A (1-15) SECTION 610 OF PHFL,
3050990034,11226,95,E 18TH,ST,3,5099,34,A,0,,,
3050970095,11226,100,E 18TH,ST,3,5097,95,A,0,J-51,J-51,
3050990074,11226,125,E 18TH,ST,3,5099,74,A,0,,,
3050970104,11226,130,E 18TH,ST,3,5097,104,A,0,,,
3050970112,11226,144 TO 160,E 18TH,ST,3,5097,112,A,1,,NON-EVICT COOP/CONDO,
3050990068,11226,145,E 18TH,ST,3,5099,68,A,1,,NON-EVICT COOP/CONDO,
3051210007,11226,180,E 18TH,ST,3,5121,7,A,0,,,
3051220066,11226,189,E 18TH,ST,3,5122,66,A,0,,,
3051210012,11226,200,E 18TH,ST,3,5121,12,A,0,,,
3051220062,11226,201,E 18TH,ST,3,5122,62,A,0,,,
3051210018,11226,220,E 18TH,ST,3,5121,18,A,0,,,
3051220056,11226,221,E 18TH,ST,3,5122,56,A,1,,NON-EVICT COOP/CONDO,
3051220050,11226,229 TO 243,E 18TH,ST,3,5122,50,A,0,,,
3051210026,11226,236 TO 250,E 18TH,ST,3,5121,26,A,0,,,
3051220044,11226,255,E 18TH,ST,3,5122,44,A,0,,,
3051490056,11226,287,E 18TH,ST,3,5149,56,A,0,421-A (1-15),421-A (1-15),
3051600001,11226,380,E 18TH,ST,3,5160,1,A,0,,,
3051610056,11226,385,E 18TH,ST,3,5161,56,A,1,,NON-EVICT COOP/CONDO,
3051600021,11226,398,E 18TH,ST,3,5160,21,A,0,,,
3052170006,11226,600,E 18TH,ST,3,5217,6,A,0,,,
3052180039,11226,601,E 18TH,ST,3,5218,39,A,0,,,
3052170018,11226,616,E 18TH,ST,3,5217,18,A,1,,NON-EVICT COOP/CONDO,
3052180037,11226,625,E 18TH,ST,3,5218,37,A,0,421-A (1-15),421-A (1-15),
3050990101,11226,1,E 19TH,ST,3,5099,101,A,0,,,
3050990200,11226,25,E 19TH,ST,3,5099,200,A,0,,,
3051000051,11226,49,E 19TH,ST,3,5100,51,A,0,,,
3050990040,11226,50,E 19TH,ST,3,5099,40,A,0,,,
3051000091,11226,65,E 19TH,ST,3,5100,91,A,0,,,
3050990047,11226,68 TO 82,E 19TH,ST,3,5099,47,A,0,,,
3051220010,11226,116,E 19TH,ST,3,5122,10,A,0,,,
3051230068,11226,119 TO 131,E 19TH,ST,3,5123,68,A,0,,,
3051220012,11226,120,E 19TH,ST,3,5122,12,A,0,,,
3051230062,11226,141,E 19TH,ST,3,5123,62,A,0,,,
3051220018,11226,146,E 19TH,ST,3,5122,18,A,0,J-51,J-51 SEC 608,
3051220021,11226,150,E 19TH,ST,3,5122,21,A,0,,,
3051230051,11226,151 TO 183,E 19TH,ST,3,5123,51,A,0,,,
3051220025,11226,162,E 19TH,ST,3,5122,25,A,0,,,
3051220028,11226,170,E 19TH,ST,3,5122,28,A,0,,,
3051220032,11226,182,E 19TH,ST,3,5122,32,A,0,,,
3051490008,11226,200,E 19TH,ST,3,5149,8,A,0,,,
3051620068,11226,309,E 19TH,ST,3,5162,68,A,0,,,
3051620065,11226,323,E 19TH,ST,3,5162,65,A,0,421-A (1-15),GARDEN COMPLEX 421-A (1-15),
3051620062,11226,327,E 19TH,ST,3,5162,62,A,0,,,
3051610014,11226,330,E 19TH,ST,3,5161,14,A,0,,,
3051620059,11226,335,E 19TH,ST,3,5162,59,A,0,,,
3051620056,11226,341,E 19TH,ST,3,5162,56,A,0,,,
3051620052,11226,349,E 19TH,ST,3,5162,52,A,0,,,
3051610022,11226,350,E 19TH,ST,3,5161,22,A,0,,,
3051610030,11226,360,E 19TH,ST,3,5161,30,A,0,,,
3052190053,11226,571,E 19TH,ST,3,5219,53,A,0,421-A (1-15),421-A (1-15),
3052180024,11226,596,E 19TH,ST,3,5218,24,A,0,421-A (1-15),421-A (1-15),
3052190040,11226,601,E 19TH,ST,3,5219,40,A,0,,,
3050630027,11226,5,E 21ST,ST,3,5063,27,A,0,,,
3050620043,11226,18,E 21ST,ST,3,5062,43,A,0,,,
3050630023,11226,21,E 21ST,ST,3,5063,23,A,0,,,
3050630021,11226,25,E 21ST,ST,3,5063,21,A,0,,,
3050630017,11226,31,E 21ST,ST,3,5063,17,A,0,,,
3050630015,11226,37 TO 39,E 21ST,ST,3,5063,15,A,0,421-A (1-15),GARDEN COMPLEX 421-A (1-15),
3050620051,11226,50,E 21ST,ST,3,5062,51,A,0,,,
3050630001,11226,59 TO 75,E 21ST,ST,3,5063,1,A,0,,,
3050620061,11226,62,E 21ST,ST,3,5062,61,A,0,,,
3050820091,11226,91,E 21ST,ST,3,5082,91,A,0,,,
3050820089,11226,97,E 21ST,ST,3,5082,89,B,0,,,
3050810015,11226,100,E 21ST,ST,3,5081,15,A,0,,,
3050820084,11226,101 TO 113,E 21ST,ST,3,5082,84,A,0,,,
3050820079,11226,115,E 21ST,ST,3,5082,79,A,0,,,
3050810025,11226,122,E 21ST,ST,3,5081,25,A,0,,,
3050820072,11226,131,E 21ST,ST,3,5082,72,A,0,,,
3050820067,11226,141,E 21ST,ST,3,5082,67,A,0,,,
3050810039,11226,156,E 21ST,ST,3,5081,39,A,0,,,
3051010014,11226,190,E 21ST,ST,3,5101,14,A,0,,GARDEN COMPLEX,
3051010041,11226,266,E 21ST,ST,3,5101,41,A,0,,,
3051010044,11226,280,E 21ST,ST,3,5101,44,A,0,,,
3051240012,11226,312 TO 324,E 21ST,ST,3,5124,12,A,0,,,
3051250084,11226,351,E 21ST,ST,3,5125,84,A,0,,,
3051240051,11226,354,E 21ST,ST,3,5124,51,A,0,,,
3051250082,11226,359,E 21ST,ST,3,5125,82,A,0,J-51,GARDEN COMPLEX J-51,
3051250081,11226,363,E 21ST,ST,3,5125,81,A,0,,,
3051250080,11226,365,E 21ST,ST,3,5125,80,A,0,,,
3051250079,11226,369,E 21ST,ST,3,5125,79,A,0,,,
3051510011,11226,390,E 21ST,ST,3,5151,11,B,0,,,
3051510012,11226,400,E 21ST,ST,3,5151,12,A,0,,,
3051520028,11226,401,E 21ST,ST,3,5152,28,A,0,,,
3051520025,11226,409,E 21ST,ST,3,5152,25,A,0,,,
3051510021,11226,420,E 21ST,ST,3,5151,21,A,0,,,
3051630019,11226,460,E 21ST,ST,3,5163,19,A,0,,,
3051630027,11226,480,E 21ST,ST,3,5163,27,A,0,,,
3051640043,11226,481,E 21ST,ST,3,5164,43,A,0,421-A (16),421-A (16),
3051640037,11226,485,E 21ST,ST,3,5164,37,B,0,,,
3051850001,11226,501,E 21ST,ST,3,5185,1,A,0,,,
3051840006,11226,520,E 21ST,ST,3,5184,6,A,0,,,
3051850073,11226,525,E 21ST,ST,3,5185,73,A,0,,,
3051850069,11226,535,E 21ST,ST,3,5185,69,A,0,,,
3051840025,11226,538 TO 546,E 21ST,ST,3,5184,25,A,0,,,
3051850064,11226,543,E 21ST,ST,3,5185,64,A,0,,,
3051840031,11226,550,E 21ST,ST,3,5184,31,A,0,,,
3051850059,11226,557,E 21ST,ST,3,5185,59,B,0,,,
3051840041,11226,580,E 21ST,ST,3,5184,41,A,0,,,
3052060010,11226,590,E 21ST,ST,3,5206,10,A,0,,,
3052060017,11226,598 TO 600,E 21ST,ST,3,5206,17,A,0,,GARDEN COMPLEX,
3052070056,11226,611,E 21ST,ST,3,5207,56,A,0,,,
3052060025,11226,618,E 21ST,ST,3,5206,25,A,0,,,
3052070040,11226,635,E 21ST,ST,3,5207,40,A,0,,,
3052060031,11226,636,E 21ST,ST,3,5206,31,A,0,,,
3052200047,11226,642 TO 650,E 21ST,ST,3,5220,47,A,0,,GARDEN COMPLEX,
3052210086,11226,657,E 21ST,ST,3,5221,86,A,0,,,
3052200050,11226,662,E 21ST,ST,3,5220,50,B,0,,,
3052210081,11226,669,E 21ST,ST,3,5221,81,A,0,421-A (1-15),421-A (1-15),
3052200057,11226,680,E 21ST,ST,3,5220,57,A,0,421-A (16),421-A (16),
3051660069,11226,327,E 22ND,ST,3,5166,69,A,0,,,
3051650030,11226,330,E 22ND,ST,3,5165,30,A,0,,,
3051850016,11226,426 TO 430,E 22ND,ST,3,5185,16,A,0,,,
3051850025,11226,434,E 22ND,ST,3,5185,25,A,0,,,
3051860057,11226,437,E 22ND,ST,3,5186,57,A,0,,,
3051850027,11226,440,E 22ND,ST,3,5185,27,A,0,,,
3051860054,11226,445,E 22ND,ST,3,5186,54,A,0,,,
3051850030,11226,448,E 22ND,ST,3,5185,30,A,0,,,
3051860051,11226,451,E 22ND,ST,3,5186,51,A,0,,,
3051850033,11226,454,E 22ND,ST,3,5185,33,A,0,,,
3051860047,11226,459,E 22ND,ST,3,5186,47,A,0,,,
3052080001,11226,505,E 22ND,ST,3,5208,1,A,0,,,
3052070020,11226,524,E 22ND,ST,3,5207,20,A,0,,GARDEN COMPLEX,
3052080052,11226,529,E 22ND,ST,3,5208,52,A,0,,,
3052070023,11226,530,E 22ND,ST,3,5207,23,A,0,,,
3052080046,11226,531,E 22ND,ST,3,5208,46,A,0,,,
3052070030,11226,540,E 22ND,ST,3,5207,30,A,0,J-51,J-51,
3052220060,11226,567,E 22ND,ST,3,5222,60,A,0,,,
3052220108,11226,573,E 22ND,ST,3,5222,108,A,0,,,
3052210048,11226,580,E 22ND,ST,3,5221,48,A,0,,,
3052210059,11226,592 TO 594,E 22ND,ST,3,5221,59,A,0,,,
3052210061,11226,596,E 22ND,ST,3,5221,61,A,0,,,
3052210063,11226,600,E 22ND,ST,3,5221,63,A,0,,,
3051660027,11226,220,E 23RD,ST,3,5166,27,A,0,,,
3051660032,11226,236,E 23RD,ST,3,5166,32,A,0,,,
3051890001,11226,301,E 23RD,ST,3,5189,1,A,0,,,
3051880055,11226,370,E 23RD,ST,3,5188,55,A,0,,,
3052090040,11226,401,E 23RD,ST,3,5209,40,A,0,,,
3052230071,11226,463,E 23RD,ST,3,5223,71,A,0,,,
3052220078,11226,480,E 23RD,ST,3,5222,78,A,0,,,
3052220082,11226,490,E 23RD,ST,3,5222,82,A,0,,,
3051690045,11226,255,E 25TH,ST,3,5169,45,A,0,,,
3051900009,11226,310,E 25TH,ST,3,5190,9,B,0,,GARDEN COMPLEX,
3052110011,11226,410,E 25TH,ST,3,5211,11,A,0,,,
3051690017,11226,230,E 26TH,ST,3,5169,17,A,0,,,
3051690022,11226,238,E 26TH,ST,3,5169,22,A,0,,,
3052130024,11226,425,E 26TH,ST,3,5213,24,A,1,,NON-EVICT COOP/CONDO,
3052120049,11226,448,E 26TH,ST,3,5212,49,A,0,,,
3051300205,11226,65,E 28TH,ST,3,5130,205,A,0,,,
3051300202,11226,71,E 28TH,ST,3,5130,202,A,0,421-A (16),421-A (16),
3051710027,11226,236,E 28TH,ST,3,5171,27,A,0,,,
3051710032,11226,242 TO 248,E 28TH,ST,3,5171,32,A,0,,,
3051710036,11226,254,E 28TH,ST,3,5171,36,A,0,421-A (16),GARDEN COMPLEX 421-A (16),
3051710042,11226,264,E 28TH,ST,3,5171,42,A,0,,,
3051930020,11226,332,E 28TH,ST,3,5193,20,A,0,421-A (16),421-A (16),
3051930021,11226,336,E 28TH,ST,3,5193,21,A,0,421-A (16),GARDEN COMPLEX 421-A (16),
3051930022,11226,338,E 28TH,ST,3,5193,22,A,0,421-A (16),GARDEN COMPLEX 421-A (16),
3052140013,11226,408 TO 410,E 28TH,ST,3,5214,13,A,0,421-A (16),GARDEN COMPLEX 421-A (16),
3052150070,11226,485,E 28TH,ST,3,5215,70,A,0,421-A (16),421-A (16),
3052140060,11226,486,E 28TH,ST,3,5214,60,A,0,421-A (16),421-A (16),
3051300216,11226,12,E 29TH,ST,3,5130,216,A,0,421-A (1-15),421-A (1-15),
3051300220,11226,20,E 29TH,ST,3,5130,220,A,0,421-A (1-15),GARDEN COMPLEX 421-A (1-15),
3051300015,11226,30,E 29TH,ST,3,5130,15,A,0,,,
3051310026,11226,41,E 29TH,ST,3,5131,26,B,0,,GARDEN COMPLEX,
3051400001,11226,101,E 29TH,ST,3,5140,1,A,0,,,
3051390030,11226,168,E 29TH,ST,3,5139,30,A,0,,,
3051720111,11226,214,E 29TH,ST,3,5172,111,B,0,421-A (1-15),421-A (1-15),
3051720023,11226,250,E 29TH,ST,3,5172,23,A,0,,,
3051730045,11226,251,E 29TH,ST,3,5173,45,A,0,,,
3051940025,11226,346 TO 362,E 29TH,ST,3,5194,25,A,0,J-51,J-51,
3052150051,11226,452,E 29TH,ST,3,5215,51,A,0,,,
3052150050,11226,454,E 29TH,ST,3,5215,50,A,0,,,
3052150153,11226,456,E 29TH,ST,3,5215,153,A,0,,,
3048840012,11226,12,E 31ST,ST,3,4884,12,A,0,,,
3048850061,11226,19,E 31ST,ST,3,4885,61,A,0,421-A (16),GARDEN COMPLEX 421-A (16),
3048850054,11226,31,E 31ST,ST,3,4885,54,A,0,,,
3048850051,11226,41,E 31ST,ST,3,4885,51,A,0,,,
3049020072,11226,85,E 31ST,ST,3,4902,72,A,0,,,
3049020047,11226,149,E 31ST,ST,3,4902,47,A,0,,,
3049300031,11226,284,E 31ST,ST,3,4930,31,A,0,,,
3049470016,11226,322,E 31ST,ST,3,4947,16,A,0,,,
3049470021,11226,340,E 31ST,ST,3,4947,21,A,0,,,
3049470031,11226,360 TO 368,E 31ST,ST,3,4947,31,A,0,,,
3049470035,11226,370 TO 378,E 31ST,ST,3,4947,35,A,0,,,
3049640016,11226,422,E 31ST,ST,3,4964,16,A,0,421-A (16),421-A (16),
3049640019,11226,428,E 31ST,ST,3,4964,19,A,0,,,
3048850015,11226,20,E 32ND,ST,3,4885,15,A,0,,,
3049030001,11226,79,E 32ND,ST,3,4903,1,A,0,,,
3049310031,11226,282,E 32ND,ST,3,4931,31,A,0,421-A (16),GARDEN COMPLEX 421-A (16),
3049480014,11226,318,E 32ND,ST,3,4948,14,A,0,421-A (16),421-A (16),
3049480015,11226,322,E 32ND,ST,3,4948,15,A,0,421-A (16),421-A (16),
3049480022,11226,336,E 32ND,ST,3,4948,22,A,0,421-A (16),421-A (16),
3049480023,11226,338,E 32ND,ST,3,4948,23,A,0,,ROOMING HOUSE,
3049480040,11226,382,E 32ND,ST,3,4948,40,A,0,,,
3051050076,11226,111 TO 115,ERASMUS,ST,3,5105,76,A,0,421-A (1-15),421-A (1-15),
3051080118,11226,118,ERASMUS,ST,3,5108,118,A,0,,,
3051080120,11226,122,ERASMUS,ST,3,5108,120,A,0,421-A (1-15),421-A (1-15),
3051080020,11226,124,ERASMUS,ST,3,5108,20,A,0,421-A (16),421-A (16),
3051080024,11226,136,ERASMUS,ST,3,5108,24,A,0,,,
3051080026,11226,142,ERASMUS,ST,3,5108,26,A,0,421-A (16),GARDEN COMPLEX 421-A (16),
3051080027,11226,146,ERASMUS,ST,3,5108,27,A,0,421-A (16),GARDEN COMPLEX 421-A (16),
3051080028,11226,150,ERASMUS,ST,3,5108,28,A,0,421-A (16),421-A (16),
3051050053,11226,153 TO 157,ERASMUS,ST,3,5105,53,A,0,421-A (16),421-A (16),
3051080031,11226,156,ERASMUS,ST,3,5108,31,A,0,421-A (16),GARDEN COMPLEX 421-A (16),
3051080032,11226,160,ERASMUS,ST,3,5108,32,A,0,421-A (16),GARDEN COMPLEX 421-A (16),
3051080039,11226,180 TO 182,ERASMUS,ST,3,5108,39,A,0,,,
3051050043,11226,185,ERASMUS,ST,3,5105,43,A,0,,,
3048697501,11226,8 TO 12,FAIRVIEW,PL,3,4869,7501,A,0,421-A (1-15),421-A (1-15),
3050550006,11226,727,FLATBUSH,AVE,3,5055,6,A,0,,,
3050540035,11226,730,FLATBUSH,AVE,3,5054,35,A,0,,,
3050637501,11226,794 TO 814,FLATBUSH,AVE,3,5063,7501,A,0,,,2119 CATON AVE
3050830003,11226,815 TO 823,FLATBUSH,AVE,3,5083,3,A,0,421-A (16),421-A (16),21362150 CATON AVE
3050830001,11226,825 TO 829,FLATBUSH,AVE,3,5083,1,A,0,,,
3050820018,11226,830,FLATBUSH,AVE,3,5082,18,A,0,421-A (16),GARDEN COMPLEX 421-A (16),
3050820022,11226,836,FLATBUSH,AVE,3,5082,22,A,0,,,
3050820023,11226,838,FLATBUSH,AVE,3,5082,23,A,0,,,
3050820026,11226,844,FLATBUSH,AVE,3,5082,26,A,0,,,
3050820032,11226,850,FLATBUSH,AVE,3,5082,32,A,0,421-A (16),421-A (16),
3051640016,11226,1102,FLATBUSH,AVE,3,5164,16,A,0,,,
3051650059,11226,1127 TO 1129,FLATBUSH,AVE,3,5165,59,A,0,,,
3051880022,11226,1169,FLATBUSH,AVE,3,5188,22,B,0,,,
3052100017,11226,1247 TO 1257,FLATBUSH,AVE,3,5210,17,A,0,,,
3052100013,11226,1259,FLATBUSH,AVE,3,5210,13,A,0,,,
3050640110,11226,15,LENOX,RD,3,5064,110,A,0,,,
3050830020,11226,16,LENOX,RD,3,5083,20,A,0,,,
3050640108,11226,17,LENOX,RD,3,5064,108,A,0,,,
3050830026,11226,32,LENOX,RD,3,5083,26,A,0,,,
3050640102,11226,33,LENOX,RD,3,5064,102,A,0,,GARDEN COMPLEX,
3050640100,11226,39,LENOX,RD,3,5064,100,A,0,,,
3050830032,11226,50,LENOX,RD,3,5083,32,A,0,,,
3050640092,11226,55,LENOX,RD,3,5064,92,A,0,,,
3050640087,11226,65,LENOX,RD,3,5064,87,A,0,,,
3050830037,11226,70,LENOX,RD,3,5083,37,A,1,,NON-EVICT COOP/CONDO,
3050640082,11226,75,LENOX,RD,3,5064,82,A,0,,,
3050830044,11226,80,LENOX,RD,3,5083,44,A,0,,,
3050640074,11226,91,LENOX,RD,3,5064,74,A,0,,GARDEN COMPLEX,
3050640071,11226,95,LENOX,RD,3,5064,71,A,0,,GARDEN COMPLEX,
3050830050,11226,96 TO 100,LENOX,RD,3,5083,50,A,0,421-A (16),421-A (16),2084 BEDFORD AVE
3050650001,11226,101,LENOX,RD,3,5065,1,A,0,,,
3050840015,11226,110,LENOX,RD,3,5084,15,B,0,,,
3050650105,11226,115,LENOX,RD,3,5065,105,A,0,,,
3050840024,11226,116,LENOX,RD,3,5084,24,A,0,,,
3050650100,11226,125,LENOX,RD,3,5065,100,A,0,,,
3050840029,11226,130,LENOX,RD,3,5084,29,B,0,,GARDEN COMPLEX,
3050650095,11226,141,LENOX,RD,3,5065,95,A,0,,,
3050840034,11226,142,LENOX,RD,3,5084,34,A,0,421-A (16),421-A (16),
3050840036,11226,150,LENOX,RD,3,5084,36,A,0,,,
3050650085,11226,167,LENOX,RD,3,5065,85,A,0,,,
3050650083,11226,173,LENOX,RD,3,5065,83,A,0,,,
3050650080,11226,177,LENOX,RD,3,5065,80,A,0,,GARDEN COMPLEX,
3050840042,11226,180,LENOX,RD,3,5084,42,B,0,,GARDEN COMPLEX,
3050650075,11226,181,LENOX,RD,3,5065,75,A,0,,,
3050840049,11226,186,LENOX,RD,3,5084,49,A,0,421-A (1-15),GARDEN COMPLEX 421-A (1-15),
3050650074,11226,193,LENOX,RD,3,5065,74,A,0,421-A (16),421-A (16),
3050650072,11226,195,LENOX,RD,3,5065,72,A,0,,,
3050660093,11226,215,LENOX,RD,3,5066,93,A,0,,,
3050660091,11226,219,LENOX,RD,3,5066,91,A,0,421-A (16),421-A (16),
3050850027,11226,222,LENOX,RD,3,5085,27,A,0,,,
3050660086,11226,223,LENOX,RD,3,5066,86,A,0,,,
3050660079,11226,245,LENOX,RD,3,5066,79,A,0,,,
3050850040,11226,250,LENOX,RD,3,5085,40,A,0,421-A (1-15),421-A (1-15),
3050850041,11226,260,LENOX,RD,3,5085,41,A,0,,,
3050660071,11226,261,LENOX,RD,3,5066,71,A,0,,,
3050850045,11226,270,LENOX,RD,3,5085,45,A,0,,,
3050660068,11226,271,LENOX,RD,3,5066,68,A,0,421-A (1-15),421-A (1-15),
3050660064,11226,285,LENOX,RD,3,5066,64,A,0,,,
3048370089,11226,297 TO 307,LENOX,RD,3,4837,89,A,0,,,
3048530022,11226,300,LENOX,RD,3,4853,22,A,0,,,
3048530028,11226,310,LENOX,RD,3,4853,28,A,1,,NON-EVICT COOP/CONDO,
3048370084,11226,319,LENOX,RD,3,4837,84,A,0,421-A (16),GARDEN COMPLEX 421-A (16),
3048530035,11226,330,LENOX,RD,3,4853,35,A,1,,NON-EVICT COOP/CONDO,
3048370080,11226,333,LENOX,RD,3,4837,80,A,0,,,
3048530043,11226,350 TO 352,LENOX,RD,3,4853,43,A,0,,,
3050830106,11226,5,LINDEN,BLVD,3,5083,106,A,0,,,
3050830104,11226,11 TO 15,LINDEN,BLVD,3,5083,104,A,0,,,
3050860022,11226,30,LINDEN,BLVD,3,5086,22,A,0,,,
3050830090,11226,35 TO 37,LINDEN,BLVD,3,5083,90,A,0,,,
3050860027,11226,40,LINDEN,BLVD,3,5086,27,A,0,,,
3050830086,11226,45,LINDEN,BLVD,3,5083,86,A,0,,,
3050860030,11226,46,LINDEN,BLVD,3,5086,30,A,0,J-51,J-51,
3050860032,11226,50,LINDEN,BLVD,3,5086,32,A,0,J-51,J-51,
3050860034,11226,54,LINDEN,BLVD,3,5086,34,A,0,J-51,J-51,
3050830071,11226,55,LINDEN,BLVD,3,5083,71,A,0,,,
3050860037,11226,58,LINDEN,BLVD,3,5086,37,A,0,,,
3050860041,11226,70,LINDEN,BLVD,3,5086,41,A,0,,,
3050840001,11226,77,LINDEN,BLVD,3,5084,1,A,0,,,
3050870008,11226,80,LINDEN,BLVD,3,5087,8,A,0,421-A (16),GARDEN COMPLEX 421-A (16),
3050870014,11226,88,LINDEN,BLVD,3,5087,14,A,0,421-A (16),GARDEN COMPLEX 421-A (16),
3050840097,11226,93 TO 101,LINDEN,BLVD,3,5084,97,A,0,,,
3050870017,11226,94 TO 100,LINDEN,BLVD,3,5087,17,A,0,,,
3050870021,11226,104,LINDEN,BLVD,3,5087,21,A,0,421-A (16),GARDEN COMPLEX 421-A (16),
3050840084,11226,123,LINDEN,BLVD,3,5084,84,A,0,421-A (16),421-A (16),
3050870032,11226,128 TO 134,LINDEN,BLVD,3,5087,32,A,0,,,
3050840080,11226,143,LINDEN,BLVD,3,5084,80,A,0,,,
3050870041,11226,146,LINDEN,BLVD,3,5087,41,A,0,421-A (16),421-A (16),
3050870042,11226,148,LINDEN,BLVD,3,5087,42,A,0,,,
3050870045,11226,158,LINDEN,BLVD,3,5087,45,A,0,,,
3050870049,11226,162,LINDEN,BLVD,3,5087,49,A,0,,,
3050850001,11226,163,LINDEN,BLVD,3,5085,1,A,0,,,755 ROGERS AVE
3050880006,11226,164,LINDEN,BLVD,3,5088,6,B,0,,GARDEN COMPLEX,
3050850096,11226,167,LINDEN,BLVD,3,5085,96,A,0,,GARDEN COMPLEX,
3050850094,11226,171,LINDEN,BLVD,3,5085,94,A,0,421-A (16),GARDEN COMPLEX 421-A (16),
3050850090,11226,179,LINDEN,BLVD,3,5085,90,A,0,,,
3050880012,11226,180,LINDEN,BLVD,3,5088,12,B,0,,GARDEN COMPLEX,
3050880016,11226,188,LINDEN,BLVD,3,5088,16,B,0,,GARDEN COMPLEX,
3050850083,11226,201,LINDEN,BLVD,3,5085,83,A,0,,,
3050880021,11226,204,LINDEN,BLVD,3,5088,21,A,0,421-A (1-15),GARDEN COMPLEX 421-A (1-15),
3050880025,11226,212,LINDEN,BLVD,3,5088,25,A,0,421-A (16),GARDEN COMPLEX 421-A (16),
3050880027,11226,218,LINDEN,BLVD,3,5088,27,A,0,,,
3050850075,11226,221,LINDEN,BLVD,3,5085,75,A,0,,,
3050880030,11226,226,LINDEN,BLVD,3,5088,30,A,0,,,
3050880033,11226,234,LINDEN,BLVD,3,5088,33,A,0,,,
3050880035,11226,238 TO 240,LINDEN,BLVD,3,5088,35,A,0,,,
3050850070,11226,241,LINDEN,BLVD,3,5085,70,B,0,,,
3048530102,11226,255,LINDEN,BLVD,3,4853,102,A,0,,,
3048530101,11226,259,LINDEN,BLVD,3,4853,101,A,0,,,
3048530099,11226,265,LINDEN,BLVD,3,4853,99,A,0,,GARDEN COMPLEX,
3048530093,11226,275,LINDEN,BLVD,3,4853,93,A,0,,,
3048530090,11226,287,LINDEN,BLVD,3,4853,90,A,0,,,
3048680031,11226,290,LINDEN,BLVD,3,4868,31,A,0,421-A (16),GARDEN COMPLEX 421-A (16),
3048680034,11226,298 TO 302,LINDEN,BLVD,3,4868,34,A,0,,,
3048530086,11226,305 TO 315,LINDEN,BLVD,3,4853,86,A,0,,GARDEN COMPLEX,
3048680039,11226,308,LINDEN,BLVD,3,4868,39,A,0,421-A (16),GARDEN COMPLEX 421-A (16),
3048680046,11226,322,LINDEN,BLVD,3,4868,46,A,0,,,
3048530075,11226,333,LINDEN,BLVD,3,4853,75,A,0,421-A (16),GARDEN COMPLEX 421-A (16),
3051050060,11226,27,LLOYD,ST,3,5105,60,A,0,,,
3051270015,11226,72,LOTT,ST,3,5127,15,A,0,,,
3051270016,11226,74,LOTT,ST,3,5127,16,A,0,,,
3051360062,11226,169,LOTT,ST,3,5136,62,A,0,421-A (16),421-A (16),
3051360059,11226,175,LOTT,ST,3,5136,59,A,0,,,
3051360058,11226,179,LOTT,ST,3,5136,58,A,0,421-A (16),421-A (16),
3051460078,11226,343,MARLBOROUGH,RD,3,5146,78,A,0,,,
3051460076,11226,349,MARLBOROUGH,RD,3,5146,76,A,0,,,
3051460074,11226,355,MARLBOROUGH,RD,3,5146,74,A,0,,,
3051570017,11226,400,MARLBOROUGH,RD,3,5157,17,A,0,,,
3051570021,11226,410,MARLBOROUGH,RD,3,5157,21,A,0,,,
3052350018,11226,612,MARLBOROUGH,RD,3,5235,18,A,0,,,
3052350019,11226,614,MARLBOROUGH,RD,3,5235,19,B,0,,,
3052350020,11226,618,MARLBOROUGH,RD,3,5235,20,A,0,,,
3052350021,11226,620,MARLBOROUGH,RD,3,5235,21,A,0,,,
3052350023,11226,624,MARLBOROUGH,RD,3,5235,23,A,0,,,
3052360040,11226,625,MARLBOROUGH,RD,3,5236,40,A,0,,,
3052350025,11226,630,MARLBOROUGH,RD,3,5235,25,A,0,,,
3050890011,11226,2 TO 10,MARTENSE,ST,3,5089,11,A,0,,,863 FLATBUSH AVE
3050890015,11226,30,MARTENSE,ST,3,5089,15,A,0,,,
3050860066,11226,45,MARTENSE,ST,3,5086,66,A,1,,NON-EVICT COOP/CONDO,
3050867501,11226,61,MARTENSE,ST,3,5086,7501,A,0,,,
3050860053,11226,75,MARTENSE,ST,3,5086,53,A,0,,,
3050900013,11226,96,MARTENSE,ST,3,5090,13,A,0,,GARDEN COMPLEX,
3050900017,11226,110,MARTENSE,ST,3,5090,17,B,0,,GARDEN COMPLEX,
3050900023,11226,130,MARTENSE,ST,3,5090,23,A,0,,,
3050900031,11226,150,MARTENSE,ST,3,5090,31,A,0,421-A (16),421-A (16),
3050870063,11226,179,MARTENSE,ST,3,5087,63,A,0,421-A (16),421-A (16),
3050870060,11226,181,MARTENSE,ST,3,5087,60,A,0,,,
3050880001,11226,193,MARTENSE,ST,3,5088,1,B,0,,GARDEN COMPLEX,
3050880075,11226,215,MARTENSE,ST,3,5088,75,A,0,,,
3050880063,11226,245,MARTENSE,ST,3,5088,63,A,0,,,
3050880057,11226,255,MARTENSE,ST,3,5088,57,A,0,,,
3050910037,11226,256,MARTENSE,ST,3,5091,37,A,0,,,
3050880055,11226,259,MARTENSE,ST,3,5088,55,A,0,,,
3050880046,11226,275,MARTENSE,ST,3,5088,46,A,0,,,
3048680086,11226,293,MARTENSE,ST,3,4868,86,A,0,,,
3048680083,11226,305,MARTENSE,ST,3,4868,83,A,0,,,
3048680079,11226,307,MARTENSE,ST,3,4868,79,A,0,,,
3048680075,11226,323,MARTENSE,ST,3,4868,75,A,0,,,
3052170004,11226,1710,NEWKIRK,AVE,3,5217,4,A,0,421-A (1-15),421-A (1-15),
3052180001,11226,1802 TO 1826,NEWKIRK,AVE,3,5218,1,A,1,,NON-EVICT COOP/CONDO,
3052190001,11226,1900,NEWKIRK,AVE,3,5219,1,A,0,,,
3052200042,11226,2010,NEWKIRK,AVE,3,5220,42,A,0,,,
3052060037,11226,2011,NEWKIRK,AVE,3,5206,37,B,0,,,
3052210041,11226,2102,NEWKIRK,AVE,3,5221,41,B,0,,,
3052210043,11226,2108 TO 2110,NEWKIRK,AVE,3,5221,43,A,0,,,
3052080025,11226,2215,NEWKIRK,AVE,3,5208,25,B,0,,GARDEN COMPLEX,
3052090029,11226,2301 TO 2303,NEWKIRK,AVE,3,5209,29,B,0,,,
3052090024,11226,2317,NEWKIRK,AVE,3,5209,24,A,0,,,
3052090022,11226,2321 TO 2323,NEWKIRK,AVE,3,5209,22,B,0,,,
3052230097,11226,2328,NEWKIRK,AVE,3,5223,97,A,0,,GARDEN COMPLEX,
3052110026,11226,2401,NEWKIRK,AVE,3,5211,26,A,0,,,
3052110039,11226,2406,NEWKIRK,AVE,3,5211,39,A,0,,,
3052110017,11226,2415,NEWKIRK,AVE,3,5211,17,A,0,,,
3052120024,11226,2501 TO 2511,NEWKIRK,AVE,3,5212,24,A,0,,,
3052120041,11226,2510,NEWKIRK,AVE,3,5212,41,A,0,421-A (16),421-A (16),
3052120042,11226,2512,NEWKIRK,AVE,3,5212,42,A,0,421-A (16),421-A (16),
3052120019,11226,2513 TO 2523,NEWKIRK,AVE,3,5212,19,A,0,,,
3052120043,11226,2516,NEWKIRK,AVE,3,5212,43,A,0,,,
3052120046,11226,2522,NEWKIRK,AVE,3,5212,46,A,0,,,
3052130038,11226,2604,NEWKIRK,AVE,3,5213,38,A,0,,,
3052130040,11226,2610,NEWKIRK,AVE,3,5213,40,A,0,,,
3052130021,11226,2615,NEWKIRK,AVE,3,5213,21,A,0,,,
3052130020,11226,2617,NEWKIRK,AVE,3,5213,20,A,0,,,
3052130019,11226,2621,NEWKIRK,AVE,3,5213,19,A,0,J-51,GARDEN COMPLEX J-51,
3052140024,11226,2701,NEWKIRK,AVE,3,5214,24,A,1,,NON-EVICT COOP/CONDO,
3052150042,11226,2814,NEWKIRK,AVE,3,5215,42,A,0,,,
3049640020,11226,3013,NEWKIRK,AVE,3,4964,20,A,0,,,
3049640021,11226,3017,NEWKIRK,AVE,3,4964,21,A,0,,,
3049640022,11226,3019,NEWKIRK,AVE,3,4964,22,A,0,,,
3048280009,11226,1275,NOSTRAND,AVE,3,4828,9,A,0,,GARDEN COMPLEX,
3048280008,11226,1277,NOSTRAND,AVE,3,4828,8,A,0,,,
3048280006,11226,1281,NOSTRAND,AVE,3,4828,6,A,0,,,
3050570057,11226,1284 TO 1294,NOSTRAND,AVE,3,5057,57,A,0,,,293 CLARKSON AVE
3048280001,11226,1289 TO 1291,NOSTRAND,AVE,3,4828,1,A,0,,,
3050660054,11226,1306 TO 1314,NOSTRAND,AVE,3,5066,54,A,0,,,
3050660058,11226,1318,NOSTRAND,AVE,3,5066,58,A,0,,,
3050660060,11226,1322,NOSTRAND,AVE,3,5066,60,A,0,,,
3048370001,11226,1337,NOSTRAND,AVE,3,4837,1,A,0,421-A (1-15),421-A (1-15),
3048530013,11226,1359,NOSTRAND,AVE,3,4853,13,A,0,421-A (16),GARDEN COMPLEX 421-A (16),
3048530012,11226,1361,NOSTRAND,AVE,3,4853,12,A,0,,GARDEN COMPLEX,
3048530011,11226,1365,NOSTRAND,AVE,3,4853,11,A,0,421-A (16),GARDEN COMPLEX 421-A (16),
3048530009,11226,1371,NOSTRAND,AVE,3,4853,9,A,0,,GARDEN COMPLEX,
3050850068,11226,1378 TO 1382,NOSTRAND,AVE,3,5085,68,B,0,,,
3050880045,11226,1420,NOSTRAND,AVE,3,5088,45,A,0,J-51,J-51,
3048840062,11226,1471,NOSTRAND,AVE,3,4884,62,A,0,,,
3048840061,11226,1475,NOSTRAND,AVE,3,4884,61,A,0,,GARDEN COMPLEX,
3048840054,11226,1487,NOSTRAND,AVE,3,4884,54,A,0,,,
3048840052,11226,1495 TO 1497,NOSTRAND,AVE,3,4884,52,A,0,,,
3048840050,11226,1499A,NOSTRAND,AVE,3,4884,50,A,0,421-A (16),421-A (16),
3048840051,11226,1499,NOSTRAND,AVE,3,4884,51,A,0,421-A (16),421-A (16),
3048840048,11226,1503,NOSTRAND,AVE,3,4884,48,A,0,421-A (16),421-A (16),
3049010063,11226,1543 TO 1553,NOSTRAND,AVE,3,4901,63,B,0,,GARDEN COMPLEX,
3051110041,11226,1544,NOSTRAND,AVE,3,5111,41,A,0,421-A (16),GARDEN COMPLEX 421-A (16),
3049010057,11226,1555 TO 1565,NOSTRAND,AVE,3,4901,57,B,0,,GARDEN COMPLEX,
3049010052,11226,1567 TO 1575,NOSTRAND,AVE,3,4901,52,B,0,,GARDEN COMPLEX,
3049150057,11226,1627,NOSTRAND,AVE,3,4915,57,B,0,,,
3049150056,11226,1631,NOSTRAND,AVE,3,4915,56,A,0,,,
3049150055,11226,1633,NOSTRAND,AVE,3,4915,55,A,0,,,
3049150054,11226,1637,NOSTRAND,AVE,3,4915,54,A,0,,,
3049150053,11226,1639,NOSTRAND,AVE,3,4915,53,A,0,,GARDEN COMPLEX,
3049150051,11226,1645,NOSTRAND,AVE,3,4915,51,A,0,,,
3049150050,11226,1647,NOSTRAND,AVE,3,4915,50,A,0,,,
3051730026,11226,1720 TO 1732,NOSTRAND,AVE,3,5173,26,A,0,,,
3051950029,11226,1798,NOSTRAND,AVE,3,5195,29,A,0,,,
3049470057,11226,1825,NOSTRAND,AVE,3,4947,57,A,0,,,
3049470056,11226,1827,NOSTRAND,AVE,3,4947,56,A,0,,,
3052160056,11226,1904,NOSTRAND,AVE,3,5216,56,A,0,,,
3051270005,11226,2 TO 12,OAKLAND,PL,3,5127,5,A,0,,GARDEN COMPLEX,
3050530033,11226,350,OCEAN,AVE,3,5053,33,A,0,,,
3050530038,11226,354,OCEAN,AVE,3,5053,38,A,0,,,
3050620033,11226,361,OCEAN,AVE,3,5062,33,A,0,,,
3050620031,11226,365,OCEAN,AVE,3,5062,31,A,0,,,
3050620029,11226,369,OCEAN,AVE,3,5062,29,A,0,,,
3050620026,11226,373,OCEAN,AVE,3,5062,26,A,0,,,
3050590042,11226,390 TO 400,OCEAN,AVE,3,5059,42,A,0,,,
3050620014,11226,395,OCEAN,AVE,3,5062,14,A,0,,,
3050610030,11226,398 TO 404,OCEAN,AVE,3,5061,30,A,0,,,
3050620011,11226,407,OCEAN,AVE,3,5062,11,A,0,,,
3050610036,11226,410,OCEAN,AVE,3,5061,36,A,0,,,
3050620009,11226,411,OCEAN,AVE,3,5062,9,A,0,,,
3050610040,11226,416 TO 434,OCEAN,AVE,3,5061,40,A,0,,,
3050620001,11226,417 TO 433,OCEAN,AVE,3,5062,1,A,0,,,
3050810001,11226,441,OCEAN,AVE,3,5081,1,A,0,,GARDEN COMPLEX,
3050800013,11226,446,OCEAN,AVE,3,5080,13,A,0,,,
3050810070,11226,455,OCEAN,AVE,3,5081,70,A,0,,,
3050810064,11226,465,OCEAN,AVE,3,5081,64,A,0,,,
3050800024,11226,470,OCEAN,AVE,3,5080,24,A,0,,,
3050810058,11226,475,OCEAN,AVE,3,5081,58,A,0,,,
3050810028,11226,485 TO 497,OCEAN,AVE,3,5081,28,A,0,,,
3050810052,11226,499,OCEAN,AVE,3,5081,52,A,0,,,
3050800060,11226,500,OCEAN,AVE,3,5080,60,A,1,,COOP/CONDO PLAN FILE,
3050810048,11226,505,OCEAN,AVE,3,5081,48,A,0,,,
3050800068,11226,510,OCEAN,AVE,3,5080,68,A,0,,,
3050990106,11226,522,OCEAN,AVE,3,5099,106,A,0,,,
3051010093,11226,533,OCEAN,AVE,3,5101,93,A,0,,,
3050990116,11226,536 TO 540,OCEAN,AVE,3,5099,116,A,0,,,
3051010090,11226,539 TO 543,OCEAN,AVE,3,5101,90,A,0,,,
3050990123,11226,550,OCEAN,AVE,3,5099,123,A,0,,,
3051010017,11226,555,OCEAN,AVE,3,5101,17,A,0,,,
3050990128,11226,564 TO 570,OCEAN,AVE,3,5099,128,A,0,,,
3051000056,11226,584 TO 598,OCEAN,AVE,3,5100,56,A,0,,,
3051010033,11226,587 TO 595,OCEAN,AVE,3,5101,33,A,0,,,
3051000064,11226,600,OCEAN,AVE,3,5100,64,A,0,,,
3051010067,11226,601,OCEAN,AVE,3,5101,67,A,0,,,
3051010063,11226,611,OCEAN,AVE,3,5101,63,A,0,,,
3051000068,11226,612,OCEAN,AVE,3,5100,68,A,0,,,
3051010061,11226,615,OCEAN,AVE,3,5101,61,A,0,,,
3051010054,11226,625,OCEAN,AVE,3,5101,54,A,0,,,
3051000074,11226,626 TO 630,OCEAN,AVE,3,5100,74,A,0,,,
3051240001,11226,645,OCEAN,AVE,3,5124,1,A,0,,,
3051230005,11226,650,OCEAN,AVE,3,5123,5,A,0,,,
3051240035,11226,659,OCEAN,AVE,3,5124,35,B,0,,,
3051230016,11226,666,OCEAN,AVE,3,5123,16,A,0,,,
3051240033,11226,667,OCEAN,AVE,3,5124,33,A,0,,,
3051230019,11226,670 TO 672,OCEAN,AVE,3,5123,19,A,0,,,
3051240026,11226,681,OCEAN,AVE,3,5124,26,A,0,,,
3051230022,11226,682,OCEAN,AVE,3,5123,22,A,0,,,
3051240040,11226,699,OCEAN,AVE,3,5124,40,A,0,,,
3051230025,11226,700,OCEAN,AVE,3,5123,25,A,0,,,
3051230031,11226,708,OCEAN,AVE,3,5123,31,A,0,,,
3051230038,11226,726,OCEAN,AVE,3,5123,38,A,0,,,
3051510001,11226,733 TO 735,OCEAN,AVE,3,5151,1,A,0,,,
3051500006,11226,734,OCEAN,AVE,3,5150,6,A,0,,,
3051500013,11226,750,OCEAN,AVE,3,5150,13,A,0,,,
3051510033,11226,755,OCEAN,AVE,3,5151,33,A,0,,,
3051500018,11226,764 TO 768,OCEAN,AVE,3,5150,18,A,0,,,
3051500021,11226,770,OCEAN,AVE,3,5150,21,A,0,,,
3051510028,11226,781,OCEAN,AVE,3,5151,28,B,0,,GARDEN COMPLEX,
3051630063,11226,801 TO 805,OCEAN,AVE,3,5163,63,A,0,,,
3051620016,11226,806,OCEAN,AVE,3,5162,16,A,0,,,
3051630060,11226,809,OCEAN,AVE,3,5163,60,A,0,,,
3051620018,11226,810,OCEAN,AVE,3,5162,18,A,0,,,
3051630057,11226,811,OCEAN,AVE,3,5163,57,A,0,,,
3051620020,11226,816,OCEAN,AVE,3,5162,20,A,0,,,
3051620022,11226,822,OCEAN,AVE,3,5162,22,A,0,,,
3051630048,11226,823 TO 847,OCEAN,AVE,3,5163,48,A,0,,,
3051620026,11226,832,OCEAN,AVE,3,5162,26,A,0,,,
3051620034,11226,852 TO 858,OCEAN,AVE,3,5162,34,A,0,,,
3051630041,11226,855,OCEAN,AVE,3,5163,41,A,0,,,
3052060060,11226,967,OCEAN,AVE,3,5206,60,A,0,,,
3052060057,11226,975,OCEAN,AVE,3,5206,57,A,0,,,
3052060054,11226,985,OCEAN,AVE,3,5206,54,A,0,,,
3052060050,11226,991,OCEAN,AVE,3,5206,50,A,0,,,
3052060041,11226,1001,OCEAN,AVE,3,5206,41,A,0,,,
3052190008,11226,1012,OCEAN,AVE,3,5219,8,A,0,,,
3052200040,11226,1021,OCEAN,AVE,3,5220,40,A,0,,,
3052190016,11226,1030,OCEAN,AVE,3,5219,16,A,0,,,
3052200077,11226,1033,OCEAN,AVE,3,5220,77,A,0,,GARDEN COMPLEX,
3052190022,11226,1038 TO 1050,OCEAN,AVE,3,5219,22,A,0,,,
3052200075,11226,1039,OCEAN,AVE,3,5220,75,A,0,,,
3052200072,11226,1045,OCEAN,AVE,3,5220,72,A,0,,,
3052200069,11226,1051,OCEAN,AVE,3,5220,69,A,0,,,
3052190029,11226,1060,OCEAN,AVE,3,5219,29,A,0,,,
3050520002,11226,1,PARADE,PL,3,5052,2,A,0,,,
3050520001,11226,19,PARADE,PL,3,5052,1,A,0,,,
3050580007,11226,25,PARADE,PL,3,5058,7,A,1,,NON-EVICT COOP/CONDO,
3050580001,11226,45,PARADE,PL,3,5058,1,A,0,,,
3050600008,11226,55,PARADE,PL,3,5060,8,A,1,,NON-EVICT COOP/CONDO,
3050520007,11226,115,PARKSIDE,AVE,3,5052,7,A,0,,,
3050520011,11226,121,PARKSIDE,AVE,3,5052,11,A,0,,,
3050520027,11226,125,PARKSIDE,AVE,3,5052,27,A,0,"421-A (1-15),421-G",421-A (1-15) 421-G,
3050530018,11226,160,PARKSIDE,AVE,3,5053,18,A,0,,,
3050530028,11226,170,PARKSIDE,AVE,3,5053,28,A,0,,,
3050540011,11226,188,PARKSIDE,AVE,3,5054,11,A,0,,,
3050540019,11226,210,PARKSIDE,AVE,3,5054,19,A,0,,,
3050260264,11226,225,PARKSIDE,AVE,3,5026,264,A,0,,,
3050480094,11226,253,PARKSIDE,AVE,3,5048,94,A,0,,,
3050480091,11226,259,PARKSIDE,AVE,3,5048,91,A,0,,,
3050550014,11226,260,PARKSIDE,AVE,3,5055,14,A,0,,,
3050550019,11226,270,PARKSIDE,AVE,3,5055,19,A,0,,,
3050480083,11226,271,PARKSIDE,AVE,3,5048,83,A,0,,,
3050550024,11226,280,PARKSIDE,AVE,3,5055,24,A,0,,,
3050480076,11226,295,PARKSIDE,AVE,3,5048,76,A,0,,,
3050550153,11226,340 TO 342,PARKSIDE,AVE,3,5055,153,A,0,421-A (1-15),421-A (1-15),
3050550155,11226,346,PARKSIDE,AVE,3,5055,155,A,0,,GARDEN COMPLEX,
3050550138,11226,354 TO 356,PARKSIDE,AVE,3,5055,138,A,0,,,
3050550046,11226,390,PARKSIDE,AVE,3,5055,46,A,0,,,
3050560012,11226,520,PARKSIDE,AVE,3,5056,12,A,0,421-A (1-15),421-A (1-15),
3050560014,11226,530,PARKSIDE,AVE,3,5056,14,A,0,,,
3050490083,11226,535,PARKSIDE,AVE,3,5049,83,A,0,,,
3050560022,11226,542,PARKSIDE,AVE,3,5056,22,A,0,,,
3050560028,11226,552,PARKSIDE,AVE,3,5056,28,A,0,,,
3050560029,11226,558,PARKSIDE,AVE,3,5056,29,A,0,,,
3050560033,11226,566,PARKSIDE,AVE,3,5056,33,A,0,,,
3050560040,11226,590,PARKSIDE,AVE,3,5056,40,A,1,,COOP/CONDO PLAN FILE,
3050570014,11226,620,PARKSIDE,AVE,3,5057,14,A,0,,GARDEN COMPLEX,
3051240018,11226,2013 TO 2025,REGENT,PL,3,5124,18,A,0,,,
3051240045,11226,2016,REGENT,PL,3,5124,45,A,0,,,
3051250045,11226,2102,REGENT,PL,3,5125,45,A,0,,,
3051250046,11226,2106,REGENT,PL,3,5125,46,A,0,,,
3051250047,11226,2108,REGENT,PL,3,5125,47,A,0,,,
3051250048,11226,2112,REGENT,PL,3,5125,48,A,0,,,
3051250049,11226,2116,REGENT,PL,3,5125,49,A,0,,,
3050650060,11226,678,ROGERS,AVE,3,5065,60,A,0,,GARDEN COMPLEX,
3050650061,11226,682,ROGERS,AVE,3,5065,61,A,0,,,
3050650062,11226,684,ROGERS,AVE,3,5065,62,A,0,,,
3050650065,11226,690,ROGERS,AVE,3,5065,65,A,0,,,
3050660001,11226,703,ROGERS,AVE,3,5066,1,A,0,J-51,GARDEN COMPLEX J-51,
3050840061,11226,730 TO 760,ROGERS,AVE,3,5084,61,A,0,,,147161 LINDEN BLVD
3050850014,11226,733,ROGERS,AVE,3,5085,14,A,0,421-A (1-15),421-A (1-15),
3051080011,11226,857 TO 867,ROGERS,AVE,3,5108,11,A,0,421-A (16),421-A (16),104106 ERASMUS ST
3051117501,11226,885 TO 901,ROGERS,AVE,3,5111,7501,A,0,421-A (16),421-A (16),
3051100049,11226,910 TO 914,ROGERS,AVE,3,5110,49,A,0,421-A (1-15),421-A (1-15),
3051290041,11226,933,ROGERS,AVE,3,5129,41,A,0,421-A (16),421-A (16),
3051290040,11226,937,ROGERS,AVE,3,5129,40,A,0,421-A (16),GARDEN COMPLEX 421-A (16),
3051370011,11226,986,ROGERS,AVE,3,5137,11,A,0,421-A (16),GARDEN COMPLEX 421-A (16),
3051370019,11226,1010,ROGERS,AVE,3,5137,19,A,0,421-A (16),GARDEN COMPLEX 421-A (16),
3051710083,11226,1041,ROGERS,AVE,3,5171,83,A,0,,,
3051710081,11226,1049,ROGERS,AVE,3,5171,81,A,0,J-51,GARDEN COMPLEX J-51,
3051700021,11226,1060,ROGERS,AVE,3,5170,21,A,0,,,
3051700022,11226,1062,ROGERS,AVE,3,5170,22,A,0,,GARDEN COMPLEX,
3051700023,11226,1064,ROGERS,AVE,3,5170,23,A,0,,,
3051700027,11226,1076,ROGERS,AVE,3,5170,27,A,0,421-A (16),421-A (16),
3051707501,11226,1084,ROGERS,AVE,3,5170,7501,A,0,,GARDEN COMPLEX,
3051920023,11226,1140,ROGERS,AVE,3,5192,23,A,0,,,
3051930058,11226,1157 TO 1159,ROGERS,AVE,3,5193,58,A,0,,,
3051930051,11226,1179,ROGERS,AVE,3,5193,51,A,0,,,
3051930050,11226,1181,ROGERS,AVE,3,5193,50,A,0,,,
3052140034,11226,1203 TO 1205,ROGERS,AVE,3,5214,34,A,0,,,
3052130018,11226,1222,ROGERS,AVE,3,5213,18,A,0,,,
3052140075,11226,1261,ROGERS,AVE,3,5214,75,A,0,421-A (1-15),421-A (1-15),
3052140074,11226,1263,ROGERS,AVE,3,5214,74,A,0,421-G,421-G,
3052140073,11226,1265,ROGERS,AVE,3,5214,73,A,0,421-A (1-15),421-A (1-15),
3052140072,11226,1269,ROGERS,AVE,3,5214,72,A,0,421-A (16),421-A (16),
3051560010,11226,380,RUGBY,RD,3,5156,10,A,0,,,
3051560015,11226,390,RUGBY,RD,3,5156,15,B,1,,NON-EVICT COOP/CONDO,
3051560021,11226,400,RUGBY,RD,3,5156,21,A,0,,,
3050800039,11226,1,SAINT PAULS,CT,3,5080,39,A,0,,,
3050800054,11226,20,SAINT PAULS,CT,3,5080,54,A,0,,,
3050800036,11226,21,SAINT PAULS,CT,3,5080,36,A,0,,,
3050580031,11226,32,SAINT PAULS,PL,3,5058,31,A,0,,,
3050580040,11226,48,SAINT PAULS,PL,3,5058,40,A,0,,,
3050610010,11226,57,SAINT PAULS,PL,3,5061,10,A,0,,,
3050600032,11226,60 TO 66,SAINT PAULS,PL,3,5060,32,A,0,,,
3050610006,11226,67,SAINT PAULS,PL,3,5061,6,A,0,,,
3050600039,11226,68,SAINT PAULS,PL,3,5060,39,A,0,,,
3050610001,11226,73,SAINT PAULS,PL,3,5061,1,A,0,,,
3051080070,11226,2717,SNYDER,AVE,3,5108,70,A,0,421-A (1-15),421-A (1-15),
3051110020,11226,2734,SNYDER,AVE,3,5111,20,A,0,421-A (1-15),421-A (1-15),
3051080062,11226,2807,SNYDER,AVE,3,5108,62,A,0,421-A (1-15),421-A (1-15),
3051080061,11226,2809,SNYDER,AVE,3,5108,61,A,0,421-A (1-15),421-A (1-15),
3051080057,11226,2823,SNYDER,AVE,3,5108,57,A,0,421-A (16),421-A (16),
3051080056,11226,2825,SNYDER,AVE,3,5108,56,A,0,421-A (16),421-A (16),
3051080055,11226,2829,SNYDER,AVE,3,5108,55,A,0,421-A (16),421-A (16),
3051080054,11226,2901,SNYDER,AVE,3,5108,54,A,0,421-A (16),421-A (16),
3051080049,11226,2913,SNYDER,AVE,3,5108,49,A,0,421-A (16),421-A (16),
3049010005,11226,3014,SNYDER,AVE,3,4901,5,A,0,,,
3048860041,11226,3203,SNYDER,AVE,3,4886,41,A,0,,,
3048860038,11226,3209,SNYDER,AVE,3,4886,38,A,0,,,
3048860032,11226,3213,SNYDER,AVE,3,4886,32,A,0,,GARDEN COMPLEX,
3050990025,11226,1 TO 13,TENNIS,CT,3,5099,25,A,0,,,
3050990021,11226,25,TENNIS,CT,3,5099,21,A,0,,,
3050990139,11226,35,TENNIS,CT,3,5099,139,A,0,,,
3050990134,11226,43 TO 45,TENNIS,CT,3,5099,134,A,0,,,
3051260059,11226,2225,TILDEN,AVE,3,5126,59,A,0,,,
3051350013,11226,2330,TILDEN,AVE,3,5135,13,A,0,,,
3051350014,11226,2332,TILDEN,AVE,3,5135,14,B,0,,,
3051350017,11226,2340,TILDEN,AVE,3,5135,17,A,0,,,140148 LOTT ST
3051290023,11226,2721,TILDEN,AVE,3,5129,23,A,0,421-A (1-15),421-A (1-15),
3051290022,11226,2723,TILDEN,AVE,3,5129,22,A,0,,,
3051300125,11226,2801,TILDEN,AVE,3,5130,125,A,0,421-A (16),421-A (16),2803 TILDEN AVE
3051300019,11226,2819,TILDEN,AVE,3,5130,19,A,0,,,
3051317501,11226,2909,TILDEN,AVE,3,5131,7501,A,0,421-A (1-15),GARDEN COMPLEX 421-A (1-15),
3051040092,11226,9 TO 11,VERONICA,PL,3,5104,92,A,0,,,
3051070093,11226,51,VERONICA,PL,3,5107,93,A,0,421-A (16),421-A (16),
3051070091,11226,55,VERONICA,PL,3,5107,91,A,0,421-A (16),421-A (16),
3051100053,11226,89 TO 93,VERONICA,PL,3,5110,53,A,0,421-A (1-15),421-A (1-15),
3051370040,11226,177,VERONICA,PL,3,5137,40,A,0,421-A (16),GARDEN COMPLEX 421-A (16),
3051370037,11226,185,VERONICA,PL,3,5137,37,A,0,421-A (16),GARDEN COMPLEX 421-A (16),
3050520062,11226,7,WOODRUFF,AVE,3,5052,62,A,0,,,
3050520059,11226,13 TO 15,WOODRUFF,AVE,3,5052,59,A,0,,,
3050520056,11226,19,WOODRUFF,AVE,3,5052,56,A,0,,,
3050520053,11226,25,WOODRUFF,AVE,3,5052,53,A,0,,,
3050580024,11226,40,WOODRUFF,AVE,3,5058,24,A,0,,,
3050530001,11226,79,WOODRUFF,AVE,3,5053,1,A,0,,,
3050590016,11226,80,WOODRUFF,AVE,3,5059,16,A,0,,,
3050530064,11226,83,WOODRUFF,AVE,3,5053,64,A,0,,,
3050530061,11226,87,WOODRUFF,AVE,3,5053,61,A,0,J-51,J-51,
3050530058,11226,91,WOODRUFF,AVE,3,5053,58,A,0,J-51,J-51,
3050590020,11226,92,WOODRUFF,AVE,3,5059,20,A,0,,GARDEN COMPLEX,
3050590022,11226,94 TO 116,WOODRUFF,AVE,3,5059,22,A,0,,,
3050530056,11226,95,WOODRUFF,AVE,3,5053,56,A,0,,,
3050530051,11226,101,WOODRUFF,AVE,3,5053,51,A,0,,,
3050530026,11226,111,WOODRUFF,AVE,3,5053,26,A,0,,,
3050547502,11226,161 TO 165,WOODRUFF,AVE,3,5054,7502,A,0,,,
3050630029,11226,162,WOODRUFF,AVE,3,5063,29,A,0,,,
3050630031,11226,170,WOODRUFF,AVE,3,5063,31,A,0,,GARDEN COMPLEX,
3050630033,11226,174,WOODRUFF,AVE,3,5063,33,B,0,,,
3050630035,11226,180,WOODRUFF,AVE,3,5063,35,A,0,,,
3061540005,11228,6913,11TH,AVE,3,6154,5,A,0,,,
3059350038,11228,7402,11TH,AVE,3,5935,38,A,0,,,
3061540045,11228,6920,12TH,AVE,3,6154,45,B,0,,,
3061560008,11228,6905,13TH,AVE,3,6156,8,A,0,,,
3062100037,11228,7402,13TH,AVE,3,6210,37,A,0,,,
3063090004,11228,8311,13TH,AVE,3,6309,4,A,0,421-A (1-15),421-A (1-15),
3063090104,11228,8313,13TH,AVE,3,6309,104,A,0,421-A (1-15),421-A (1-15),
3061570007,11228,6907,14TH,AVE,3,6157,7,B,0,,,
3061570006,11228,6911,14TH,AVE,3,6157,6,A,0,,,
3062450006,11228,7705,14TH,AVE,3,6245,6,A,0,,,
3062450001,11228,7719,14TH,AVE,3,6245,1,A,0,,,
3061580001,11228,6915,15TH,AVE,3,6158,1,A,0,421-A (16),421-A (16),
3061690002,11228,7017,15TH,AVE,3,6169,2,A,0,,,
3064260052,11228,8794,15TH,AVE,3,6426,52,B,0,,GARDEN COMPLEX,
3064600035,11228,8863 TO 8981,15TH,AVE,3,6460,35,A,1,,GARDEN COMPLEX NON-EVICT COOP/CONDO,
3058760028,11228,725,70TH,ST,3,5876,28,A,0,,,
3058770001,11228,801 TO 817,70TH,ST,3,5877,1,A,0,,,
3061540054,11228,1157,70TH,ST,3,6154,54,A,0,,,
3061550070,11228,1221,70TH,ST,3,6155,70,A,0,,,
3061550069,11228,1223,70TH,ST,3,6155,69,A,0,,,
3061550068,11228,1227,70TH,ST,3,6155,68,A,0,,,
3061550067,11228,1229,70TH,ST,3,6155,67,A,0,,GARDEN COMPLEX,
3061550057,11228,1253,70TH,ST,3,6155,57,A,0,,,
3061560001,11228,1301,70TH,ST,3,6156,1,A,0,,,
3061570001,11228,1405,70TH,ST,3,6157,1,A,0,,,
3061570071,11228,1417,70TH,ST,3,6157,71,A,0,,,
3061570070,11228,1421,70TH,ST,3,6157,70,A,0,,,
3061570052,11228,1461A,70TH,ST,3,6157,52,A,0,421-A (1-15),421-A (1-15),
3061570053,11228,1461,70TH,ST,3,6157,53,A,0,421-A (1-15),421-A (1-15),
3058970058,11228,929,71ST,ST,3,5897,58,A,0,,,
3061680001,11228,1405 TO 1409,71ST,ST,3,6168,1,A,0,,,
3061790016,11228,1422,71ST,ST,3,6179,16,A,0,,,
3061790017,11228,1424,71ST,ST,3,6179,17,A,0,,,
3061790018,11228,1426,71ST,ST,3,6179,18,A,0,,,
3061690031,11228,1551,71ST,ST,3,6169,31,A,0,,,
3059010001,11228,801,72ND,ST,3,5901,1,A,0,,,
3059130008,11228,902,72ND,ST,3,5913,8,A,0,,,
3059130012,11228,920,72ND,ST,3,5913,12,A,0,,,
3061790066,11228,1429,72ND,ST,3,6179,66,A,0,,,
3061790065,11228,1433,72ND,ST,3,6179,65,A,0,,,
3061900032,11228,1462,72ND,ST,3,6190,32,A,0,,,
3059130001,11228,901,73RD,ST,3,5913,1,A,0,,,
3059130063,11228,923,73RD,ST,3,5913,63,A,0,,,
3062020022,11228,1538,73RD,ST,3,6202,22,A,0,,,
3062020028,11228,1552,73RD,ST,3,6202,28,A,0,421-A (1-15),421-A (1-15),
3062100057,11228,1251,75TH,ST,3,6210,57,A,0,,,
3062120050,11228,1469,75TH,ST,3,6212,50,A,0,,,
3062450074,11228,1407 TO 1409,78TH,ST,3,6245,74,B,0,,,
3060370058,11228,8514,7TH,AVE,3,6037,58,A,0,,,
3059830001,11228,901,80TH,ST,3,5983,1,A,0,,,
3060010006,11228,910,81ST,ST,3,6001,6,A,0,,,
3060110052,11228,911 TO 915,83RD,ST,3,6011,52,A,0,,,
3060210046,11228,915,84TH,ST,3,6021,46,A,0,,,
3063400029,11228,1470,85TH,ST,3,6340,29,A,0,421-A (1-15),421-A (1-15),
3063400034,11228,1472,85TH,ST,3,6340,34,A,0,421-A (1-15),421-A (1-15),
3060370077,11228,675,86TH,ST,3,6037,77,A,0,,,
3060370074,11228,683 TO 687,86TH,ST,3,6037,74,B,0,,,
3060560033,11228,665,88TH,ST,3,6056,33,A,0,,,
3058760022,11228,6908,8TH,AVE,3,5876,22,A,0,,,
3058760025,11228,6914,8TH,AVE,3,5876,25,A,0,,GLASS A,
3060920020,11228,622 TO 626,90TH,ST,3,6092,20,A,0,,,
3063960005,11228,1561,BATH,AVE,3,6396,5,A,0,,,
3063960004,11228,1565,BATH,AVE,3,6396,4,A,0,,,
3063950034,11228,99,BAY 10TH,ST,3,6395,34,A,0,,,
3063950069,11228,152,BAY 11TH,ST,3,6395,69,A,0,421-A (1-15),421-A (1-15),
3063960009,11228,163,BAY 11TH,ST,3,6396,9,A,0,,,
3063960008,11228,165,BAY 11TH,ST,3,6396,8,A,0,,,
3064600285,11228,283,BAY 11TH,ST,3,6460,285,A,0,421-A (1-15),421-A (1-15),
3064600184,11228,289,BAY 11TH,ST,3,6460,184,A,0,421-A (1-15),421-A (1-15),
3063920010,11228,163,BAY 7TH,ST,3,6392,10,A,0,,,
3062100059,11228,1249,BAY RIDGE,PKWY,3,6210,59,A,0,,,1249 75TH ST
3062120049,11228,1471,BAY RIDGE,PKWY,3,6212,49,A,0,,,1471 75TH ST
3062240009,11228,1512,BAY RIDGE,PKWY,3,6224,9,A,0,,,1512 75TH ST
3060920015,11228,111,DAHLGREN,PL,3,6092,15,B,0,,,
3060920008,11228,133,DAHLGREN,PL,3,6092,8,A,0,421-A (1-15),421-A (1-15),
3061410064,11228,286,DAHLGREN,PL,3,6141,64,B,0,,3 APT,
3060930039,11228,124,PARROTT,PL,3,6093,39,A,0,,,
3067790004,11229,1610,AVENUE P,,3,6779,4,A,1,,NON-EVICT COOP/CONDO,
3067810003,11229,1808,AVENUE P,,3,6781,3,A,0,421-A (1-15),421-A (1-15),
3067660057,11229,1901,AVENUE P,,3,6766,57,A,0,,,
3067670052,11229,2001,AVENUE P,,3,6767,52,A,0,,,
3067840005,11229,2112,AVENUE P,,3,6784,5,A,0,421-A (16),421-A (16),
3067950053,11229,1205,AVENUE R,,3,6795,53,A,0,,,
3067950047,11229,1225,AVENUE R,,3,6795,47,A,0,,,
3068190001,11229,1310,AVENUE R,,3,6819,1,A,0,,,
3072930003,11229,1410,AVENUE S,,3,7293,3,A,0,,,
3073210001,11229,1600,AVENUE T,,3,7321,1,A,0,,,
3073220007,11229,1716,AVENUE T,,3,7322,7,A,0,,,
3073450041,11229,1247,AVENUE V,,3,7345,41,A,0,,,
3073470036,11229,1411,AVENUE V,,3,7347,36,A,0,,,
3073780002,11229,1706,AVENUE V,,3,7378,2,A,0,,,
3073780005,11229,1710,AVENUE V,,3,7378,5,A,0,,,
3073790007,11229,1820,AVENUE V,,3,7379,7,B,0,,GARDEN COMPLEX,
3073810006,11229,2020,AVENUE V,,3,7381,6,A,1,,NON-EVICT COOP/CONDO,
3073540036,11229,2113,AVENUE V,,3,7354,36,A,0,,,
3074040001,11229,1900,AVENUE W,,3,7404,1,A,0,,,
3067710037,11229,3692 TO 3704,BEDFORD,AVE,3,6771,37,A,0,421-A (1-15),GARDEN COMPLEX 421-A (1-15),
3073570001,11229,4190,BEDFORD,AVE,3,7357,1,A,0,,,
3067740012,11229,1614,E 12TH,ST,3,6774,12,A,0,,,
3067740014,11229,1618 TO 1620,E 12TH,ST,3,6774,14,A,0,,,
3067740016,11229,1624,E 12TH,ST,3,6774,16,A,0,421-A (1-15),421-A (1-15),
3067750068,11229,1629,E 12TH,ST,3,6775,68,A,0,,,
3067950075,11229,1745,E 12TH,ST,3,6795,75,A,0,,,
3067950060,11229,1773 TO 1787,E 12TH,ST,3,6795,60,A,0,,,
3067940043,11229,1780 TO 1800,E 12TH,ST,3,6794,43,A,0,,,
3068180082,11229,1833,E 12TH,ST,3,6818,82,A,0,,,
3068180074,11229,1855,E 12TH,ST,3,6818,74,A,0,,,
3068170030,11229,1860,E 12TH,ST,3,6817,30,A,0,,,
3073160050,11229,2069,E 12TH,ST,3,7316,50,A,0,,,
3073160044,11229,2077,E 12TH,ST,3,7316,44,A,0,,,
3073440001,11229,2101 TO 2105,E 12TH,ST,3,7344,1,A,0,,,
3073430034,11229,2166,E 12TH,ST,3,7343,34,A,0,,,
3073430036,11229,2170,E 12TH,ST,3,7343,36,A,0,421-A (1-15),421-A (1-15),
3073960066,11229,2323,E 12TH,ST,3,7396,66,A,0,,,
3073960053,11229,2355,E 12TH,ST,3,7396,53,A,0,,,
3067760065,11229,1625,E 13TH,ST,3,6776,65,A,1,,NON-EVICT COOP/CONDO,
3067750025,11229,1654,E 13TH,ST,3,6775,25,A,0,,,
3067750031,11229,1660,E 13TH,ST,3,6775,31,A,0,,,
3067750034,11229,1668,E 13TH,ST,3,6775,34,A,0,,,
3067750035,11229,1670,E 13TH,ST,3,6775,35,A,0,,,
3067750036,11229,1672,E 13TH,ST,3,6775,36,A,0,,,
3067750037,11229,1674,E 13TH,ST,3,6775,37,A,0,,,
3067950015,11229,1720,E 13TH,ST,3,6795,15,B,1,,NON-EVICT COOP/CONDO,
3067960075,11229,1735,E 13TH,ST,3,6796,75,A,0,,,
3067950028,11229,1746,E 13TH,ST,3,6795,28,A,0,,,
3067960067,11229,1755,E 13TH,ST,3,6796,67,A,0,,,
3067960059,11229,1775,E 13TH,ST,3,6796,59,A,0,,,
3067950034,11229,1776,E 13TH,ST,3,6795,34,A,0,,,
3067950040,11229,1780,E 13TH,ST,3,6795,40,A,0,,,
3068180017,11229,1820,E 13TH,ST,3,6818,17,A,0,,,
3068180025,11229,1840,E 13TH,ST,3,6818,25,A,0,,,
3073170023,11229,2044,E 13TH,ST,3,7317,23,A,0,,,
3073460063,11229,2135,E 13TH,ST,3,7346,63,A,0,,,
3073460055,11229,2153,E 13TH,ST,3,7346,55,A,0,,,
3073450037,11229,2176,E 13TH,ST,3,7345,37,A,0,,,
3073450039,11229,2180,E 13TH,ST,3,7345,39,A,0,,,
3073980002,11229,2299,E 13TH,ST,3,7398,2,A,0,,,
3073980055,11229,2355,E 13TH,ST,3,7398,55,A,0,421-A (1-15),421-A (1-15),
3073980027,11229,2365,E 13TH,ST,3,7398,27,A,0,,,
3067970001,11229,1703,E 14TH,ST,3,6797,1,B,0,,,
3067970091,11229,1707,E 14TH,ST,3,6797,91,A,0,,,
3067960017,11229,1730,E 14TH,ST,3,6796,17,A,1,,NON-EVICT COOP/CONDO,
3067960026,11229,1750,E 14TH,ST,3,6796,26,A,1,,NON-EVICT COOP/CONDO,
3067960036,11229,1770,E 14TH,ST,3,6796,36,A,0,,,
3068200075,11229,1829,E 14TH,ST,3,6820,75,A,0,,,
3068190032,11229,1862,E 14TH,ST,3,6819,32,A,0,,,
3073470001,11229,2105,E 14TH,ST,3,7347,1,A,0,,,
3073470072,11229,2115,E 14TH,ST,3,7347,72,A,0,,,
3073470065,11229,2129,E 14TH,ST,3,7347,65,A,0,,GARDEN COMPLEX,
3073470063,11229,2137,E 14TH,ST,3,7347,63,A,0,,,
3067770012,11229,1618,E 15TH,ST,3,6777,12,A,0,,,
3067970006,11229,1700,E 15TH,ST,3,6797,6,A,0,,,
3067970008,11229,1704,E 15TH,ST,3,6797,8,A,0,,,
3067980090,11229,1711,E 15TH,ST,3,6798,90,A,0,,,
3067970011,11229,1718,E 15TH,ST,3,6797,11,A,0,,,
3072940049,11229,1985,E 15TH,ST,3,7294,49,A,0,,,
3073200076,11229,2015,E 15TH,ST,3,7320,76,A,0,,,
3073190033,11229,2066,E 15TH,ST,3,7319,33,A,0,,,
3073470009,11229,2102,E 15TH,ST,3,7347,9,A,0,,,1422 AVENUE U
3073480044,11229,2175,E 15TH,ST,3,7348,44,A,0,,,
3073990007,11229,2300,E 15TH,ST,3,7399,7,A,0,421-A (1-15),421-A (1-15),
3073990008,11229,2302,E 15TH,ST,3,7399,8,A,0,,,
3073990010,11229,2306,E 15TH,ST,3,7399,10,A,0,,,
3067990080,11229,1729,E 16TH,ST,3,6799,80,A,0,421-A (16),421-A (16),
3067990074,11229,1745,E 16TH,ST,3,6799,74,A,0,,,
3067990057,11229,1781,E 16TH,ST,3,6799,57,B,0,,,
3073210066,11229,2035,E 16TH,ST,3,7321,66,A,0,,,
3073210051,11229,2075,E 16TH,ST,3,7321,51,A,0,,,
3073490071,11229,2119,E 16TH,ST,3,7349,71,A,0,,,
3067800050,11229,1671,E 17TH,ST,3,6780,50,A,0,,,
3067790042,11229,1680,E 17TH,ST,3,6779,42,A,0,,,1615 QUENTIN RD
3068000001,11229,1705,E 17TH,ST,3,6800,1,A,0,421-A (16),421-A (16),
3067990008,11229,1710,E 17TH,ST,3,6799,8,A,0,,,
3068000057,11229,1781,E 17TH,ST,3,6800,57,A,0,,,
3068210275,11229,1815,E 17TH,ST,3,6821,275,A,0,,,
3068210270,11229,1837,E 17TH,ST,3,6821,270,A,0,,,
3072960067,11229,1953,E 17TH,ST,3,7296,67,A,0,,,
3072960066,11229,1955,E 17TH,ST,3,7296,66,A,0,,ROOMING HOUSE,
3072960065,11229,1959,E 17TH,ST,3,7296,65,A,0,,,
3072960064,11229,1961,E 17TH,ST,3,7296,64,B,0,,,
3073220061,11229,2049,E 17TH,ST,3,7322,61,A,0,,,
3073490025,11229,2146,E 17TH,ST,3,7349,25,A,0,,,
3073500055,11229,2147,E 17TH,ST,3,7350,55,A,0,J-51,J-51,
3073490026,11229,2148,E 17TH,ST,3,7349,26,A,0,,,
3073490027,11229,2152,E 17TH,ST,3,7349,27,A,0,,,
3073780001,11229,2201,E 17TH,ST,3,7378,1,A,0,,,
3067800012,11229,1632,E 18TH,ST,3,6780,12,A,0,,,
3067810050,11229,1675,E 18TH,ST,3,6781,50,A,0,,,
3068010001,11229,1717,E 18TH,ST,3,6801,1,A,1,,NON-EVICT COOP/CONDO,
3068000016,11229,1730,E 18TH,ST,3,6800,16,A,0,,,
3068010069,11229,1745,E 18TH,ST,3,6801,69,A,0,,,
3068000032,11229,1764,E 18TH,ST,3,6800,32,A,0,,,
3068010056,11229,1775,E 18TH,ST,3,6801,56,A,0,,,
3068210214,11229,1812,E 18TH,ST,3,6821,214,A,0,,,
3068210222,11229,1836,E 18TH,ST,3,6821,222,A,0,,,
3072960005,11229,1902,E 18TH,ST,3,7296,5,A,0,,,
3072960029,11229,1970,E 18TH,ST,3,7296,29,A,0,,,
3073220023,11229,2044,E 18TH,ST,3,7322,23,A,0,,,
3073220027,11229,2050,E 18TH,ST,3,7322,27,A,0,,,
3073230048,11229,2083,E 18TH,ST,3,7323,48,A,0,,,
3073510049,11229,2171,E 18TH,ST,3,7351,49,A,0,,,
3073780078,11229,2222,E 18TH,ST,3,7378,78,A,0,,,
3067810023,11229,1654,E 19TH,ST,3,6781,23,A,0,,,
3067810027,11229,1656,E 19TH,ST,3,6781,27,A,0,,,
3067820059,11229,1669,E 19TH,ST,3,6782,59,A,0,421-A (16),GARDEN COMPLEX 421-A (16),
3068240012,11229,1814,E 19TH,ST,3,6824,12,A,0,,,
3073230025,11229,2060,E 19TH,ST,3,7323,25,A,0,,,
3073510021,11229,2136,E 19TH,ST,3,7351,21,A,0,,,
3073800071,11229,2245,E 19TH,ST,3,7380,71,A,0,,,
3073260070,11229,2115,E 21ST,ST,3,7326,70,A,0,421-A (1-15),421-A (1-15),
3073540001,11229,2177,E 21ST,ST,3,7354,1,A,0,,,
3073540050,11229,2239,E 21ST,ST,3,7354,50,A,0,,,
3067840012,11229,1672,E 22ND,ST,3,6784,12,A,0,421-A (1-15),421-A (1-15),
3067840016,11229,1680,E 22ND,ST,3,6784,16,A,0,,,
3067710053,11229,1581,E 24TH,ST,3,6771,53,A,0,,,
3067730080,11229,1525,E 26TH,ST,3,6773,80,A,0,,,
3073660113,11229,2118,FORD,ST,3,7366,113,A,0,421-A (16),GARDEN COMPLEX 421-A (16),
3088180043,11229,2265,GERRITSEN,AVE,3,8818,43,A,1,,NA NON-EVICT COOP/CONDO,
3073970085,11229,1200,GRAVESEND NECK,RD,3,7397,85,A,1,,NON-EVICT COOP/CONDO,1200 NECK RD
3073640062,11229,2127,HARING,ST,3,7364,62,B,0,,,
3073170075,11229,2017,HOMECREST,AVE,3,7317,75,A,0,,,
3073170065,11229,2039,HOMECREST,AVE,3,7317,65,A,0,,,
3073440020,11229,2134,HOMECREST,AVE,3,7344,20,A,0,,,
3073730029,11229,2277,HOMECREST,AVE,3,7373,29,B,0,,,
3067830076,11229,2000,KINGS,HWY,3,6783,76,A,0,,,
3067830010,11229,2020,KINGS,HWY,3,6783,10,A,1,,NON-EVICT COOP/CONDO,
3067700050,11229,2300,KINGS,HWY,3,6770,50,A,0,,,
3067700031,11229,2301,KINGS,HWY,3,6770,31,A,0,,,
3067700040,11229,2320,KINGS,HWY,3,6770,40,A,0,,,
3067710056,11229,2410,KINGS,HWY,3,6771,56,A,0,,,
3067710031,11229,2424,KINGS,HWY,3,6771,31,A,0,,,
3067710013,11229,2425,KINGS,HWY,3,6771,13,A,0,,,
3067720015,11229,2520,KINGS,HWY,3,6772,15,A,0,,,
3067730012,11229,2626,KINGS,HWY,3,6773,12,A,0,,,
3076810010,11229,2705 TO 2721,KINGS,HWY,3,7681,10,A,1,,NON-EVICT COOP/CONDO,
3076880041,11229,2728,KINGS,HWY,3,7688,41,A,0,,,
3076897502,11229,2800 TO 2814,KINGS,HWY,3,7689,7502,A,0,421-A (16),421-A (16),1491 E 28TH ST
3076820016,11229,2807 TO 2821,KINGS,HWY,3,7682,16,A,1,,NON-EVICT COOP/CONDO,
3076890056,11229,2828,KINGS,HWY,3,7689,56,A,0,,,
3076900082,11229,2922,NOSTRAND,AVE,3,7690,82,A,1,,NON-EVICT COOP/CONDO,
3067920015,11229,2992 TO 3028,NOSTRAND,AVE,3,6792,15,A,0,,,
3068360064,11229,3165,NOSTRAND,AVE,3,6836,64,A,0,,,
3068350012,11229,3178,NOSTRAND,AVE,3,6835,12,A,1,,NON-EVICT COOP/CONDO,
3068350026,11229,3202,NOSTRAND,AVE,3,6835,26,A,0,,,
3068360050,11229,3203,NOSTRAND,AVE,3,6836,50,A,0,,,
3073080032,11229,3280,NOSTRAND,AVE,3,7308,32,A,0,,GARDEN COMPLEX,
3073090040,11229,3291 TO 3323,NOSTRAND,AVE,3,7309,40,A,0,,,
3073340018,11229,3380,NOSTRAND,AVE,3,7334,18,A,0,,,
3073350068,11229,3395,NOSTRAND,AVE,3,7335,68,A,1,,NON-EVICT COOP/CONDO,
3067830065,11229,2123,OCEAN,AVE,3,6783,65,A,0,,,
3067830057,11229,2145,OCEAN,AVE,3,6783,57,A,0,,,
3067830055,11229,2151,OCEAN,AVE,3,6783,55,A,0,421-A (1-15),GARDEN COMPLEX 421-A (1-15),
3067837501,11229,2155,OCEAN,AVE,3,6783,7501,A,0,421-A (1-15),GARDEN COMPLEX 421-A (1-15),
3067830043,11229,2157,OCEAN,AVE,3,6783,43,A,0,,,
3068030080,11229,2197,OCEAN,AVE,3,6803,80,A,0,,,
3068020014,11229,2200,OCEAN,AVE,3,6802,14,A,0,,,
3068030065,11229,2233,OCEAN,AVE,3,6803,65,A,0,,,
3068020036,11229,2234,OCEAN,AVE,3,6802,36,A,1,,COOP/CONDO PLAN FILE,
3068020041,11229,2246,OCEAN,AVE,3,6802,41,A,0,,,
3068030058,11229,2249,OCEAN,AVE,3,6803,58,A,0,,,
3068020046,11229,2258,OCEAN,AVE,3,6802,46,A,0,,,
3068030051,11229,2261,OCEAN,AVE,3,6803,51,A,0,,,
3068250008,11229,2270 TO 2280,OCEAN,AVE,3,6825,8,A,0,,,
3068250016,11229,2282,OCEAN,AVE,3,6825,16,A,0,,,
3068260077,11229,2285,OCEAN,AVE,3,6826,77,A,0,,,
3068250019,11229,2300,OCEAN,AVE,3,6825,19,A,0,,,
3068260070,11229,2301 TO 2315,OCEAN,AVE,3,6826,70,A,0,,,
3068250027,11229,2306 TO 2320,OCEAN,AVE,3,6825,27,A,0,,,
3068260066,11229,2317 TO 2325,OCEAN,AVE,3,6826,66,A,0,,,
3068250033,11229,2330,OCEAN,AVE,3,6825,33,A,0,,,
3068260048,11229,2345 TO 2355,OCEAN,AVE,3,6826,48,A,0,,,
3068250037,11229,2350,OCEAN,AVE,3,6825,37,A,0,421-A (1-15),421-A (1-15),
3072990001,11229,2363 TO 2377,OCEAN,AVE,3,7299,1,A,1,,NON-EVICT COOP/CONDO,
3072980007,11229,2370,OCEAN,AVE,3,7298,7,A,0,,,
3072990071,11229,2387,OCEAN,AVE,3,7299,71,A,0,,,
3072990057,11229,2435,OCEAN,AVE,3,7299,57,A,0,,,
3072980045,11229,2442,OCEAN,AVE,3,7298,45,A,0,421-A (16),421-A (16),
3073250075,11229,2477 TO 2481,OCEAN,AVE,3,7325,75,A,0,,,
3073240036,11229,2530,OCEAN,AVE,3,7324,36,A,0,,,
3073240042,11229,2540,OCEAN,AVE,3,7324,42,A,0,,,
3073520015,11229,2566,OCEAN,AVE,3,7352,15,A,0,,,
3073520039,11229,2630,OCEAN,AVE,3,7352,39,B,0,,,
3073817501,11229,2633 TO 2643,OCEAN,AVE,3,7381,7501,A,0,421-A (16),421-A (16),
3073800013,11229,2662,OCEAN,AVE,3,7380,13,A,0,,,
3073800024,11229,2678,OCEAN,AVE,3,7380,24,A,0,,,
3073800034,11229,2686,OCEAN,AVE,3,7380,34,A,0,,,
3073810073,11229,2701,OCEAN,AVE,3,7381,73,A,0,,,
3073800042,11229,2704,OCEAN,AVE,3,7380,42,A,0,,,
3073810065,11229,2709,OCEAN,AVE,3,7381,65,A,0,,,
3073800048,11229,2718,OCEAN,AVE,3,7380,48,A,0,,,
3074050058,11229,2753 TO 2763,OCEAN,AVE,3,7405,58,A,0,,,
3074050052,11229,2765,OCEAN,AVE,3,7405,52,A,0,,,
3074040020,11229,2770,OCEAN,AVE,3,7404,20,A,0,,,
3074057501,11229,2781 TO 2799,OCEAN,AVE,3,7405,7501,A,1,,NON-EVICT COOP/CONDO,
3088270018,11229,2227,PLUMB 2ND,ST,3,8827,18,A,0,421-A (1-15),421-A (1-15),
3067800044,11229,1701 TO 1711,QUENTIN,RD,3,6780,44,A,0,,,
3068000004,11229,1710 TO 1718,QUENTIN,RD,3,6800,4,A,0,,,
3067800039,11229,1719,QUENTIN,RD,3,6780,39,A,0,,,
3067810040,11229,1811,QUENTIN,RD,3,6781,40,A,0,,,
3068020001,11229,1900,QUENTIN,RD,3,6802,1,A,1,,NON-EVICT COOP/CONDO,
3067820050,11229,1909,QUENTIN,RD,3,6782,50,A,0,,,
3067820043,11229,1925,QUENTIN,RD,3,6782,43,A,0,,GARDEN COMPLEX,
3068030001,11229,2000 TO 2012,QUENTIN,RD,3,6803,1,A,0,,,
3073970001,11229,1075,SHEEPSHEAD BAY,RD,3,7397,1,A,1,,NON-EVICT COOP/CONDO,
3073970063,11229,1103,SHEEPSHEAD BAY,RD,3,7397,63,A,0,,GARDEN COMPLEX,
3073970059,11229,1111,SHEEPSHEAD BAY,RD,3,7397,59,A,0,421-A (1-15),421-A (1-15),
3068410001,11229,1805 TO 1823,STUART,ST,3,6841,1,A,0,,,18061878 BURNETT ST
3088240056,11229,2339,STUART,ST,3,8824,56,A,0,421-A (16),421-A (16),
3052330008,11230,596,ARGYLE,RD,3,5233,8,A,0,,,
3052340037,11230,611,ARGYLE,RD,3,5234,37,A,0,,,
3052330015,11230,612,ARGYLE,RD,3,5233,15,A,0,,,
3052330025,11230,646,ARGYLE,RD,3,5233,25,A,0,,,
3052340035,11230,649,ARGYLE,RD,3,5234,35,B,0,,,13011305 FOSTER AVE
3065110001,11230,800,AVENUE H,,3,6511,1,A,0,,,
3065120001,11230,900,AVENUE H,,3,6512,1,A,0,,,
3064970044,11230,901,AVENUE H,,3,6497,44,A,1,,NON-EVICT COOP/CONDO,
3064980055,11230,1001,AVENUE H,,3,6498,55,A,0,,,
3067037501,11230,1912,AVENUE H,,3,6703,7501,A,1,,NON-EVICT COOP/CONDO,
3067030049,11230,1918,AVENUE H,,3,6703,49,A,0,,,
3065080022,11230,515,AVENUE I,,3,6508,22,A,0,,,
3067050007,11230,1214,AVENUE I,,3,6705,7,A,0,,,
3067000038,11230,1615,AVENUE I,,3,6700,38,A,1,,NON-EVICT COOP/CONDO,
3067090001,11230,1620,AVENUE I,,3,6709,1,A,0,,,
3067030001,11230,1921,AVENUE I,,3,6703,1,A,0,,,
3065230027,11230,1013,AVENUE J,,3,6523,27,A,0,J-51,J-51,
3065310006,11230,1014,AVENUE J,,3,6531,6,A,0,,,
3067077501,11230,1417,AVENUE J,,3,6707,7501,A,0,421-A (16),421-A (16),1419 AVENUE J
3065360010,11230,1012,AVENUE K,,3,6536,10,A,0,,,
3067220001,11230,1102 TO 1124,AVENUE K,,3,6722,1,A,0,,,14431451 CONEY ISLAND AVE
3067130041,11230,1123,AVENUE K,,3,6713,41,A,0,,,
3067140041,11230,1201,AVENUE K,,3,6714,41,A,0,,,
3067230001,11230,1202,AVENUE K,,3,6723,1,A,0,,,
3067230006,11230,1214,AVENUE K,,3,6723,6,A,0,,,
3067150047,11230,1301,AVENUE K,,3,6715,47,A,0,,,
3067240001,11230,1302,AVENUE K,,3,6724,1,A,0,,,
3067150042,11230,1311,AVENUE K,,3,6715,42,A,0,,,
3067240006,11230,1314,AVENUE K,,3,6724,6,A,0,,,
3067250001,11230,1402,AVENUE K,,3,6725,1,A,0,,,
3067160042,11230,1417,AVENUE K,,3,6716,42,A,0,,,
3067300059,11230,1916,AVENUE K,,3,6730,59,A,1,,NON-EVICT COOP/CONDO,
3067210001,11230,1921,AVENUE K,,3,6721,1,A,0,,,
3065320049,11230,615,AVENUE L,,3,6532,49,A,0,,,
3067340009,11230,1420,AVENUE L,,3,6734,9,A,0,,,
3067380001,11230,1800 TO 1814,AVENUE L,,3,6738,1,A,0,,,
3067380007,11230,1816 TO 1818,AVENUE L,,3,6738,7,A,0,,,
3067290001,11230,1819 TO 1823,AVENUE L,,3,6729,1,A,0,,,
3067390036,11230,1902,AVENUE L,,3,6739,36,A,0,,,
3067320045,11230,1215,AVENUE M,,3,6732,45,B,1,,NON-EVICT COOP/CONDO,
3067487502,11230,1924 TO 1930,AVENUE M,,3,6748,7502,A,0,421-A (16),421-A (16),17821788 OCEAN AVE
3065830010,11230,128,AVENUE N,,3,6583,10,A,0,,,
3065840004,11230,210,AVENUE N,,3,6584,4,A,0,,,
3065650044,11230,223,AVENUE N,,3,6565,44,A,0,,,
3065860006,11230,414,AVENUE N,,3,6586,6,A,0,,,
3065920006,11230,1014,AVENUE N,,3,6592,6,A,0,J-51,J-51,
3065730043,11230,1015,AVENUE N,,3,6573,43,A,0,,,
3067410054,11230,1215,AVENUE N,,3,6741,54,A,0,,,
3067430044,11230,1411,AVENUE N,,3,6743,44,A,0,,,
3067460044,11230,1717,AVENUE N,,3,6746,44,A,1,,COOP/CONDO PLAN FILE,
3067470052,11230,1801,AVENUE N,,3,6747,52,A,1,,NON-EVICT COOP/CONDO,
3067560001,11230,1802 TO 1810,AVENUE N,,3,6756,1,A,1,,NON-EVICT COOP/CONDO,
3067560006,11230,1820,AVENUE N,,3,6756,6,A,1,,NON-EVICT COOP/CONDO,
3067480052,11230,1901,AVENUE N,,3,6748,52,A,1,,NON-EVICT COOP/CONDO,
3066070001,11230,264,AVENUE O,,3,6607,1,A,0,,,
3065900053,11230,805,AVENUE O,,3,6590,53,A,0,,,
3065920054,11230,1011,AVENUE O,,3,6592,54,B,0,,,
3067490049,11230,1113 TO 1123,AVENUE O,,3,6749,49,A,0,,,
3067520050,11230,1415,AVENUE O,,3,6752,50,A,0,,,
3067570052,11230,1917,AVENUE O,,3,6757,52,A,0,,,
3067407501,11230,1102 TO 1122,CHESTNUT,AVE,3,6740,7501,A,0,421-A (1-15),421-A (1-15),
3051977501,11230,931 TO 955,CONEY ISLAND,AVE,3,5197,7501,A,0,,,
3052327501,11230,1035 TO 1041,CONEY ISLAND,AVE,3,5232,7501,A,0,421-A (16),421-A (16),1101 FOSTER AVE
3065230023,11230,1320,CONEY ISLAND,AVE,3,6523,23,A,0,,,
3065360011,11230,1456,CONEY ISLAND,AVE,3,6536,11,B,0,,,
3065360012,11230,1458,CONEY ISLAND,AVE,3,6536,12,B,0,,,
3065360013,11230,1462,CONEY ISLAND,AVE,3,6536,13,B,0,,,
3067490078,11230,1765 TO 1775,CONEY ISLAND,AVE,3,6749,78,A,0,421-A (16),421-A (16),
3065920043,11230,1820,CONEY ISLAND,AVE,3,6592,43,B,0,,,
3065920045,11230,1824,CONEY ISLAND,AVE,3,6592,45,A,0,,,
3067580087,11230,1855,CONEY ISLAND,AVE,3,6758,87,A,0,,,
3067580086,11230,1857,CONEY ISLAND,AVE,3,6758,86,A,0,,GARDEN COMPLEX,
3067580084,11230,1863,CONEY ISLAND,AVE,3,6758,84,A,0,,GARDEN COMPLEX,
3067580083,11230,1867,CONEY ISLAND,AVE,3,6758,83,A,0,,,
3067580081,11230,1871,CONEY ISLAND,AVE,3,6758,81,A,0,,,
3067580078,11230,1877,CONEY ISLAND,AVE,3,6758,78,A,0,,,
3067580077,11230,1881,CONEY ISLAND,AVE,3,6758,77,B,0,,,
3067580075,11230,1883,CONEY ISLAND,AVE,3,6758,75,B,0,,,
3067580073,11230,1889,CONEY ISLAND,AVE,3,6758,73,A,0,,,
3064970010,11230,702,E 10TH,ST,3,6497,10,A,0,,,
3064970030,11230,758 TO 760,E 10TH,ST,3,6497,30,A,0,,,
3065130001,11230,801,E 10TH,ST,3,6513,1,A,0,,,1002 AVENUE H
3065120012,11230,820,E 10TH,ST,3,6512,12,A,0,,,
3065130073,11230,829,E 10TH,ST,3,6513,73,A,0,,,
3065920058,11230,1491,E 10TH,ST,3,6592,58,A,0,,,
3065920057,11230,1493,E 10TH,ST,3,6592,57,A,0,,,
3065920056,11230,1495,E 10TH,ST,3,6592,56,A,0,,,
3065920055,11230,1499,E 10TH,ST,3,6592,55,A,0,,,
3066170001,11230,1501,E 10TH,ST,3,6617,1,A,0,,,
3066950012,11230,816,E 12TH,ST,3,6695,12,A,0,,,
3067040032,11230,960,E 12TH,ST,3,6704,32,A,0,,,
3067050058,11230,977,E 12TH,ST,3,6705,58,A,0,421-A (1-15),421-A (1-15),
3067310039,11230,1280,E 12TH,ST,3,6731,39,A,0,,,
3067410030,11230,1335,E 12TH,ST,3,6741,30,A,0,,,
3067490005,11230,1414,E 12TH,ST,3,6749,5,A,0,,,1122 AVENUE N
3066960009,11230,800,E 13TH,ST,3,6696,9,A,0,,,
3067150079,11230,1013,E 13TH,ST,3,6715,79,A,0,,,
3067147501,11230,1016,E 13TH,ST,3,6714,7501,A,0,421-A (16),421-A (16),
3067140021,11230,1040,E 13TH,ST,3,6714,21,A,0,J-51,J-51,
3067150062,11230,1053,E 13TH,ST,3,6715,62,A,0,,,
3067320028,11230,1256,E 13TH,ST,3,6732,28,A,0,,,
3067330029,11230,1259,E 13TH,ST,3,6733,29,A,0,,,
3067420075,11230,1329,E 13TH,ST,3,6742,75,A,0,421-A (16),421-A (16),
3067590026,11230,1550,E 13TH,ST,3,6759,26,A,0,,,
3067600062,11230,1561,E 13TH,ST,3,6760,62,A,0,,,
3067590034,11230,1580,E 13TH,ST,3,6759,34,A,1,,NON-EVICT COOP/CONDO,
3066970009,11230,800,E 14TH,ST,3,6697,9,A,0,,,
3066980001,11230,815,E 14TH,ST,3,6698,1,A,0,,,
3066980079,11230,821,E 14TH,ST,3,6698,79,B,0,,,
3066970043,11230,890,E 14TH,ST,3,6697,43,A,0,,,
3067060014,11230,918,E 14TH,ST,3,6706,14,A,0,,,
3067070076,11230,925,E 14TH,ST,3,6707,76,A,0,,,
3067060020,11230,950,E 14TH,ST,3,6706,20,A,0,,,
3067060043,11230,992,E 14TH,ST,3,6706,43,A,0,,,
3067150015,11230,1024,E 14TH,ST,3,6715,15,A,0,,,
3067160075,11230,1025 TO 1033,E 14TH,ST,3,6716,75,A,0,,,
3067350080,11230,1263 TO 1285,E 14TH,ST,3,6735,80,A,0,421-A (16),421-A (16),1401 CHESTNUT AVE
3067420030,11230,1360,E 14TH,ST,3,6742,30,A,0,,,
3067430062,11230,1365 TO 1367,E 14TH,ST,3,6743,62,A,0,,,
3067510012,11230,1414,E 14TH,ST,3,6751,12,B,0,,,
3067510023,11230,1440,E 14TH,ST,3,6751,23,A,0,,,
3067610075,11230,1535,E 14TH,ST,3,6761,75,A,0,,,
3067610063,11230,1557 TO 1573,E 14TH,ST,3,6761,63,A,0,,,
3067600035,11230,1566 TO 1582,E 14TH,ST,3,6760,35,A,0,,,
3067610057,11230,1577 TO 1585,E 14TH,ST,3,6761,57,A,0,,,
3066980028,11230,856,E 15TH,ST,3,6698,28,A,0,,,
3067070014,11230,918 TO 922,E 15TH,ST,3,6707,14,A,0,,,
3067080068,11230,953,E 15TH,ST,3,6708,68,A,0,,,
3067070028,11230,954,E 15TH,ST,3,6707,28,A,0,,,
3067070033,11230,964,E 15TH,ST,3,6707,33,A,0,,,
3067070040,11230,984,E 15TH,ST,3,6707,40,A,0,,,
3067070043,11230,992,E 15TH,ST,3,6707,43,A,0,,GARDEN COMPLEX,
3067160010,11230,1012,E 15TH,ST,3,6716,10,A,0,,,
3067170071,11230,1043 TO 1045,E 15TH,ST,3,6717,71,A,0,,,
3067160024,11230,1046,E 15TH,ST,3,6716,24,A,0,,,
3067170068,11230,1049,E 15TH,ST,3,6717,68,B,0,,,
3067160026,11230,1054,E 15TH,ST,3,6716,26,A,0,,,
3067170051,11230,1095,E 15TH,ST,3,6717,51,A,0,,,
3067260001,11230,1111,E 15TH,ST,3,6726,1,A,0,,,
3067620079,11230,1531,E 15TH,ST,3,6762,79,A,0,,,
3067000076,11230,823,E 16TH,ST,3,6700,76,A,0,,,
3066990015,11230,826,E 16TH,ST,3,6699,15,A,0,,,
3067450083,11230,1323,E 16TH,ST,3,6745,83,A,0,,,
3067540052,11230,1485,E 16TH,ST,3,6754,52,A,1,,NON-EVICT COOP/CONDO,
3066900045,11230,800,E 17TH,ST,3,6690,45,A,1,,NON-EVICT COOP/CONDO,
3067000009,11230,840,E 17TH,ST,3,6700,9,A,0,,,
3067000012,11230,850,E 17TH,ST,3,6700,12,A,0,,,
3067000018,11230,862,E 17TH,ST,3,6700,18,A,0,,,
3067010064,11230,915,E 17TH,ST,3,6701,64,A,1,,NON-EVICT COOP/CONDO,
3067000026,11230,920,E 17TH,ST,3,6700,26,A,1,,NON-EVICT COOP/CONDO,
3067370064,11230,1279,E 17TH,ST,3,6737,64,A,0,,,
3067460001,11230,1317,E 17TH,ST,3,6746,1,A,0,,,
3067460096,11230,1335 TO 1351,E 17TH,ST,3,6746,96,A,0,,,
3067550053,11230,1509,E 17TH,ST,3,6755,53,A,0,,GARDEN COMPLEX,1701 AVENUE O
3067647501,11230,1535,E 17TH,ST,3,6764,7501,A,0,,,
3067640082,11230,1543,E 17TH,ST,3,6764,82,A,0,421-A (16),421-A (16),
3067640061,11230,1577,E 17TH,ST,3,6764,61,A,1,,NON-EVICT COOP/CONDO,
3067010054,11230,860,E 18TH,ST,3,6701,54,A,0,,,
3067010068,11230,900,E 18TH,ST,3,6701,68,A,0,,,
3067380040,11230,1269,E 18TH,ST,3,6738,40,A,0,,,
3067370023,11230,1270,E 18TH,ST,3,6737,23,A,0,,,
3067370030,11230,1276 TO 1280,E 18TH,ST,3,6737,30,A,0,,,
3067380052,11230,1305,E 18TH,ST,3,6738,52,A,0,,,
3067470085,11230,1333,E 18TH,ST,3,6747,85,A,0,,,
3067460015,11230,1342,E 18TH,ST,3,6746,15,A,0,,,
3067460020,11230,1350,E 18TH,ST,3,6746,20,A,0,,,
3067470073,11230,1355,E 18TH,ST,3,6747,73,A,0,,,
3067470068,11230,1375,E 18TH,ST,3,6747,68,A,0,,,
3067460037,11230,1392,E 18TH,ST,3,6746,37,A,0,421-A (1-15),421-A (1-15),
3067640012,11230,1530,E 18TH,ST,3,6764,12,A,0,,,
3067640020,11230,1560,E 18TH,ST,3,6764,20,A,1,J-51,J-51 NON-EVICT COOP/CONDO,
3067640031,11230,1580,E 18TH,ST,3,6764,31,A,0,,,
3067030041,11230,847,E 19TH,ST,3,6703,41,B,0,,,
3067030035,11230,855,E 19TH,ST,3,6703,35,A,0,,,
3067390030,11230,1233,E 19TH,ST,3,6739,30,A,0,,,
3067380024,11230,1270,E 19TH,ST,3,6738,24,A,0,,,
3067380035,11230,1288,E 19TH,ST,3,6738,35,A,0,,,
3067380037,11230,1290,E 19TH,ST,3,6738,37,A,0,,,
3067480088,11230,1325,E 19TH,ST,3,6748,88,A,0,,,
3067650012,11230,1530,E 19TH,ST,3,6765,12,A,0,,,
3067660092,11230,1533,E 19TH,ST,3,6766,92,A,0,421-A (16),421-A (16),
3067660086,11230,1543,E 19TH,ST,3,6766,86,A,0,421-A (16),421-A (16),
3067660077,11230,1555,E 19TH,ST,3,6766,77,A,0,,,
3067650028,11230,1558,E 19TH,ST,3,6765,28,A,1,,NON-EVICT COOP/CONDO,
3067650035,11230,1576,E 19TH,ST,3,6765,35,A,0,,,
3067650039,11230,1580,E 19TH,ST,3,6765,39,A,0,,,
3067657503,11230,1600,E 19TH,ST,3,6765,7503,A,0,421-A (16),GARDEN COMPLEX 421-A (16),
3065640018,11230,1386,E 2ND,ST,3,6564,18,B,0,,,
3065650073,11230,1397,E 2ND,ST,3,6565,73,A,0,,,
3065650068,11230,1415,E 2ND,ST,3,6565,68,A,0,,,
3065650062,11230,1431,E 2ND,ST,3,6565,62,A,0,,,
3065650052,11230,1447,E 2ND,ST,3,6565,52,A,0,,,
3065830048,11230,1546,E 2ND,ST,3,6583,48,A,0,,,
3065380038,11230,1366,E 3RD,ST,3,6538,38,A,0,,,
3065660054,11230,1463,E 3RD,ST,3,6566,54,A,0,,,
3066100055,11230,1679,E 3RD,ST,3,6610,55,A,0,,,
3065400027,11230,1345,E 4TH,ST,3,6540,27,A,0,,,1350 E 5TH ST
3065667501,11230,1390 TO 1400,E 4TH,ST,3,6566,7501,A,0,421-A (1-15),421-A (1-15),
3065660020,11230,1420 TO 1424,E 4TH,ST,3,6566,20,A,0,,,
3066100032,11230,1668,E 4TH,ST,3,6610,32,A,0,,,
3065030083,11230,909 TO 915,E 5TH,ST,3,6503,83,A,0,,,
3065010036,11230,950,E 5TH,ST,3,6501,36,A,0,,,
3054951014,11230,1275,E 5TH,ST,3,5495,1014,A,1,,NON-EVICT COOP/CONDO,
3065670025,11230,1428,E 5TH,ST,3,6567,25,A,0,,,
3066120063,11230,1685,E 5TH,ST,3,6612,63,A,0,,,
3064950001,11230,855,E 7TH,ST,3,6495,1,A,1,,NON-EVICT COOP/CONDO,
3064940051,11230,868,E 7TH,ST,3,6494,51,A,1,,NON-EVICT COOP/CONDO,
3064940025,11230,890 TO 892,E 7TH,ST,3,6494,25,A,0,,,
3066140064,11230,1665,E 7TH,ST,3,6614,64,A,0,,,
3054290044,11230,731 TO 733,E 8TH,ST,3,5429,44,A,0,,,
3065907501,11230,1489,E 8TH,ST,3,6590,7501,A,1,,NON-EVICT COOP/CONDO,
3066140017,11230,1530,E 8TH,ST,3,6614,17,A,0,,,
3064970065,11230,755,E 9TH,ST,3,6497,65,A,0,,,
3064970063,11230,761,E 9TH,ST,3,6497,63,A,0,,,
3064970062,11230,765,E 9TH,ST,3,6497,62,A,0,,,
3064970061,11230,767,E 9TH,ST,3,6497,61,A,0,,,
3064970060,11230,771,E 9TH,ST,3,6497,60,B,0,,,
3064970058,11230,773,E 9TH,ST,3,6497,58,A,0,,,
3065110012,11230,814 TO 830,E 9TH,ST,3,6511,12,A,0,,,
3065120075,11230,825,E 9TH,ST,3,6512,75,A,0,,,
3065710011,11230,1320,E 9TH,ST,3,6571,11,A,0,,,
3065710023,11230,1340 TO 1352,E 9TH,ST,3,6571,23,A,0,,,
3067430001,11230,1401,ELM,AVE,3,6743,1,A,0,,,
3065070001,11230,414,ELMWOOD,AVE,3,6507,1,A,1,,NON-EVICT COOP/CONDO,
3065030051,11230,505,ELMWOOD,AVE,3,6503,51,A,0,,,
3054260056,11230,201,FOSTER,AVE,3,5426,56,A,0,,GARDEN COMPLEX,
3054260045,11230,225,FOSTER,AVE,3,5426,45,A,0,,,
3054270068,11230,315,FOSTER,AVE,3,5427,68,A,0,,,
3065010013,11230,334,FOSTER,AVE,3,6501,13,A,0,,,
3065010018,11230,402,FOSTER,AVE,3,6501,18,A,0,,,
3054280092,11230,639,FOSTER,AVE,3,5428,92,A,0,421-A (16),421-A (16),
3064950005,11230,714,FOSTER,AVE,3,6495,5,A,0,,,
3054280039,11230,777,FOSTER,AVE,3,5428,39,A,0,,,
3064980001,11230,1002,FOSTER,AVE,3,6498,1,A,0,,,
3052320029,11230,1119,FOSTER,AVE,3,5232,29,A,0,,,
3052370036,11230,1611,FOSTER,AVE,3,5237,36,A,0,,,
3052180026,11230,1815 TO 1825,FOSTER,AVE,3,5218,26,A,1,,NON-EVICT COOP/CONDO,
3066860001,11230,1102 TO 1112,GLENWOOD,RD,3,6686,1,A,0,,,
3052400001,11230,1925,GLENWOOD,RD,3,5240,1,A,0,,,
3054220019,11230,84,LAWRENCE,AVE,3,5422,19,A,0,,,
3054190041,11230,85,LAWRENCE,AVE,3,5419,41,A,0,,,
3054190040,11230,87,LAWRENCE,AVE,3,5419,40,A,0,421-A (1-15),421-A (1-15),
3051490039,11230,89,LAWRENCE,AVE,3,5149,39,A,0,421-A (1-15),421-A (1-15),
3054230041,11230,196,LAWRENCE,AVE,3,5423,41,A,0,J-51,J-51,
3054240018,11230,242 TO 248,NEWKIRK,AVE,3,5424,18,A,0,421-A (1-15),GARDEN COMPLEX 421-A (1-15),
3052330001,11230,1212,NEWKIRK,AVE,3,5233,1,A,1,,NON-EVICT COOP/CONDO,
3052340001,11230,1302 TO 1318,NEWKIRK,AVE,3,5234,1,B,0,,,
3051990035,11230,1311 TO 1315,NEWKIRK,AVE,3,5199,35,A,0,,,
3051990032,11230,1319,NEWKIRK,AVE,3,5199,32,A,0,,,
3054170007,11230,629,OCEAN,PKWY,3,5417,7,A,0,,,
3054160062,11230,632,OCEAN,PKWY,3,5416,62,A,0,,,
3054160069,11230,644,OCEAN,PKWY,3,5416,69,A,0,,,
3054170001,11230,645,OCEAN,PKWY,3,5417,1,A,0,,,
3054210006,11230,665 TO 677,OCEAN,PKWY,3,5421,6,A,0,,,
3054210001,11230,679,OCEAN,PKWY,3,5421,1,A,0,,,
3054200058,11230,690,OCEAN,PKWY,3,5420,58,A,0,,,
3054230047,11230,706,OCEAN,PKWY,3,5423,47,A,0,421-A (1-15),421-A (1-15),
3054240001,11230,715,OCEAN,PKWY,3,5424,1,A,1,,NON-EVICT COOP/CONDO,
3054230049,11230,716 TO 726,OCEAN,PKWY,3,5423,49,A,0,,,
3065030008,11230,770,OCEAN,PKWY,3,6503,8,A,1,,NON-EVICT COOP/CONDO,
3064940037,11230,785,OCEAN,PKWY,3,6494,37,A,0,J-51,J-51,
3065030020,11230,800,OCEAN,PKWY,3,6503,20,A,1,,NON-EVICT COOP/CONDO,
3065090086,11230,815,OCEAN,PKWY,3,6509,86,A,0,421-A (1-15),421-A (1-15),
3065030030,11230,820,OCEAN,PKWY,3,6503,30,A,1,,NON-EVICT COOP/CONDO,
3065180005,11230,902,OCEAN,PKWY,3,6518,5,A,1,,NON-EVICT COOP/CONDO,
3065180059,11230,1000,OCEAN,PKWY,3,6518,59,A,0,,,
3052400110,11230,1080 TO 1090,OCEAN,AVE,3,5240,110,A,0,,,
3052400107,11230,1094 TO 1096,OCEAN,AVE,3,5240,107,A,0,,,
3052400102,11230,1100,OCEAN,AVE,3,5240,102,A,0,,,
3052410031,11230,1111,OCEAN,AVE,3,5241,31,A,1,,NON-EVICT COOP/CONDO,
3065320076,11230,1119,OCEAN,PKWY,3,6532,76,A,1,,COOP/CONDO PLAN FILE,
3052400043,11230,1122,OCEAN,AVE,3,5240,43,A,0,,,
3052410023,11230,1155,OCEAN,AVE,3,5241,23,A,1,,NON-EVICT COOP/CONDO,
3052400025,11230,1160,OCEAN,AVE,3,5240,25,A,1,,NON-EVICT COOP/CONDO,
3052410018,11230,1169,OCEAN,AVE,3,5241,18,A,0,,,
3052400017,11230,1170,OCEAN,AVE,3,5240,17,A,0,,,
3054951018,11230,1170,OCEAN,PKWY,3,5495,1018,A,1,,NON-EVICT COOP/CONDO,
3065320057,11230,1171 TO 1185,OCEAN,PKWY,3,6532,57,A,1,,NON-EVICT COOP/CONDO,
3052400011,11230,1176 TO 1186,OCEAN,AVE,3,5240,11,A,0,,,
3052410013,11230,1191,OCEAN,AVE,3,5241,13,A,0,,GARDEN COMPLEX,
3052410006,11230,1199,OCEAN,AVE,3,5241,6,A,0,,,
3065420001,11230,1201,OCEAN,PKWY,3,6542,1,A,0,,,
3075480038,11230,1215,OCEAN,AVE,3,7548,38,A,0,,,
3066940050,11230,1218 TO 1228,OCEAN,AVE,3,6694,50,A,0,,,
3065420070,11230,1225 TO 1255,OCEAN,PKWY,3,6542,70,A,0,,GARDEN COMPLEX,
3066940055,11230,1232 TO 1250,OCEAN,AVE,3,6694,55,A,0,,,
3075480033,11230,1233,OCEAN,AVE,3,7548,33,A,0,,,
3065410024,11230,1236,OCEAN,PKWY,3,6541,24,A,0,,,
3075480029,11230,1237 TO 1247,OCEAN,AVE,3,7548,29,B,0,,,
3075480024,11230,1249,OCEAN,AVE,3,7548,24,A,0,,,
3066940064,11230,1256,OCEAN,AVE,3,6694,64,B,0,,,
3075480020,11230,1261,OCEAN,AVE,3,7548,20,A,0,,,
3065410035,11230,1266,OCEAN,PKWY,3,6541,35,A,0,421-A (16),421-A (16),
3066940070,11230,1270,OCEAN,AVE,3,6694,70,B,0,,,
3075480015,11230,1271,OCEAN,AVE,3,7548,15,A,0,,,
3066940072,11230,1280,OCEAN,AVE,3,6694,72,A,0,,,
3075480006,11230,1287 TO 1299,OCEAN,AVE,3,7548,6,A,0,,,
3066940001,11230,1288 TO 1300,OCEAN,AVE,3,6694,1,A,0,,,
3067030052,11230,1306,OCEAN,AVE,3,6703,52,A,0,,,
3067030055,11230,1312 TO 1326,OCEAN,AVE,3,6703,55,A,0,421-A (1-15),421-A (1-15),
3065680015,11230,1314,OCEAN,PKWY,3,6568,15,A,0,,,
3075660020,11230,1347,OCEAN,AVE,3,7566,20,A,0,,,
3067030067,11230,1348 TO 1360,OCEAN,AVE,3,6703,67,A,0,,,
3065680027,11230,1350,OCEAN,PKWY,3,6568,27,A,0,,,
3065680033,11230,1360,OCEAN,PKWY,3,6568,33,A,1,,NON-EVICT COOP/CONDO,
3067030073,11230,1362,OCEAN,AVE,3,6703,73,A,0,,,
3067030078,11230,1374,OCEAN,AVE,3,6703,78,A,0,,,
3075660011,11230,1375,OCEAN,AVE,3,7566,11,A,1,,NON-EVICT COOP/CONDO,
3067120056,11230,1400,OCEAN,AVE,3,6712,56,A,0,,,
3075840035,11230,1401,OCEAN,AVE,3,7584,35,A,1,,NON-EVICT COOP/CONDO,
3067120066,11230,1412,OCEAN,AVE,3,6712,66,A,0,,,
3065870017,11230,1420,OCEAN,PKWY,3,6587,17,A,0,,,
3067120068,11230,1430 TO 1434,OCEAN,AVE,3,6712,68,A,0,,,
3067120076,11230,1438,OCEAN,AVE,3,6712,76,A,0,,,
3075840019,11230,1439 TO 1459,OCEAN,AVE,3,7584,19,A,0,,,
3065870027,11230,1440 TO 1452,OCEAN,PKWY,3,6587,27,A,0,,,
3075840012,11230,1463 TO 1479,OCEAN,AVE,3,7584,12,A,0,,,
3067120086,11230,1464,OCEAN,AVE,3,6712,86,A,0,,,
3067120090,11230,1480,OCEAN,AVE,3,6712,90,A,0,,,
3067120001,11230,1490,OCEAN,AVE,3,6712,1,A,0,,,
3067217501,11230,1494 TO 1504,OCEAN,AVE,3,6721,7501,A,1,,COOP/CONDO PLAN FILE,
3065870051,11230,1500,OCEAN,PKWY,3,6587,51,A,0,,,
3066130001,11230,1501,OCEAN,PKWY,3,6613,1,A,0,,,
3076020035,11230,1505,OCEAN,AVE,3,7602,35,A,0,,,
3067210053,11230,1506,OCEAN,AVE,3,6721,53,A,0,,,
3066120001,11230,1510,OCEAN,PKWY,3,6612,1,A,0,,GARDEN COMPLEX,
3067210058,11230,1520,OCEAN,AVE,3,6721,58,A,0,,,
3076020029,11230,1521,OCEAN,AVE,3,7602,29,A,0,,,
3067210062,11230,1524,OCEAN,AVE,3,6721,62,A,0,,,
3067210065,11230,1532,OCEAN,AVE,3,6721,65,A,0,,,
3076020022,11230,1535,OCEAN,AVE,3,7602,22,A,0,,,
3076020015,11230,1553,OCEAN,AVE,3,7602,15,A,0,,,
3067210070,11230,1554,OCEAN,AVE,3,6721,70,A,0,,,
3066120026,11230,1560,OCEAN,PKWY,3,6612,26,A,0,,,
3067210082,11230,1562,OCEAN,AVE,3,6721,82,A,0,,,
3076020006,11230,1569 TO 1587,OCEAN,AVE,3,7602,6,A,0,,,
3067210088,11230,1576,OCEAN,AVE,3,6721,88,A,0,,,
3076200041,11230,1589 TO 1607,OCEAN,AVE,3,7620,41,A,0,,,
3066120042,11230,1600,OCEAN,PKWY,3,6612,42,A,0,,,
3076200033,11230,1609,OCEAN,AVE,3,7620,33,A,0,,,
3067300063,11230,1620 TO 1630,OCEAN,AVE,3,6730,63,A,0,,,
3067300072,11230,1632 TO 1640,OCEAN,AVE,3,6730,72,A,0,,,
3076200014,11230,1641,OCEAN,AVE,3,7620,14,B,0,,,
3067300082,11230,1650,OCEAN,AVE,3,6730,82,B,0,,,
3067300001,11230,1672 TO 1680,OCEAN,AVE,3,6730,1,A,1,,NON-EVICT COOP/CONDO,
3076380036,11230,1685,OCEAN,AVE,3,7638,36,A,0,,,
3067390047,11230,1704 TO 1712,OCEAN,AVE,3,6739,47,A,0,,,
3067390057,11230,1730,OCEAN,AVE,3,6739,57,A,0,421-A (16),421-A (16),
3067390019,11230,1740,OCEAN,AVE,3,6739,19,A,0,,,1265 E 19TH ST
3067480014,11230,1800,OCEAN,AVE,3,6748,14,A,0,421-A (16),421-A (16),
3076560042,11230,1801,OCEAN,AVE,3,7656,42,A,1,,NON-EVICT COOP/CONDO,
3067480016,11230,1806,OCEAN,AVE,3,6748,16,A,0,,,
3067480026,11230,1818,OCEAN,AVE,3,6748,26,A,0,,,1919 BAY AVE
3076560058,11230,1825,OCEAN,AVE,3,7656,58,A,0,421-A (1-15),421-A (1-15),
3076560061,11230,1833 TO 1845,OCEAN,AVE,3,7656,61,A,0,,,
3067480037,11230,1850,OCEAN,AVE,3,6748,37,A,0,,,
3067480040,11230,1854,OCEAN,AVE,3,6748,40,B,0,,,
3076560073,11230,1865,OCEAN,AVE,3,7656,73,A,0,,,
3067480045,11230,1866,OCEAN,AVE,3,6748,45,A,0,,,
3076740039,11230,1877 TO 1891,OCEAN,AVE,3,7674,39,A,0,,,
3067570015,11230,1890 TO 1894,OCEAN,AVE,3,6757,15,A,0,,,
3076740030,11230,1903,OCEAN,AVE,3,7674,30,A,0,,,
3076740021,11230,1925,OCEAN,AVE,3,7674,21,A,0,,,
3067570031,11230,1928 TO 1940,OCEAN,AVE,3,6757,31,A,0,,,
3076740018,11230,1941,OCEAN,AVE,3,7674,18,A,0,,,
3076740017,11230,1945,OCEAN,AVE,3,7674,17,A,0,,,
3076740009,11230,1947,OCEAN,AVE,3,7674,9,A,0,,,
3076740004,11230,1967 TO 1975,OCEAN,AVE,3,7674,4,A,0,,,
3067670001,11230,1985,OCEAN,AVE,3,6767,1,B,0,,,
3067660014,11230,1996,OCEAN,AVE,3,6766,14,A,0,,,
3067677502,11230,1997,OCEAN,AVE,3,6767,7502,A,0,,,
3067660018,11230,2000,OCEAN,AVE,3,6766,18,A,0,,,
3067660022,11230,2010,OCEAN,AVE,3,6766,22,A,0,J-51,J-51,
3067670080,11230,2011,OCEAN,AVE,3,6767,80,A,0,,,
3067660030,11230,2026,OCEAN,AVE,3,6766,30,A,0,,,
3067670074,11230,2031 TO 2033,OCEAN,AVE,3,6767,74,A,0,,,
3067670070,11230,2037 TO 2045,OCEAN,AVE,3,6767,70,A,0,421-A (16),421-A (16),
3067670066,11230,2047 TO 2055,OCEAN,AVE,3,6767,66,A,0,,,
3067670064,11230,2059,OCEAN,AVE,3,6767,64,A,0,,,
3067660040,11230,2060,OCEAN,AVE,3,6766,40,A,0,,,
3067670059,11230,2065,OCEAN,AVE,3,6767,59,A,0,,,
3067660051,11230,2080,OCEAN,AVE,3,6766,51,A,0,,,
3054220050,11230,49,PARKVILLE,AVE,3,5422,50,A,0,,,
3054280016,11230,210,PARKVILLE,AVE,3,5428,16,A,0,421-A (16),GARDEN COMPLEX 421-A (16),
3054240080,11230,229,PARKVILLE,AVE,3,5424,80,A,0,,,
3054280031,11230,250,PARKVILLE,AVE,3,5428,31,A,0,,,
3051990030,11230,584,RUGBY,RD,3,5199,30,A,0,,,
3052350052,11230,605,RUGBY,RD,3,5235,52,B,0,,,
3052350049,11230,607,RUGBY,RD,3,5235,49,A,0,,,
3052340016,11230,608,RUGBY,RD,3,5234,16,A,0,J-51,J-51,
3052350046,11230,615,RUGBY,RD,3,5235,46,A,0,,,
3052350040,11230,619,RUGBY,RD,3,5235,40,A,0,,,
3052340021,11230,630,RUGBY,RD,3,5234,21,A,0,,,630 E 14TH ST
3054390074,11230,13,WEBSTER,AVE,3,5439,74,A,0,,,
3054190011,11230,78,WEBSTER,AVE,3,5419,11,A,0,,,
3054160119,11230,121,WEBSTER,AVE,3,5416,119,A,0,,,
3054160117,11230,127,WEBSTER,AVE,3,5416,117,A,0,,,
3054217501,11230,248 TO 270,WEBSTER,AVE,3,5421,7501,A,0,,,
3054170053,11230,287,WEBSTER,AVE,3,5417,53,A,0,,,
3054170045,11230,303,WEBSTER,AVE,3,5417,45,A,0,,,
3054250001,11230,340,WEBSTER,AVE,3,5425,1,A,0,,,
3054180049,11230,345,WEBSTER,AVE,3,5418,49,A,1,,NON-EVICT COOP/CONDO,
3051970040,11230,570,WESTMINSTER,RD,3,5197,40,A,1,,NON-EVICT COOP/CONDO,
3052330044,11230,615,WESTMINSTER,RD,3,5233,44,A,0,,,
3003550044,11231,11,1ST,PL,3,355,44,A,0,,GARDEN COMPLEX,
3003610022,11231,88,1ST,PL,3,361,22,A,0,,,
3004590014,11231,120,1ST,PL,3,459,14,A,0,,,
3003667502,11231,74 TO 76,2ND,PL,3,366,7502,A,1,,NON-EVICT COOP/CONDO,
3003610039,11231,83,2ND,PL,3,361,39,A,0,,,
3003610038,11231,85,2ND,PL,3,361,38,A,0,,,
3004647502,11231,24,3RD,ST,3,464,7502,A,1,,COOP/CONDO PLAN FILE,
3004647503,11231,26,3RD,ST,3,464,7503,A,1,,COOP/CONDO PLAN FILE,
3004640024,11231,30,3RD,ST,3,464,24,A,0,,,
3004640030,11231,44,3RD,ST,3,464,30,A,0,,,
3004600038,11231,51,3RD,ST,3,460,38,A,1,,NON-EVICT COOP/CONDO,
3004600036,11231,53,3RD,ST,3,460,36,A,0,,,
3003660049,11231,61,3RD,PL,3,366,49,A,0,,,
3003710019,11231,74 TO 76,3RD,PL,3,371,19,A,0,,,
3004610059,11231,79 TO 83,3RD,ST,3,461,59,A,0,,GARDEN COMPLEX ARTICLE 11,
3004630043,11231,103,3RD,PL,3,463,43,A,0,,,
3004630042,11231,105,3RD,PL,3,463,42,A,0,,,
3004630032,11231,121,3RD,PL,3,463,32,A,0,,,
3004630031,11231,123,3RD,PL,3,463,31,A,0,,,
3003700054,11231,5,4TH,PL,3,370,54,A,0,,,
3003700052,11231,9,4TH,PL,3,370,52,A,0,,,
3003700051,11231,11,4TH,PL,3,370,51,A,0,,,
3004680023,11231,34,4TH,ST,3,468,23,A,0,,,
3003710062,11231,61,4TH,PL,3,371,62,A,0,,,
3003740016,11231,68,4TH,PL,3,374,16,A,0,,,
3003740017,11231,70,4TH,PL,3,374,17,A,0,,,
3003710050,11231,81,4TH,PL,3,371,50,A,0,,,
3004670046,11231,111,4TH,PL,3,467,46,A,0,,,
3004670044,11231,115,4TH,PL,3,467,44,A,0,,,
3004670043,11231,117,4TH,PL,3,467,43,B,0,,,
3004700013,11231,120,4TH,PL,3,470,13,A,0,,,
3004370039,11231,322 TO 324,BOND,ST,3,437,39,A,0,,,
3004520001,11231,363,BOND,ST,3,452,1,A,0,421-A (1-15),421-A (1-15),
3004580001,11231,365 TO 379,BOND,ST,3,458,1,A,0,,,
3004030069,11231,81,BUTLER,ST,3,403,69,A,0,421-A (1-15),421-A (1-15),
3004030068,11231,83,BUTLER,ST,3,403,68,A,0,,,
3003470048,11231,39,CARROLL,ST,3,347,48,A,0,421-A (1-15),421-A (1-15),
3003490031,11231,129,CARROLL,ST,3,349,31,A,0,,,
3003507502,11231,149 TO 151,CARROLL,ST,3,350,7502,A,0,,,
3003550009,11231,154,CARROLL,ST,3,355,9,A,0,,,
3003500046,11231,159,CARROLL,ST,3,350,46,A,0,,,
3004490012,11231,239,CARROLL,ST,3,449,12,A,0,,SECTION 610 OF PHFL,
3004510008,11231,314,CARROLL,ST,3,451,8,A,0,,,
3003210053,11231,30 TO 32,CHEEVER,PL,3,321,53,A,0,,,
3003220009,11231,43,CHEEVER,PL,3,322,9,A,0,,,
3003220007,11231,45,CHEEVER,PL,3,322,7,A,0,,,
3003390008,11231,383,CLINTON,ST,3,339,8,A,0,,,
3003390004,11231,387,CLINTON,ST,3,339,4,A,0,,,
3003390003,11231,389,CLINTON,ST,3,339,3,A,0,,,
3003450001,11231,409,CLINTON,ST,3,345,1,A,0,,,227 PRESIDENT ST
3003517502,11231,411 TO 413,CLINTON,ST,3,351,7502,A,0,,,
3003510004,11231,419,CLINTON,ST,3,351,4,A,0,,,
3003500024,11231,420,CLINTON,ST,3,350,24,A,0,,,
3003660004,11231,469,CLINTON,ST,3,366,4,A,0,,,
3005870041,11231,86 TO 94,COFFEY,ST,3,587,41,A,0,,,
3005980017,11231,91,COFFEY,ST,3,598,17,A,0,,,
3005970018,11231,125,COFFEY,ST,3,597,18,A,0,421-A (1-15),421-A (1-15),
3003190031,11231,129,COLUMBIA,ST,3,319,31,A,0,,,
3003190030,11231,131,COLUMBIA,ST,3,319,30,A,0,,,
3003190025,11231,143,COLUMBIA,ST,3,319,25,A,0,,,
3003190020,11231,149,COLUMBIA,ST,3,319,20,A,0,,,
3003190019,11231,151,COLUMBIA,ST,3,319,19,A,0,,,
3003190015,11231,159,COLUMBIA,ST,3,319,15,A,0,,,
3003190011,11231,165,COLUMBIA,ST,3,319,11,A,0,,,
3003300009,11231,189,COLUMBIA,ST,3,330,9,A,0,,,
3003300008,11231,191,COLUMBIA,ST,3,330,8,A,0,,,
3003300007,11231,193,COLUMBIA,ST,3,330,7,A,0,,,
3003300006,11231,195,COLUMBIA,ST,3,330,6,A,0,,,
3003300003,11231,201,COLUMBIA,ST,3,330,3,A,0,,,
3003360007,11231,213,COLUMBIA,ST,3,336,7,A,0,421-A (1-15),GARDEN COMPLEX 421-A (1-15),
3003587501,11231,295,COLUMBIA,ST,3,358,7501,A,0,421-A (1-15),421-A (1-15),
3003577501,11231,296 TO 298,COLUMBIA,ST,3,357,7501,A,0,,,
3005130004,11231,371,COLUMBIA,ST,3,513,4,A,0,,,
3005340010,11231,421,COLUMBIA,ST,3,534,10,A,0,,,28 HUNTINGTON ST
3005340004,11231,433,COLUMBIA,ST,3,534,4,A,0,421-A (1-15),GARDEN COMPLEX 421-A (1-15),
3005540028,11231,144,CONOVER,ST,3,554,28,A,0,,,
3005650001,11231,165,CONOVER,ST,3,565,1,A,0,,,
3003260046,11231,268,COURT,ST,3,326,46,A,0,,,
3003260055,11231,286,COURT,ST,3,326,55,A,0,,,
3003510031,11231,378,COURT,ST,3,351,31,A,0,,,
3003510034,11231,384,COURT,ST,3,351,34,A,0,,,
3004670005,11231,437 TO 439,COURT,ST,3,467,5,A,0,,,
3004700008,11231,451,COURT,ST,3,470,8,A,0,,,
3004740107,11231,485,COURT,ST,3,474,107,A,0,,,
3004740006,11231,487,COURT,ST,3,474,6,A,0,,,
3004767501,11231,499 TO 505,COURT,ST,3,476,7501,A,1,,NON-EVICT COOP/CONDO,
3005620027,11231,584,COURT,ST,3,562,27,A,0,,,
3004140063,11231,295,DEGRAW,ST,3,414,63,A,0,,,
3005870020,11231,83,DIKEMAN,ST,3,587,20,B,0,421-A (1-15),GARDEN COMPLEX 421-A (1-15),
3005860021,11231,107 TO 109,DIKEMAN,ST,3,586,21,A,0,,,
3005860013,11231,131,DIKEMAN,ST,3,586,13,A,0,,,
3005750037,11231,134,DIKEMAN,ST,3,575,37,A,0,,,
3005750038,11231,136,DIKEMAN,ST,3,575,38,A,0,,,
3005740037,11231,164,DIKEMAN,ST,3,574,37,A,0,,,
3004090001,11231,63 TO 67,DOUGLASS,ST,3,409,1,A,0,,,
3004150015,11231,74,DOUGLASS,ST,3,415,15,A,0,,,
3004150016,11231,76,DOUGLASS,ST,3,415,16,B,0,,NONE GARDEN COMPLEX,
3004090059,11231,79,DOUGLASS,ST,3,409,59,A,0,,,
3005240010,11231,9 TO 19,DWIGHT,ST,3,524,10,B,0,,GARDEN COMPLEX,
3004790012,11231,30,GARNET,ST,3,479,12,A,0,,,
3004790014,11231,34,GARNET,ST,3,479,14,A,0,,GARDEN COMPLEX,
3004780035,11231,51,GARNET,ST,3,478,35,A,0,,,
3003230029,11231,439,HENRY,ST,3,323,29,A,0,,,
3003320006,11231,503,HENRY,ST,3,332,6,A,0,,,
3003320004,11231,507,HENRY,ST,3,332,4,A,0,,,
3003320002,11231,509,HENRY,ST,3,332,2,A,0,,,
3003490025,11231,542 TO 546,HENRY,ST,3,349,25,A,0,J-51,J-51,
3003700002,11231,637,HENRY,ST,3,370,2,B,0,,,
3003730006,11231,661,HENRY,ST,3,373,6,A,0,,,
3005260029,11231,692,HENRY,ST,3,526,29,B,0,,,
3005260030,11231,694,HENRY,ST,3,526,30,A,0,,,
3005360008,11231,709,HENRY,ST,3,536,8,B,0,,,
3005360006,11231,713,HENRY,ST,3,536,6,A,0,,,
3005360003,11231,719,HENRY,ST,3,536,3,A,0,,,
3005360001,11231,721,HENRY,ST,3,536,1,A,0,,,
3005390021,11231,722,HENRY,ST,3,539,21,A,0,,GARDEN COMPLEX,
3003210029,11231,471,HICKS,ST,3,321,29,A,0,,,
3003210025,11231,475A,HICKS,ST,3,321,25,A,0,,,
3003590047,11231,639,HICKS,ST,3,359,47,A,0,,,
3005800024,11231,832 TO 838,HICKS,ST,3,580,24,A,0,421-A (1-15),421-A (1-15),
3005340022,11231,30,HUNTINGTON,ST,3,534,22,A,0,,,
3003090041,11231,107,KANE,ST,3,309,41,A,0,,,
3003090035,11231,115,KANE,ST,3,309,35,A,0,,,
3003110036,11231,197,KANE,ST,3,311,36,A,0,,,
3003120038,11231,251,KANE,ST,3,312,38,A,0,,,
3003120036,11231,253,KANE,ST,3,312,36,A,0,,,
3005800025,11231,80 TO 88,LORRAINE,ST,3,580,25,A,0,421-A (1-15),421-A (1-15),
3003730049,11231,89,LUQUER,ST,3,373,49,A,0,,,
3003730046,11231,93,LUQUER,ST,3,373,46,A,0,,,
3003760021,11231,100,LUQUER,ST,3,376,21,A,0,,,
3003730043,11231,105,LUQUER,ST,3,373,43,A,0,,ROOMING HOUSE,
3003760023,11231,108,LUQUER,ST,3,376,23,A,0,,,
3003770010,11231,134,LUQUER,ST,3,377,10,A,0,,,
3004700037,11231,195,LUQUER,ST,3,470,37,A,0,,,
3004700033,11231,205,LUQUER,ST,3,470,33,A,0,,,
3005260015,11231,60,NELSON,ST,3,526,15,A,0,,,
3005260020,11231,68,NELSON,ST,3,526,20,A,0,,,
3005260023,11231,74,NELSON,ST,3,526,23,A,0,,,
3003480014,11231,104,PRESIDENT,ST,3,348,14,A,0,,,
3003480015,11231,106,PRESIDENT,ST,3,348,15,A,0,,,
3003490008,11231,148,PRESIDENT,ST,3,349,8,A,0,,,
3003430036,11231,159,PRESIDENT,ST,3,343,36,A,0,,,
3003490017,11231,166,PRESIDENT,ST,3,349,17,A,0,,,
3003490018,11231,168,PRESIDENT,ST,3,349,18,A,0,,,
3003500015,11231,198,PRESIDENT,ST,3,350,15,A,0,,,
3003440048,11231,199 TO 201,PRESIDENT,ST,3,344,48,A,0,,,
3003510007,11231,230,PRESIDENT,ST,3,351,7,A,0,,,
3003510013,11231,240,PRESIDENT,ST,3,351,13,A,0,,,
3003510014,11231,242,PRESIDENT,ST,3,351,14,A,0,,,
3003510015,11231,244,PRESIDENT,ST,3,351,15,A,0,,,
3003510016,11231,246,PRESIDENT,ST,3,351,16,A,0,,,
3004350001,11231,274,PRESIDENT,ST,3,435,1,A,0,,SECTION 610 OF PHFL,361 COURT ST
3005560024,11231,142,RICHARDS,ST,3,556,24,A,0,421-A (16),421-A (16),
3003370010,11231,190,SACKETT,ST,3,337,10,B,0,,,
3003370013,11231,196,SACKETT,ST,3,337,13,A,0,,,
3003370015,11231,200,SACKETT,ST,3,337,15,A,0,,,
3003320052,11231,213,SACKETT,ST,3,332,52,A,0,,SECTION 610 OF PHFL,
3003380011,11231,222,SACKETT,ST,3,338,11,A,0,,,
3003380014,11231,228,SACKETT,ST,3,338,14,A,0,,,
3003380015,11231,230,SACKETT,ST,3,338,15,A,0,,,
3003320042,11231,233,SACKETT,ST,3,332,42,A,0,,,
3003380020,11231,236,SACKETT,ST,3,338,20,A,0,,,
3003390011,11231,272,SACKETT,ST,3,339,11,A,0,,,
3003390012,11231,276,SACKETT,ST,3,339,12,A,0,,,
3004280009,11231,310 TO 316,SACKETT,ST,3,428,9,A,0,,,325 COURT ST
3004280015,11231,326,SACKETT,ST,3,428,15,A,0,,,
3004290011,11231,376,SACKETT,ST,3,429,11,A,0,,,
3004290013,11231,378,SACKETT,ST,3,429,13,A,0,,,
3004090006,11231,231,SMITH,ST,3,409,6,A,0,,,
3004590024,11231,360,SMITH,ST,3,459,24,A,0,421-A (1-15),421-A (1-15),131 2ND PL
3004640001,11231,401,SMITH,ST,3,464,1,A,0,,,
3004680002,11231,421,SMITH,ST,3,468,2,A,0,,GARDEN COMPLEX,
3004787504,11231,478,SMITH,ST,3,478,7504,A,0,,,
3005560032,11231,46 TO 54,SULLIVAN,ST,3,556,32,A,0,,,
3005560040,11231,66,SULLIVAN,ST,3,556,40,A,0,,,
3005550034,11231,114,SULLIVAN,ST,3,555,34,A,0,,,
3005550035,11231,116,SULLIVAN,ST,3,555,35,A,0,,,
3003590016,11231,150,SUMMIT,ST,3,359,16,A,0,,,
3003190049,11231,16,TIFFANY,PL,3,319,49,A,0,,,
3003190050,11231,18,TIFFANY,PL,3,319,50,A,0,J-51,J-51,
3003207502,11231,63,TIFFANY,PL,3,320,7502,A,1,,NON-EVICT COOP/CONDO,
3003410018,11231,82,UNION,ST,3,341,18,A,0,,,
3003420018,11231,132,UNION,ST,3,342,18,A,0,,,
3003420021,11231,138,UNION,ST,3,342,21,A,0,,,
3003360041,11231,143,UNION,ST,3,336,41,A,0,,,
3003430013,11231,170,UNION,ST,3,343,13,A,0,,,
3003430015,11231,172,UNION,ST,3,343,15,A,0,,,
3003430016,11231,174,UNION,ST,3,343,16,A,0,,,
3003430018,11231,176,UNION,ST,3,343,18,A,0,,,
3003430021,11231,180,UNION,ST,3,343,21,A,0,,,
3003390051,11231,269,UNION,ST,3,339,51,A,0,,,
3004280049,11231,329,UNION,ST,3,428,49,A,0,,,
3004360020,11231,356,UNION,ST,3,436,20,A,0,,,
3004360022,11231,360,UNION,ST,3,436,22,A,0,,,
3004360026,11231,366 TO 368,UNION,ST,3,436,26,A,0,,,
3004367501,11231,370 TO 372,UNION,ST,3,436,7501,A,1,,NON-EVICT COOP/CONDO,
3003410002,11231,115,VAN BRUNT,ST,3,341,2,A,0,,,
3005110001,11231,217,VAN BRUNT,ST,3,511,1,B,0,,,
3005180007,11231,221,VAN BRUNT,ST,3,518,7,A,0,J-51,GARDEN COMPLEX J-51,
3005180006,11231,223,VAN BRUNT,ST,3,518,6,A,0,,,
3005450021,11231,326,VAN BRUNT,ST,3,545,21,A,0,,,
3005760006,11231,351,VAN BRUNT,ST,3,576,6,A,0,,,
3005650025,11231,368,VAN BRUNT,ST,3,565,25,A,0,,,
3005970025,11231,414,VAN BRUNT,ST,3,597,25,A,0,,GARDEN COMPLEX,
3005970026,11231,416,VAN BRUNT,ST,3,597,26,A,0,,GARDEN COMPLEX,
3006040002,11231,417,VAN BRUNT,ST,3,604,2,A,0,,,
3005240001,11231,2 TO 12,VERONA,ST,3,524,1,A,0,,,
3005300011,11231,89,VERONA,ST,3,530,11,A,0,,,
3005300010,11231,91,VERONA,ST,3,530,10,A,0,,,
3005310022,11231,71 TO 81,VISITATION,PL,3,531,22,A,0,,,
3005310018,11231,83 TO 99,VISITATION,PL,3,531,18,A,0,,,
3005390014,11231,64 TO 78,W 9TH,ST,3,539,14,A,0,,,
3003810041,11231,165 TO 167,W 9TH,ST,3,381,41,A,0,421-A (1-15),421-A (1-15),
3004780020,11231,198,W 9TH,ST,3,478,20,A,0,,,
3004780021,11231,200,W 9TH,ST,3,478,21,A,0,,,
3003630020,11231,40,WOODHULL,ST,3,363,20,A,0,421-A (1-15),421-A (1-15),
3003590045,11231,67 TO 69,WOODHULL,ST,3,359,45,A,0,,,
3006330048,11232,151,19TH,ST,3,633,48,A,0,,,
3006370019,11232,198,19TH,ST,3,637,19,A,0,421-A (1-15),421-A (1-15),
3006340053,11232,223,19TH,ST,3,634,53,B,0,,,
3006390023,11232,146,20TH,ST,3,639,23,A,0,,,
3006390134,11232,168,20TH,ST,3,639,134,A,0,,,
3006370077,11232,185,20TH,ST,3,637,77,A,0,,,
3006370076,11232,187,20TH,ST,3,637,76,A,0,421-A (16),421-A (16),
3006370073,11232,189,20TH,ST,3,637,73,A,0,,,
3006370060,11232,219,20TH,ST,3,637,60,A,0,,,
3006420024,11232,150,21ST,ST,3,642,24,A,0,,,
3006420033,11232,168,21ST,ST,3,642,33,A,0,,,
3006430011,11232,194,21ST,ST,3,643,11,A,0,421-A (16),421-A (16),
3006400053,11232,209,21ST,ST,3,640,53,A,0,,,
3006430021,11232,210,21ST,ST,3,643,21,A,0,,,
3006430023,11232,214,21ST,ST,3,643,23,A,0,,,
3006400050,11232,215,21ST,ST,3,640,50,A,0,,GARDEN COMPLEX,
3006460016,11232,190,22ND,ST,3,646,16,A,0,,,
3006460018,11232,194,22ND,ST,3,646,18,A,0,421-A (1-15),421-A (1-15),
3006430062,11232,203,22ND,ST,3,643,62,A,0,,,
3006450067,11232,129,23RD,ST,3,645,67,A,0,,,713 3RD AVE
3006480019,11232,136,23RD,ST,3,648,19,A,0,,,
3006450061,11232,141,23RD,ST,3,645,61,A,0,,,
3006450060,11232,143,23RD,ST,3,645,60,A,0,,,
3006480022,11232,144,23RD,ST,3,648,22,A,0,,,
3006480030,11232,160,23RD,ST,3,648,30,A,0,,,
3006480032,11232,164,23RD,ST,3,648,32,A,0,,,
3006480033,11232,166,23RD,ST,3,648,33,A,0,,,
3006450046,11232,169,23RD,ST,3,645,46,A,0,,,
3006460071,11232,187,23RD,ST,3,646,71,A,0,421-A (1-15),421-A (1-15),
3006460067,11232,195,23RD,ST,3,646,67,A,0,,,
3006490019,11232,202,23RD,ST,3,649,19,A,0,,,
3006490020,11232,204,23RD,ST,3,649,20,A,0,,,
3006460054,11232,221,23RD,ST,3,646,54,A,0,,,
3006460048,11232,233,23RD,ST,3,646,48,A,0,,,
3006480056,11232,205,24TH,ST,3,648,56,A,0,,,
3006480055,11232,209,24TH,ST,3,648,55,A,0,,,
3006510021,11232,214,24TH,ST,3,651,21,B,0,,,
3006480049,11232,223,24TH,ST,3,648,49,A,0,,,
3006480048,11232,225,24TH,ST,3,648,48,A,0,,,
3006570018,11232,158,26TH,ST,3,657,18,A,0,,,
3006580008,11232,204,26TH,ST,3,658,8,A,0,,,
3006580024,11232,234,26TH,ST,3,658,24,A,0,,,
3006580025,11232,236,26TH,ST,3,658,25,A,0,,,
3006580026,11232,238,26TH,ST,3,658,26,A,0,,,
3006600034,11232,188,27TH,ST,3,660,34,A,0,,,
3006640029,11232,154,28TH,ST,3,664,29,A,0,,,
3006680011,11232,122,29TH,ST,3,668,11,B,0,,,
3006680012,11232,124,29TH,ST,3,668,12,A,0,,,
3006680013,11232,126,29TH,ST,3,668,13,A,0,,,
3006680015,11232,130,29TH,ST,3,668,15,A,0,,GARDEN COMPLEX,
3006680016,11232,132,29TH,ST,3,668,16,A,0,,,
3006680017,11232,134,29TH,ST,3,668,17,A,0,,,
3006680018,11232,138,29TH,ST,3,668,18,A,0,,,
3006680019,11232,140,29TH,ST,3,668,19,A,0,,,
3006640052,11232,141,29TH,ST,3,664,52,A,0,,,
3006640051,11232,143,29TH,ST,3,664,51,A,0,,GARDEN COMPLEX,
3006680027,11232,150,29TH,ST,3,668,27,A,0,,,
3006680028,11232,152,29TH,ST,3,668,28,A,0,,,
3006650001,11232,171,29TH,ST,3,665,1,A,0,,,
3006650073,11232,173,29TH,ST,3,665,73,A,0,,,
3006690062,11232,199,30TH,ST,3,669,62,A,0,,GARDEN COMPLEX,
3006690058,11232,203,30TH,ST,3,669,58,A,0,,GARDEN COMPLEX,
3006690055,11232,205 TO 207,30TH,ST,3,669,55,A,0,,GARDEN COMPLEX,
3006690052,11232,209,30TH,ST,3,669,52,A,0,,,
3006760011,11232,122,31ST,ST,3,676,11,A,0,,,
3006770006,11232,170,31ST,ST,3,677,6,A,0,,,
3006770008,11232,174,31ST,ST,3,677,8,B,0,,,
3006840015,11232,122,33RD,ST,3,684,15,A,0,,,
3006840016,11232,124,33RD,ST,3,684,16,A,0,,,
3006840018,11232,130,33RD,ST,3,684,18,A,0,,,
3006840022,11232,136,33RD,ST,3,684,22,A,0,,,
3006850012,11232,178,33RD,ST,3,685,12,A,0,,,
3006850013,11232,180,33RD,ST,3,685,13,A,0,,,
3006810052,11232,215,33RD,ST,3,681,52,B,0,,,
3006840050,11232,165,34TH,ST,3,684,50,B,0,,,
3006840040,11232,175,34TH,ST,3,684,40,A,0,,,
3006970010,11232,406,36TH,ST,3,697,10,A,0,,,
3006970026,11232,442,36TH,ST,3,697,26,A,0,,,
3006970027,11232,444,36TH,ST,3,697,27,A,0,,,
3007000012,11232,318,37TH,ST,3,700,12,A,0,,,
3006960057,11232,325,37TH,ST,3,696,57,A,0,,,
3006960055,11232,329,37TH,ST,3,696,55,A,0,,,
3007000017,11232,332,37TH,ST,3,700,17,A,0,,,
3007080034,11232,366,39TH,ST,3,708,34,B,0,,GARDEN COMPLEX,
3007090015,11232,426,39TH,ST,3,709,15,A,0,,GARDEN COMPLEX,
3007090020,11232,438,39TH,ST,3,709,20,A,0,,GARDEN COMPLEX,
3007050060,11232,441,39TH,ST,3,705,60,A,0,,,
3007050049,11232,465,39TH,ST,3,705,49,A,0,,,
3007050047,11232,471,39TH,ST,3,705,47,A,0,,,
3009030168,11232,505,39TH,ST,3,903,168,B,0,,GARDEN COMPLEX,
3009130012,11232,514,39TH,ST,3,913,12,A,0,,,
3009130013,11232,518,39TH,ST,3,913,13,A,0,,,
3009130014,11232,520,39TH,ST,3,913,14,A,0,,,
3009130015,11232,524,39TH,ST,3,913,15,A,0,,,
3009130016,11232,526,39TH,ST,3,913,16,A,0,,,
3009130017,11232,530,39TH,ST,3,913,17,B,0,,,
3009130018,11232,532,39TH,ST,3,913,18,A,0,,,
3009030150,11232,543,39TH,ST,3,903,150,A,0,,,
3009030142,11232,559,39TH,ST,3,903,142,A,0,,STBLZD GARDEN COMPLEX,
3009030140,11232,565,39TH,ST,3,903,140,A,0,,,
3009130030,11232,568,39TH,ST,3,913,30,A,0,,,
3009030138,11232,571,39TH,ST,3,903,138,A,0,,,
3009130032,11232,576,39TH,ST,3,913,32,B,0,,GARDEN COMPLEX,
3009140030,11232,666,39TH,ST,3,914,30,A,0,,,
3009150026,11232,760,39TH,ST,3,915,26,A,0,,,
3009080145,11232,881,39TH,ST,3,908,145,A,0,,,
3007070042,11232,3914,3RD,AVE,3,707,42,B,0,,,
3007070044,11232,3918 TO 3920,3RD,AVE,3,707,44,A,0,,,
3007090069,11232,411,40TH,ST,3,709,69,A,0,,,
3007090058,11232,417 TO 441,40TH,ST,3,709,58,A,0,,,
3007140014,11232,420,40TH,ST,3,714,14,B,0,,,
3007140017,11232,442,40TH,ST,3,714,17,A,0,,,
3007140019,11232,444,40TH,ST,3,714,19,A,0,,,
3007140021,11232,446,40TH,ST,3,714,21,A,0,,,
3007140025,11232,450,40TH,ST,3,714,25,A,0,,,
3007090057,11232,451,40TH,ST,3,709,57,A,0,,,
3007140027,11232,452,40TH,ST,3,714,27,A,0,,,
3007090055,11232,453,40TH,ST,3,709,55,A,0,,,
3007090053,11232,455,40TH,ST,3,709,53,A,0,,,
3007140031,11232,456,40TH,ST,3,714,31,A,0,,,
3007090051,11232,457,40TH,ST,3,709,51,A,0,,,
3007090049,11232,459,40TH,ST,3,709,49,A,0,,GARDEN COMPLEX,
3007140032,11232,460,40TH,ST,3,714,32,A,0,,,
3007090048,11232,463,40TH,ST,3,709,48,A,0,,,
3007140033,11232,464,40TH,ST,3,714,33,A,0,,,
3007090047,11232,467,40TH,ST,3,709,47,A,0,,,
3007140035,11232,468,40TH,ST,3,714,35,A,0,,,
3007090046,11232,471,40TH,ST,3,709,46,A,0,,,
3007140036,11232,472,40TH,ST,3,714,36,A,0,,,
3009130001,11232,505,40TH,ST,3,913,1,A,0,,,3921 5TH AVE
3009170010,11232,506,40TH,ST,3,917,10,A,0,,,4001 5TH AVE
3009170016,11232,524,40TH,ST,3,917,16,A,0,,,
3009170017,11232,526,40TH,ST,3,917,17,A,0,,,
3009170018,11232,528,40TH,ST,3,917,18,A,0,,,
3009170019,11232,530,40TH,ST,3,917,19,A,0,,,
3009170020,11232,532,40TH,ST,3,917,20,A,0,,,
3009170120,11232,536,40TH,ST,3,917,120,A,0,,,
3009170021,11232,540,40TH,ST,3,917,21,A,0,,,
3009170025,11232,550,40TH,ST,3,917,25,A,0,,,
3009170029,11232,562,40TH,ST,3,917,29,A,0,,,
3009140001,11232,601,40TH,ST,3,914,1,A,0,,GARDEN COMPLEX,
3009180012,11232,614,40TH,ST,3,918,12,A,0,,GARDEN COMPLEX,
3009140056,11232,639,40TH,ST,3,914,56,A,0,,,
3009140044,11232,673,40TH,ST,3,914,44,A,0,,,
3009190015,11232,724,40TH,ST,3,919,15,B,0,,,
3009150051,11232,741,40TH,ST,3,915,51,A,0,421-A (1-15),421-A (1-15),
3009190026,11232,754,40TH,ST,3,919,26,A,0,421-A (1-15),421-A (1-15),
3009150042,11232,767,40TH,ST,3,915,42,A,0,,,
3009150041,11232,769,40TH,ST,3,915,41,A,0,,,
3009200011,11232,814,40TH,ST,3,920,11,A,0,,,
3009200023,11232,850 TO 860,40TH,ST,3,920,23,A,0,,,
3009160047,11232,863,40TH,ST,3,916,47,A,0,,,
3009160146,11232,865,40TH,ST,3,916,146,A,0,,,
3009160046,11232,869,40TH,ST,3,916,46,A,0,,,
3009160045,11232,871,40TH,ST,3,916,45,A,0,,,
3007180030,11232,354,41ST,ST,3,718,30,A,0,,,
3007180032,11232,358 TO 360,41ST,ST,3,718,32,A,0,,,
3007180035,11232,362,41ST,ST,3,718,35,A,0,,,
3007180039,11232,366,41ST,ST,3,718,39,A,0,,,
3007190029,11232,450,41ST,ST,3,719,29,A,0,,,
3007190030,11232,452,41ST,ST,3,719,30,A,0,,,
3007190031,11232,456,41ST,ST,3,719,31,A,0,,,
3007190033,11232,460,41ST,ST,3,719,33,A,0,,GARDEN COMPLEX,
3007190035,11232,464,41ST,ST,3,719,35,A,0,,,
3007190036,11232,468,41ST,ST,3,719,36,A,0,,,
3007140044,11232,475,41ST,ST,3,714,44,A,0,,,4024 5TH AVE
3009170001,11232,507,41ST,ST,3,917,1,B,0,,,
3009170056,11232,533 TO 537,41ST,ST,3,917,56,A,0,,,
3009170054,11232,543,41ST,ST,3,917,54,A,0,,,
3009170053,11232,547,41ST,ST,3,917,53,B,0,,,
3009220013,11232,718,41ST,ST,3,922,13,A,0,421-A (1-15),421-A (1-15),
3009190060,11232,719,41ST,ST,3,919,60,B,0,,,
3009190058,11232,729,41ST,ST,3,919,58,A,0,,,
3009190043,11232,771,41ST,ST,3,919,43,A,0,,,
3009200001,11232,807,41ST,ST,3,920,1,B,0,,,
3007230021,11232,332,42ND,ST,3,723,21,A,0,,,
3007180043,11232,373 TO 377,42ND,ST,3,718,43,B,0,,,
3007190060,11232,449,42ND,ST,3,719,60,A,0,,,
3007190059,11232,453,42ND,ST,3,719,59,A,0,,,
3007190058,11232,455,42ND,ST,3,719,58,A,0,,,
3007190056,11232,459,42ND,ST,3,719,56,A,0,,,
3007190055,11232,461,42ND,ST,3,719,55,A,0,,,
3007190053,11232,465,42ND,ST,3,719,53,A,0,,,
3007190051,11232,467,42ND,ST,3,719,51,A,0,,,
3007240038,11232,472,42ND,ST,3,724,38,A,0,421-A (1-15),421-A (1-15),
3009250019,11232,832,42ND,ST,3,925,19,A,0,,GARDEN COMPLEX,
3009250021,11232,838,42ND,ST,3,925,21,A,0,,,
3009250024,11232,844,42ND,ST,3,925,24,A,0,,,
3009230056,11232,849,42ND,ST,3,923,56,A,0,,,
3009250027,11232,850,42ND,ST,3,925,27,A,0,,,
3009230054,11232,855,42ND,ST,3,923,54,A,0,,,
3009230050,11232,859,42ND,ST,3,923,50,A,0,,,
3009250033,11232,864,42ND,ST,3,925,33,B,0,,,
3009230048,11232,869,42ND,ST,3,923,48,B,0,,,
3009250035,11232,870,42ND,ST,3,925,35,B,0,,,
3009250037,11232,874,42ND,ST,3,925,37,A,0,,,
3007230067,11232,319,43RD,ST,3,723,67,A,0,,,
3007230065,11232,327,43RD,ST,3,723,65,A,0,,GARDEN COMPLEX,
3007280021,11232,332,43RD,ST,3,728,21,A,0,421-A (1-15),421-A (1-15),
3007240046,11232,475,43RD,ST,3,724,46,A,0,,,
3009240001,11232,701,43RD,ST,3,924,1,A,0,,,4223 7TH AVE
3009240049,11232,761,43RD,ST,3,924,49,A,0,421-A (1-15),GARDEN COMPLEX 421-A (1-15),
3007330019,11232,830,43RD,ST,3,733,19,A,0,,,
3009250066,11232,833,43RD,ST,3,925,66,A,0,,,
3007330020,11232,834,43RD,ST,3,733,20,A,0,,,
3007330022,11232,838,43RD,ST,3,733,22,A,0,,,
3007330023,11232,842,43RD,ST,3,733,23,A,0,,,
3009250055,11232,845,43RD,ST,3,925,55,A,0,,,
3009250053,11232,853,43RD,ST,3,925,53,A,0,,,
3007330034,11232,866,43RD,ST,3,733,34,A,0,,,
3007330035,11232,872,43RD,ST,3,733,35,A,0,,,
3007330038,11232,874 TO 884,43RD,ST,3,733,38,A,0,,,
3009250042,11232,875,43RD,ST,3,925,42,A,0,,,
3006340001,11232,635,4TH,AVE,3,634,1,A,0,,,171 19TH ST
3006370003,11232,647,4TH,AVE,3,637,3,A,0,,,
3006360040,11232,666,4TH,AVE,3,636,40,A,0,,,
3006430008,11232,677,4TH,AVE,3,643,8,A,0,,,
3006430005,11232,683,4TH,AVE,3,643,5,A,0,421-A (1-15),421-A (1-15),
3006490001,11232,725,4TH,AVE,3,649,1,A,0,,,
3006480042,11232,740,4TH,AVE,3,648,42,A,0,,,
3006580005,11232,773,4TH,AVE,3,658,5,A,0,,,
3006850005,11232,891,4TH,AVE,3,685,5,A,0,,,
3006850004,11232,893,4TH,AVE,3,685,4,A,0,,GARDEN COMPLEX,
3006880038,11232,922,4TH,AVE,3,688,38,A,0,,,
3007040040,11232,992,4TH,AVE,3,704,40,A,0,,,
3007180042,11232,4110,4TH,AVE,3,718,42,A,0,,,
3007290009,11232,4305,4TH,AVE,3,729,9,A,0,,GARDEN COMPLEX,
3007290006,11232,4311,4TH,AVE,3,729,6,A,0,,,
3006490035,11232,726 TO 730,5TH,AVE,3,649,35,A,0,,,
3006850043,11232,822,5TH,AVE,3,685,43,A,0,,,
3009030172,11232,881,5TH,AVE,3,903,172,B,0,,GARDEN COMPLEX,
3007050041,11232,882,5TH,AVE,3,705,41,B,0,,,
3007050042,11232,884,5TH,AVE,3,705,42,A,0,,,
3009030170,11232,887,5TH,AVE,3,903,170,B,0,,GARDEN COMPLEX,
3007050044,11232,888,5TH,AVE,3,705,44,A,0,,,
3007190045,11232,4112,5TH,AVE,3,719,45,A,0,,GARDEN COMPLEX,
3007240040,11232,4206,5TH,AVE,3,724,40,B,0,,,
3007240041,11232,4208 TO 4210,5TH,AVE,3,724,41,A,0,J-51,GARDEN COMPLEX J-51,
3007240042,11232,4214,5TH,AVE,3,724,42,A,0,,,
3007240043,11232,4216,5TH,AVE,3,724,43,A,0,,,
3007240044,11232,4220,5TH,AVE,3,724,44,A,0,,,
3007240045,11232,4224,5TH,AVE,3,724,45,A,0,,,
3009190006,11232,4001 TO 4011,7TH,AVE,3,919,6,A,0,,,
3009220008,11232,4103,7TH,AVE,3,922,8,A,0,,,
3009220006,11232,4109,7TH,AVE,3,922,6,A,0,,,
3009220002,11232,4121,7TH,AVE,3,922,2,A,0,,,
3009240002,11232,4219,7TH,AVE,3,924,2,B,0,,GARDEN COMPLEX,
3009157504,11232,3914,8TH,AVE,3,915,7504,A,0,421-A (1-15),421-A (1-15),
3009220036,11232,4108,8TH,AVE,3,922,36,B,0,,,
3009220038,11232,4116,8TH,AVE,3,922,38,B,0,,,
3009220039,11232,4118,8TH,AVE,3,922,39,B,0,,,
3009247503,11232,4202 TO 4204,8TH,AVE,3,924,7503,A,0,421-A (1-15),421-A (1-15),
3009250007,11232,4205,8TH,AVE,3,925,7,B,0,,,
3009250006,11232,4207,8TH,AVE,3,925,6,A,0,,,
3009250005,11232,4211,8TH,AVE,3,925,5,B,0,,,
3009230037,11232,4114,9TH,AVE,3,923,37,A,0,,,
3055900001,11232,4123,9TH,AVE,3,5590,1,A,0,,,
3017107501,11233,1825 TO 1827,ATLANTIC,AVE,3,1710,7501,A,0,,,
3017120039,11233,1845,ATLANTIC,AVE,3,1712,39,A,0,,GARDEN COMPLEX,
3017130007,11233,1867 TO 1875,ATLANTIC,AVE,3,1713,7,A,0,421-A (1-15),421-A (1-15),18 COLUMBUS PL
3015577501,11233,1921,ATLANTIC,AVE,3,1557,7501,A,0,,,1911 ATLANTIC AVE
3015680001,11233,2095,ATLANTIC,AVE,3,1568,1,A,0,J-51,J-51 ARTICLES 14 & 15,
3014330023,11233,2156 TO 2158,ATLANTIC,AVE,3,1433,23,A,0,,,
3014330028,11233,2170,ATLANTIC,AVE,3,1433,28,B,0,,,
3014330033,11233,2172 TO 2174,ATLANTIC,AVE,3,1433,33,A,0,,GARDEN COMPLEX,
3014330035,11233,2178,ATLANTIC,AVE,3,1433,35,A,0,,,
3014350010,11233,2264,ATLANTIC,AVE,3,1435,10,A,0,421-A (16),421-A (16),
3014350023,11233,2288,ATLANTIC,AVE,3,1435,23,A,0,421-A (1-15),GARDEN COMPLEX 421-A (1-15),
3014350026,11233,2292,ATLANTIC,AVE,3,1435,26,A,0,,GARDEN COMPLEX,
3014350030,11233,2300,ATLANTIC,AVE,3,1435,30,A,0,,,
3014350031,11233,2302,ATLANTIC,AVE,3,1435,31,A,0,,,
3014350034,11233,2304,ATLANTIC,AVE,3,1435,34,A,0,,,
3014350042,11233,2318,ATLANTIC,AVE,3,1435,42,A,0,,GARDEN COMPLEX,
3014360013,11233,2346,ATLANTIC,AVE,3,1436,13,A,0,,,
3014360018,11233,2356,ATLANTIC,AVE,3,1436,18,A,0,,,
3015720042,11233,2359,ATLANTIC,AVE,3,1572,42,B,0,,,27 SHERLOCK PL
3015720039,11233,2365,ATLANTIC,AVE,3,1572,39,A,0,,,
3015720037,11233,2371,ATLANTIC,AVE,3,1572,37,A,0,421-A (1-15),421-A (1-15),
3014360028,11233,2372,ATLANTIC,AVE,3,1436,28,A,0,,,
3016800071,11233,89,BAINBRIDGE,ST,3,1680,71,B,0,,ROOMING HOUSE,
3016850035,11233,134,BAINBRIDGE,ST,3,1685,35,A,0,,,402 STUYVESANT AVE
3016800045,11233,139,BAINBRIDGE,ST,3,1680,45,A,0,,,
3016820082,11233,217,BAINBRIDGE,ST,3,1682,82,A,0,,,
3016820080,11233,219,BAINBRIDGE,ST,3,1682,80,A,0,,,
3016820079,11233,221,BAINBRIDGE,ST,3,1682,79,A,0,,,
3016820077,11233,223,BAINBRIDGE,ST,3,1682,77,A,0,,,
3016820074,11233,229,BAINBRIDGE,ST,3,1682,74,A,0,J-51,GARDEN COMPLEX J-51,
3016820072,11233,233,BAINBRIDGE,ST,3,1682,72,A,0,,,
3016820070,11233,237,BAINBRIDGE,ST,3,1682,70,A,0,,GARDEN COMPLEX,
3016820068,11233,239,BAINBRIDGE,ST,3,1682,68,A,0,,,
3016870025,11233,242,BAINBRIDGE,ST,3,1687,25,A,0,,,
3016870026,11233,244,BAINBRIDGE,ST,3,1687,26,A,0,,,
3016870027,11233,246,BAINBRIDGE,ST,3,1687,27,A,0,,,
3016870028,11233,248,BAINBRIDGE,ST,3,1687,28,A,0,,,
3016820045,11233,271 TO 273,BAINBRIDGE,ST,3,1682,45,A,0,,,
3016830089,11233,281,BAINBRIDGE,ST,3,1683,89,A,0,,,
3016830088,11233,283,BAINBRIDGE,ST,3,1683,88,A,0,,,
3016830086,11233,285,BAINBRIDGE,ST,3,1683,86,A,0,,,
3016830085,11233,291,BAINBRIDGE,ST,3,1683,85,A,0,,,
3016830080,11233,295A,BAINBRIDGE,ST,3,1683,80,A,0,,,
3015080008,11233,358,BAINBRIDGE,ST,3,1508,8,A,0,,GARDEN COMPLEX,
3015050073,11233,425,BAINBRIDGE,ST,3,1505,73,A,0,,,
3015050072,11233,429,BAINBRIDGE,ST,3,1505,72,A,0,,,
3015090028,11233,468,BAINBRIDGE,ST,3,1509,28,A,0,,,
3015100016,11233,516,BAINBRIDGE,ST,3,1510,16,A,0,,,
3015100017,11233,518,BAINBRIDGE,ST,3,1510,17,A,0,,,
3015100023,11233,528,BAINBRIDGE,ST,3,1510,23,A,0,,GARDEN COMPLEX,
3015100024,11233,530,BAINBRIDGE,ST,3,1510,24,A,0,,GARDEN COMPLEX,
3015100025,11233,534,BAINBRIDGE,ST,3,1510,25,A,0,J-51,GARDEN COMPLEX J-51,
3015100030,11233,546,BAINBRIDGE,ST,3,1510,30,A,0,J-51,J-51,
3015100031,11233,548,BAINBRIDGE,ST,3,1510,31,A,0,,,
3015100032,11233,550,BAINBRIDGE,ST,3,1510,32,B,0,,,
3015100034,11233,556,BAINBRIDGE,ST,3,1510,34,A,0,,,
3015100035,11233,558,BAINBRIDGE,ST,3,1510,35,A,0,,,
3015100036,11233,562,BAINBRIDGE,ST,3,1510,36,A,0,J-51,GARDEN COMPLEX J-51,
3014460062,11233,1901,BERGEN,ST,3,1446,62,A,0,,,
3014460046,11233,1935,BERGEN,ST,3,1446,46,A,0,,,
3014460043,11233,1939,BERGEN,ST,3,1446,43,A,0,,,
3014530019,11233,1964,BERGEN,ST,3,1453,19,B,0,,GARDEN COMPLEX,
3014470072,11233,1965,BERGEN,ST,3,1447,72,A,0,,GARDEN COMPLEX,
3014470067,11233,1969,BERGEN,ST,3,1447,67,A,0,,GARDEN COMPLEX,
3014530032,11233,1994,BERGEN,ST,3,1453,32,A,0,421-A (16),421-A (16),
3014540022,11233,2044 TO 2046,BERGEN,ST,3,1454,22,A,0,,,
3014560001,11233,2172 TO 2188,BERGEN,ST,3,1456,1,A,0,,,
3014500001,11233,2175,BERGEN,ST,3,1450,1,A,0,421-A (16),GARDEN COMPLEX 421-A (16),
3017120011,11233,33,BUFFALO,AVE,3,1712,11,B,0,,,
3016910010,11233,84,CHAUNCEY,ST,3,1691,10,A,0,421-A (1-15),421-A (1-15),
3016867501,11233,153,CHAUNCEY,ST,3,1686,7501,A,1,,NON-EVICT COOP/CONDO,
3016870072,11233,193,CHAUNCEY,ST,3,1687,72,A,0,,,
3016870069,11233,199,CHAUNCEY,ST,3,1687,69,A,0,421-A (1-15),421-A (1-15),
3016870068,11233,201,CHAUNCEY,ST,3,1687,68,A,0,421-A (1-15),421-A (1-15),
3015130012,11233,274,CHAUNCEY,ST,3,1513,12,A,0,,,
3015130013,11233,276,CHAUNCEY,ST,3,1513,13,A,0,,,
3015130014,11233,278,CHAUNCEY,ST,3,1513,14,A,0,,,
3015080074,11233,311,CHAUNCEY,ST,3,1508,74,A,0,,GARDEN COMPLEX,
3015080072,11233,317,CHAUNCEY,ST,3,1508,72,A,0,,,
3015080071,11233,319,CHAUNCEY,ST,3,1508,71,A,0,,,
3015080070,11233,321,CHAUNCEY,ST,3,1508,70,A,0,,GARDEN COMPLEX,
3015080069,11233,323,CHAUNCEY,ST,3,1508,69,A,0,,,
3015140003,11233,324,CHAUNCEY,ST,3,1514,3,A,0,J-51,GARDEN COMPLEX J-51,
3015140006,11233,330,CHAUNCEY,ST,3,1514,6,A,0,,GARDEN COMPLEX,
3015080065,11233,333,CHAUNCEY,ST,3,1508,65,A,0,,GARDEN COMPLEX,
3015140008,11233,334,CHAUNCEY,ST,3,1514,8,A,0,,,
3015080064,11233,335,CHAUNCEY,ST,3,1508,64,A,0,,,
3015140113,11233,346,CHAUNCEY,ST,3,1514,113,A,0,,ROOMING HOUSE,
3015080055,11233,347,CHAUNCEY,ST,3,1508,55,A,0,,,
3015080054,11233,349,CHAUNCEY,ST,3,1508,54,A,0,J-51,GARDEN COMPLEX J-51,
3015080053,11233,353,CHAUNCEY,ST,3,1508,53,A,0,,GARDEN COMPLEX,
3015140018,11233,354,CHAUNCEY,ST,3,1514,18,A,0,,,
3015080052,11233,355,CHAUNCEY,ST,3,1508,52,A,0,,,
3015140124,11233,366,CHAUNCEY,ST,3,1514,124,A,0,J-51,GARDEN COMPLEX J-51,
3015090001,11233,367 TO 373,CHAUNCEY,ST,3,1509,1,A,0,,,
3015140125,11233,370,CHAUNCEY,ST,3,1514,125,A,0,J-51,GARDEN COMPLEX J-51,
3015090065,11233,377,CHAUNCEY,ST,3,1509,65,A,0,,GARDEN COMPLEX,
3015090060,11233,391,CHAUNCEY,ST,3,1509,60,A,0,,,
3015090058,11233,397,CHAUNCEY,ST,3,1509,58,B,0,,,
3015090057,11233,399,CHAUNCEY,ST,3,1509,57,B,0,,,
3015090056,11233,401,CHAUNCEY,ST,3,1509,56,B,0,,,
3015090055,11233,403,CHAUNCEY,ST,3,1509,55,A,0,,GARDEN COMPLEX,
3015090053,11233,409,CHAUNCEY,ST,3,1509,53,A,0,,,
3015090051,11233,415,CHAUNCEY,ST,3,1509,51,B,0,,,
3015150036,11233,438,CHAUNCEY,ST,3,1515,36,A,0,,GARDEN COMPLEX,
3015150037,11233,440,CHAUNCEY,ST,3,1515,37,A,0,,,
3015150038,11233,442,CHAUNCEY,ST,3,1515,38,A,0,,,
3015100064,11233,457,CHAUNCEY,ST,3,1510,64,A,0,,,
3015100063,11233,459,CHAUNCEY,ST,3,1510,63,B,0,,GARDEN COMPLEX,
3015100060,11233,465,CHAUNCEY,ST,3,1510,60,A,0,,,
3015100059,11233,467,CHAUNCEY,ST,3,1510,59,A,0,,,
3015100057,11233,471,CHAUNCEY,ST,3,1510,57,B,0,,,
3015100056,11233,475,CHAUNCEY,ST,3,1510,56,B,0,,,
3015100055,11233,477,CHAUNCEY,ST,3,1510,55,A,0,,,
3015100054,11233,479,CHAUNCEY,ST,3,1510,54,A,0,J-51,GARDEN COMPLEX J-51,
3015100052,11233,485,CHAUNCEY,ST,3,1510,52,A,0,J-51,GARDEN COMPLEX J-51,
3015100050,11233,487,CHAUNCEY,ST,3,1510,50,A,0,,,
3015100049,11233,489,CHAUNCEY,ST,3,1510,49,B,0,,,
3015100047,11233,491,CHAUNCEY,ST,3,1510,47,A,0,J-51,GARDEN COMPLEX J-51,
3015100046,11233,493,CHAUNCEY,ST,3,1510,46,A,0,,,
3015100045,11233,495,CHAUNCEY,ST,3,1510,45,A,0,,GARDEN COMPLEX,
3015100044,11233,497,CHAUNCEY,ST,3,1510,44,A,0,,,
3015170002,11233,510,CHAUNCEY,ST,3,1517,2,A,0,,GARDEN COMPLEX,
3015170007,11233,516,CHAUNCEY,ST,3,1517,7,A,0,,GARDEN COMPLEX,
3015170012,11233,526,CHAUNCEY,ST,3,1517,12,A,0,,,
3015170014,11233,530,CHAUNCEY,ST,3,1517,14,A,0,,,
3015170015,11233,532,CHAUNCEY,ST,3,1517,15,A,0,,,
3014460011,11233,2074,DEAN,ST,3,1446,11,A,0,,GARDEN COMPLEX,
3014460017,11233,2092,DEAN,ST,3,1446,17,A,0,,GARDEN COMPLEX,
3014460020,11233,2102,DEAN,ST,3,1446,20,A,0,,GARDEN COMPLEX,
3014470013,11233,2160,DEAN,ST,3,1447,13,A,0,"421-A (1-15),J-51",J-51 421-A (1-15),
3014480134,11233,2308,DEAN,ST,3,1448,134,B,0,421-A (1-15),GARDEN COMPLEX 421-A (1-15),
3014480133,11233,2310,DEAN,ST,3,1448,133,A,0,421-A (1-15),421-A (1-15),
3014420066,11233,2381,DEAN,ST,3,1442,66,A,0,,,
3014490060,11233,2382,DEAN,ST,3,1449,60,A,0,,GARDEN COMPLEX,
3014440001,11233,2447,DEAN,ST,3,1444,1,A,0,,GARDEN COMPLEX,
3014440049,11233,2449,DEAN,ST,3,1444,49,A,0,,GARDEN COMPLEX,
3016790001,11233,144,DECATUR,ST,3,1679,1,A,0,,,
3016790014,11233,168 TO 170,DECATUR,ST,3,1679,14,B,0,,,
3016790018,11233,176,DECATUR,ST,3,1679,18,A,0,,,
3016760001,11233,305,DECATUR,ST,3,1676,1,A,0,,GARDEN COMPLEX,
3016810045,11233,354 TO 360,DECATUR,ST,3,1681,45,A,0,,,
3016770047,11233,431,DECATUR,ST,3,1677,47,A,0,,,242 PATCHEN AVE
3016830011,11233,442 TO 446,DECATUR,ST,3,1683,11,A,0,,,
3016780089,11233,455,DECATUR,ST,3,1678,89,A,0,,ARTICLE 11,
3016780088,11233,457,DECATUR,ST,3,1678,88,A,0,,,
3015040008,11233,506,DECATUR,ST,3,1504,8,A,0,,,
3015040014,11233,518,DECATUR,ST,3,1504,14,B,0,,,
3015000052,11233,565,DECATUR,ST,3,1500,52,B,0,,ROOMING HOUSE,
3015020062,11233,671,DECATUR,ST,3,1502,62,A,0,,,
3015020060,11233,673,DECATUR,ST,3,1502,60,A,0,,GARDEN COMPLEX,
3015020059,11233,675,DECATUR,ST,3,1502,59,A,0,,GARDEN COMPLEX,
3013930001,11233,1291,EASTERN,PKWY,3,1393,1,A,0,J-51,J-51,
3013930076,11233,1299 TO 1307,EASTERN,PKWY,3,1393,76,A,0,,,
3013990004,11233,1308 TO 1312,EASTERN,PKWY,3,1399,4,A,0,,GARDEN COMPLEX,
3013990007,11233,1314 TO 1316,EASTERN,PKWY,3,1399,7,A,0,,GARDEN COMPLEX,
3013930072,11233,1315,EASTERN,PKWY,3,1393,72,A,0,J-51,J-51,
3013930066,11233,1325,EASTERN,PKWY,3,1393,66,A,0,J-51,J-51,
3013990020,11233,1330,EASTERN,PKWY,3,1399,20,A,0,,,
3013990024,11233,1334,EASTERN,PKWY,3,1399,24,A,0,,,
3013930060,11233,1335,EASTERN,PKWY,3,1393,60,A,0,,,
3013930058,11233,1347,EASTERN,PKWY,3,1393,58,A,0,,,
3013930047,11233,1371,EASTERN,PKWY,3,1393,47,A,0,J-51,J-51,
3014750001,11233,1381,EASTERN,PKWY,3,1475,1,A,0,J-51,J-51,
3014730047,11233,1425,EASTERN,PKWY,3,1473,47,A,0,,,
3014750051,11233,1438,EASTERN,PKWY,3,1475,51,A,0,,GARDEN COMPLEX,
3014740007,11233,1470,EASTERN,PKWY,3,1474,7,A,0,421-A (16),GARDEN COMPLEX 421-A (16),
3014740009,11233,1474 TO 1480,EASTERN,PKWY,3,1474,9,A,0,,GARDEN COMPLEX,
3014710052,11233,1489,EASTERN,PKWY,3,1471,52,A,0,,,
3014710046,11233,1503,EASTERN,PKWY,3,1471,46,A,0,,GARDEN COMPLEX,
3014710069,11233,1512,EASTERN,PKWY,3,1471,69,A,0,,,
3014710071,11233,1514,EASTERN,PKWY,3,1471,71,A,0,,,
3014710072,11233,1518,EASTERN,PKWY,3,1471,72,A,0,,,
3014710033,11233,1521,EASTERN,PKWY,3,1471,33,A,0,,GARDEN COMPLEX,
3014710073,11233,1522,EASTERN,PKWY,3,1471,73,A,0,,,
3014710074,11233,1526,EASTERN,PKWY,3,1471,74,A,0,,,
3014710075,11233,1530,EASTERN,PKWY,3,1471,75,A,0,,,
3014680035,11233,1566,EASTERN,PKWY,3,1468,35,A,0,,,
3014680043,11233,1580,EASTERN,PKWY,3,1468,43,A,0,,,
3014680047,11233,1592,EASTERN,PKWY,3,1468,47,A,0,,,
3014680049,11233,1594 TO 1596,EASTERN,PKWY,3,1468,49,A,0,,,
3014680052,11233,1598 TO 1600,EASTERN,PKWY,3,1468,52,A,0,421-A (16),GARDEN COMPLEX 421-A (16),
3014680053,11233,1604,EASTERN,PKWY,3,1468,53,A,0,,,
3014640053,11233,1613 TO 1615,EASTERN,PKWY,3,1464,53,A,0,,,
3014640050,11233,1617 TO 1619,EASTERN,PKWY,3,1464,50,A,0,,,
3014640049,11233,1621,EASTERN,PKWY,3,1464,49,A,0,,,
3014640047,11233,1625,EASTERN,PKWY,3,1464,47,A,0,,,
3014640045,11233,1627 TO 1629,EASTERN,PKWY,3,1464,45,B,0,,,
3014420045,11233,1815,EASTERN,PKWY,3,1442,45,A,0,421-A (1-15),GARDEN COMPLEX 421-A (1-15),
3014420037,11233,1825,EASTERN,PKWY,3,1442,37,A,0,421-A (16),GARDEN COMPLEX 421-A (16),
3014350047,11233,1847,EASTERN,PKWY,3,1435,47,A,0,,GARDEN COMPLEX,
3014360001,11233,1848,EASTERN,PKWY,3,1436,1,A,0,,,
3014367501,11233,1860 TO 1866,EASTERN,PKWY,3,1436,7501,A,0,,GARDEN COMPLEX SECTION 610 OF PHFL,
3015520041,11233,1919,EASTERN,PKWY,3,1552,41,A,0,,,2208 FULTON ST
3017040010,11233,1882,FULTON,ST,3,1704,10,A,0,,,
3017040017,11233,1896,FULTON,ST,3,1704,17,B,0,J-51,GARDEN COMPLEX J-51,
3017040032,11233,1922,FULTON,ST,3,1704,32,A,0,,,
3017040033,11233,1924,FULTON,ST,3,1704,33,A,0,,,
3017040034,11233,1926,FULTON,ST,3,1704,34,A,0,,,
3017040036,11233,1930,FULTON,ST,3,1704,36,B,0,,,
3015420001,11233,2059,FULTON,ST,3,1542,1,A,0,,GARDEN COMPLEX,38 SOMERS ST
3015420069,11233,2063,FULTON,ST,3,1542,69,A,0,,GARDEN COMPLEX,
3015420061,11233,2077A,FULTON,ST,3,1542,61,A,0,J-51,GARDEN COMPLEX J-51,
3015510005,11233,2106,FULTON,ST,3,1551,5,B,0,J-51,GARDEN COMPLEX J-51,
3015510006,11233,2108,FULTON,ST,3,1551,6,A,0,,GARDEN COMPLEX,
3015510008,11233,2112,FULTON,ST,3,1551,8,A,0,,,
3015510009,11233,2114,FULTON,ST,3,1551,9,A,0,421-A (16),GARDEN COMPLEX 421-A (16),
3015510047,11233,2138,FULTON,ST,3,1551,47,A,0,,GARDEN COMPLEX,
3015520010,11233,2158,FULTON,ST,3,1552,10,A,0,,GARDEN COMPLEX,
3015520011,11233,2160,FULTON,ST,3,1552,11,A,0,,GARDEN COMPLEX,
3015520015,11233,2168,FULTON,ST,3,1552,15,A,0,,GARDEN COMPLEX,
3015520020,11233,2174,FULTON,ST,3,1552,20,A,0,,GARDEN COMPLEX,
3015520021,11233,2180,FULTON,ST,3,1552,21,A,0,J-51,GARDEN COMPLEX J-51,
3015520026,11233,2184,FULTON,ST,3,1552,26,A,0,,GARDEN COMPLEX,
3015520039,11233,2204A,FULTON,ST,3,1552,39,A,0,,GARDEN COMPLEX,
3015520040,11233,2206,FULTON,ST,3,1552,40,A,0,,GARDEN COMPLEX,
3015530011,11233,2230,FULTON,ST,3,1553,11,A,0,,,
3015530012,11233,2232,FULTON,ST,3,1553,12,A,0,,,
3015670011,11233,15,GUNTHER,PL,3,1567,11,A,0,J-51,J-51,
3016640026,11233,430,HALSEY,ST,3,1664,26,A,0,,,
3016640027,11233,432,HALSEY,ST,3,1664,27,A,0,,,
3016610053,11233,571,HALSEY,ST,3,1661,53,A,0,,,
3016610050,11233,575 TO 583,HALSEY,ST,3,1661,50,A,0,,,
3016660041,11233,616,HALSEY,ST,3,1666,41,A,0,,,
3016620059,11233,623,HALSEY,ST,3,1662,59,B,0,421-A (16),,
3016620061,11233,625,HALSEY,ST,3,1662,61,A,0,421-A (16),421-A (16),
3016670030,11233,660,HALSEY,ST,3,1667,30,A,0,,,
3016670031,11233,662,HALSEY,ST,3,1667,31,A,0,,,
3016630089,11233,669,HALSEY,ST,3,1663,89,A,0,,GARDEN COMPLEX,
3016670035,11233,670,HALSEY,ST,3,1667,35,A,0,421-A (1-15),421-A (1-15),
3016630088,11233,671,HALSEY,ST,3,1663,88,A,0,,,
3016670036,11233,672,HALSEY,ST,3,1667,36,A,0,421-A (1-15),421-A (1-15),
3016630087,11233,673,HALSEY,ST,3,1663,87,A,0,,,
3016630086,11233,675,HALSEY,ST,3,1663,86,A,0,,SECTION 610 OF PHFL,
3016630084,11233,677,HALSEY,ST,3,1663,84,A,0,,,
3016630080,11233,683,HALSEY,ST,3,1663,80,A,0,,,
3016630078,11233,687,HALSEY,ST,3,1663,78,A,0,,,
3016630076,11233,689,HALSEY,ST,3,1663,76,A,0,,,
3016630073,11233,693,HALSEY,ST,3,1663,73,A,0,,,
3014900048,11233,795 TO 801,HALSEY,ST,3,1490,48,A,0,J-51,J-51,
3014910067,11233,803,HALSEY,ST,3,1491,67,A,0,,GARDEN COMPLEX,
3014910057,11233,823,HALSEY,ST,3,1491,57,A,0,,,
3014910056,11233,827,HALSEY,ST,3,1491,56,A,0,,,
3014910055,11233,829,HALSEY,ST,3,1491,55,A,0,,,
3014910054,11233,831,HALSEY,ST,3,1491,54,A,0,,,
3014910052,11233,837,HALSEY,ST,3,1491,52,A,0,,,
3014910050,11233,841,HALSEY,ST,3,1491,50,A,0,,,
3014910045,11233,851 TO 853,HALSEY,ST,3,1491,45,A,0,421-A (1-15),421-A (1-15),
3014910044,11233,857,HALSEY,ST,3,1491,44,A,0,,,
3014910041,11233,865,HALSEY,ST,3,1491,41,A,0,,,
3014910040,11233,867,HALSEY,ST,3,1491,40,A,0,J-51,GARDEN COMPLEX J-51,
3014950013,11233,930 TO 950,HALSEY,ST,3,1495,13,B,0,,,
3016590022,11233,462,HANCOCK,ST,3,1659,22,A,0,,,
3016540064,11233,469,HANCOCK,ST,3,1654,64,A,0,,,
3016540062,11233,471,HANCOCK,ST,3,1654,62,A,0,,,
3016540061,11233,473,HANCOCK,ST,3,1654,61,B,0,,,
3016540059,11233,475,HANCOCK,ST,3,1654,59,A,0,,,
3016590035,11233,484,HANCOCK,ST,3,1659,35,A,0,421-A (1-15),421-A (1-15),
3016590036,11233,486 TO 488,HANCOCK,ST,3,1659,36,A,0,421-A (1-15),421-A (1-15),
3016600006,11233,508,HANCOCK,ST,3,1660,6,B,0,J-51,GARDEN COMPLEX J-51,
3016550071,11233,531,HANCOCK,ST,3,1655,71,A,0,,,
3016550060,11233,547,HANCOCK,ST,3,1655,60,A,0,,,
3016600029,11233,548,HANCOCK,ST,3,1660,29,A,0,,,
3016560001,11233,575,HANCOCK,ST,3,1656,1,A,0,,,
3016560064,11233,599 TO 601,HANCOCK,ST,3,1656,64,A,0,,,
3016560048,11233,633,HANCOCK,ST,3,1656,48,A,0,,SECTION 610 OF PHFL,
3016570075,11233,663 TO 665,HANCOCK,ST,3,1657,75,A,0,,,
3016620012,11233,666,HANCOCK,ST,3,1662,12,A,0,,,
3016620031,11233,694,HANCOCK,ST,3,1662,31,A,0,,,
3016620032,11233,696,HANCOCK,ST,3,1662,32,A,0,,,
3016580092,11233,721,HANCOCK,ST,3,1658,92,A,0,,SECTION 610 OF PHFL ARTICLE 11,
3016580091,11233,723,HANCOCK,ST,3,1658,91,A,0,,SECTION 610 OF PHFL ARTICLE 11,
3016580090,11233,725,HANCOCK,ST,3,1658,90,A,0,,,
3014870069,11233,823,HANCOCK,ST,3,1487,69,A,0,,,
3014910011,11233,890,HANCOCK,ST,3,1491,11,A,0,,,
3014910017,11233,900,HANCOCK,ST,3,1491,17,A,0,,GARDEN COMPLEX,
3014910020,11233,906,HANCOCK,ST,3,1491,20,A,0,,,
3014910021,11233,908,HANCOCK,ST,3,1491,21,A,0,J-51,J-51,
3014910022,11233,910,HANCOCK,ST,3,1491,22,A,0,J-51,J-51,
3014910025,11233,916,HANCOCK,ST,3,1491,25,A,0,J-51,J-51,
3014910028,11233,922,HANCOCK,ST,3,1491,28,A,0,J-51,J-51,
3014910029,11233,924,HANCOCK,ST,3,1491,29,A,0,J-51,J-51,
3015740019,11233,6,HAVENS,PL,3,1574,19,A,0,421-A (16),GARDEN COMPLEX 421-A (16),
3015740021,11233,14,HAVENS,PL,3,1574,21,A,0,421-A (16),GARDEN COMPLEX 421-A (16),
3017080037,11233,766,HERKIMER,ST,3,1708,37,B,0,,,
3017100013,11233,824,HERKIMER,ST,3,1710,13,A,0,,,
3017040063,11233,891,HERKIMER,ST,3,1704,63,A,0,421-A (1-15),GARDEN COMPLEX 421-A (1-15),
3017130016,11233,908,HERKIMER,ST,3,1713,16,A,0,,GARDEN COMPLEX,
3017140016,11233,948,HERKIMER,ST,3,1714,16,A,0,421-A (16),GARDEN COMPLEX 421-A (16),
3017140017,11233,954,HERKIMER,ST,3,1714,17,A,0,421-A (16),GARDEN COMPLEX 421-A (16),
3015600023,11233,1086,HERKIMER,ST,3,1560,23,A,0,,,
3015600024,11233,1088,HERKIMER,ST,3,1560,24,A,0,,,
3015530037,11233,1405,HERKIMER,ST,3,1553,37,A,0,421-A (16),421-A (16),
3015740016,11233,1480,HERKIMER,ST,3,1574,16,A,0,,,
3015740017,11233,1482,HERKIMER,ST,3,1574,17,A,0,,,
3015740018,11233,1484,HERKIMER,ST,3,1574,18,A,0,"421-A (1-15),J-51",J-51 421-A (1-15),
3015020037,11233,32,HOPKINSON,AVE,3,1502,37,A,0,"421-A (1-15),J-51",J-51 421-A (1-15),790 MACDONOUGH ST
3015150041,11233,90,HOPKINSON,AVE,3,1515,41,A,0,,,448 CHAUNCEY ST
3015200041,11233,106,HOPKINSON,AVE,3,1520,41,B,0,,,106 THOMAS S BOYLAND ST
3015320030,11233,138 TO 146,HOPKINSON,AVE,3,1532,30,A,0,,GARDEN COMPLEX,138 THOMAS S BOYLAND ST
3015270002,11233,139,HOPKINSON,AVE,3,1527,2,A,0,,,
3015500036,11233,186,HOPKINSON,AVE,3,1550,36,A,0,,SECTION 610 OF PHFL,186 THOMAS S BOYLAND ST
3015510038,11233,195 TO 197,HOPKINSON,AVE,3,1551,38,A,0,"421-A (1-15),J-51",J-51 421-A (1-15),
3015650010,11233,217,HOPKINSON,AVE,3,1565,10,A,0,,,217 THOMAS S BOYLAND ST
3015650006,11233,221,HOPKINSON,AVE,3,1565,6,A,0,,,
3014340001,11233,247 TO 253,HOPKINSON,AVE,3,1434,1,A,0,,ARTICLE 11,249 THOMAS S BOYLAND ST
3014640043,11233,364,HOPKINSON,AVE,3,1464,43,A,0,,,1631 EASTERN PKWY
3014900041,11233,90,HOWARD,AVE,3,1490,41,A,0,,GARDEN COMPLEX,
3014930039,11233,112,HOWARD,AVE,3,1493,39,A,0,,,
3014960037,11233,122,HOWARD,AVE,3,1496,37,A,0,,,760 MACON ST
3015040040,11233,162,HOWARD,AVE,3,1504,40,A,0,,,566568 DECATUR ST
3015050001,11233,165,HOWARD,AVE,3,1505,1,B,0,,,
3015050075,11233,169,HOWARD,AVE,3,1505,75,A,0,,,
3015190004,11233,225,HOWARD,AVE,3,1519,4,A,0,,,
3015240030,11233,240,HOWARD,AVE,3,1524,30,A,0,J-51,J-51,
3015240031,11233,242,HOWARD,AVE,3,1524,31,A,0,J-51,J-51,
3015240032,11233,244,HOWARD,AVE,3,1524,32,A,0,421-A (16),421-A (16),246 HOWARD AVE
3015300001,11233,260,HOWARD,AVE,3,1530,1,A,0,,SECTION 610 OF PHFL,
3014320068,11233,327,HOWARD,AVE,3,1432,68,A,0,,GARDEN COMPLEX,
3014390007,11233,343,HOWARD,AVE,3,1439,7,B,0,,,
3014390004,11233,351,HOWARD,AVE,3,1439,4,A,0,,,
3014510042,11233,402 TO 404,HOWARD,AVE,3,1451,42,A,0,,GARDEN COMPLEX,
3014520005,11233,403,HOWARD,AVE,3,1452,5,A,0,,,
3014510046,11233,408,HOWARD,AVE,3,1451,46,A,0,,GARDEN COMPLEX,
3014510048,11233,414,HOWARD,AVE,3,1451,48,A,0,,GARDEN COMPLEX,
3014760009,11233,547,HOWARD,AVE,3,1476,9,A,0,,GARDEN COMPLEX,
3014760006,11233,553,HOWARD,AVE,3,1476,6,A,0,,GARDEN COMPLEX,
3014760001,11233,563,HOWARD,AVE,3,1476,1,A,0,,GARDEN COMPLEX,
3015380018,11233,98,HULL,ST,3,1538,18,A,0,,GARDEN COMPLEX,
3015330054,11233,135,HULL,ST,3,1533,54,A,0,,GARDEN COMPLEX,
3015330052,11233,139,HULL,ST,3,1533,52,A,0,,GARDEN COMPLEX,
3015330051,11233,141,HULL,ST,3,1533,51,B,0,,,
3015330050,11233,143,HULL,ST,3,1533,50,A,0,,,
3015330048,11233,147,HULL,ST,3,1533,48,A,0,,GARDEN COMPLEX,
3015340060,11233,169,HULL,ST,3,1534,60,A,0,421-A (16),GARDEN COMPLEX 421-A (16),
3015400013,11233,190,HULL,ST,3,1540,13,A,0,,GARDEN COMPLEX,
3015400014,11233,192,HULL,ST,3,1540,14,A,0,,GARDEN COMPLEX,
3015400016,11233,198,HULL,ST,3,1540,16,A,0,,,
3015340039,11233,201,HULL,ST,3,1534,39,A,0,,GARDEN COMPLEX,
3015340038,11233,203,HULL,ST,3,1534,38,A,0,,,
3015350056,11233,211,HULL,ST,3,1535,56,A,0,,,
3015400022,11233,212,HULL,ST,3,1540,22,B,0,,,
3015350055,11233,213,HULL,ST,3,1535,55,A,0,"421-A (1-15),J-51",J-51 421-A (1-15),
3015400023,11233,214,HULL,ST,3,1540,23,B,0,,,
3015400024,11233,216,HULL,ST,3,1540,24,A,0,"421-A (1-15),J-51",J-51 421-A (1-15),
3015350054,11233,217,HULL,ST,3,1535,54,A,0,,,
3015400025,11233,218,HULL,ST,3,1540,25,A,0,,,
3015350053,11233,219,HULL,ST,3,1535,53,A,0,,,
3015407502,11233,234,HULL,ST,3,1540,7502,A,0,,,
3015350042,11233,245,HULL,ST,3,1535,42,A,0,,,
3017080065,11233,15,HUNTERFLY,PL,3,1708,65,A,0,421-A (16),421-A (16),
3016600001,11233,333,LEWIS,AVE,3,1660,1,A,0,,,
3016650007,11233,359 TO 361,LEWIS,AVE,3,1665,7,A,0,,,
3016640053,11233,372,LEWIS,AVE,3,1664,53,A,0,,,
3016690036,11233,376 TO 378,LEWIS,AVE,3,1669,36,A,0,,,
3016750001,11233,393,LEWIS,AVE,3,1675,1,A,0,,,
3013870081,11233,1555,LINCOLN,PL,3,1387,81,A,0,,,
3013870080,11233,1559,LINCOLN,PL,3,1387,80,A,0,,GARDEN COMPLEX,
3013870079,11233,1561,LINCOLN,PL,3,1387,79,A,0,,,
3013870076,11233,1571,LINCOLN,PL,3,1387,76,A,0,,,
3013870075,11233,1573,LINCOLN,PL,3,1387,75,A,0,J-51,GARDEN COMPLEX J-51,
3013870074,11233,1577,LINCOLN,PL,3,1387,74,B,0,,,
3013870066,11233,1597,LINCOLN,PL,3,1387,66,A,0,421-A (16),421-A (16),1597 LINCOLN PL
3013870064,11233,1603,LINCOLN,PL,3,1387,64,A,0,421-A (16),421-A (16),
3013870062,11233,1605,LINCOLN,PL,3,1387,62,A,0,J-51,J-51,
3013870058,11233,1615,LINCOLN,PL,3,1387,58,A,0,,,
3013870057,11233,1619,LINCOLN,PL,3,1387,57,A,0,,GARDEN COMPLEX,
3013930040,11233,1628,LINCOLN,PL,3,1393,40,A,0,J-51,J-51,
3014730051,11233,1671,LINCOLN,PL,3,1473,51,A,0,J-51,GARDEN COMPLEX J-51,
3014730049,11233,1675,LINCOLN,PL,3,1473,49,B,0,,,
3014760023,11233,1720,LINCOLN,PL,3,1476,23,A,0,421-A (16),GARDEN COMPLEX 421-A (16),
3016690040,11233,285,MACDONOUGH,ST,3,1669,40,A,0,,,
3016760027,11233,412,MACDONOUGH,ST,3,1676,27,A,0,,,
3016760039,11233,436,MACDONOUGH,ST,3,1676,39,A,0,,,
3016780007,11233,508,MACDONOUGH,ST,3,1678,7,A,0,,,
3015000034,11233,640,MACDONOUGH,ST,3,1500,34,A,0,J-51,GARDEN COMPLEX J-51,
3014960042,11233,645,MACDONOUGH,ST,3,1496,42,A,0,,GARDEN COMPLEX,
3014970070,11233,659,MACDONOUGH,ST,3,1497,70,A,0,,GARDEN COMPLEX,
3015010004,11233,662,MACDONOUGH,ST,3,1501,4,A,0,,,
3014970065,11233,667,MACDONOUGH,ST,3,1497,65,A,0,,GARDEN COMPLEX,
3014970064,11233,669,MACDONOUGH,ST,3,1497,64,A,0,421-A (16),421-A (16),
3015010026,11233,706,MACDONOUGH,ST,3,1501,26,A,0,,SECTION 610 OF PHFL,
3015010028,11233,710,MACDONOUGH,ST,3,1501,28,A,0,,,
3014980004,11233,727,MACDONOUGH,ST,3,1498,4,A,0,,GARDEN COMPLEX,
3015020013,11233,742,MACDONOUGH,ST,3,1502,13,A,0,,,
3015020014,11233,744,MACDONOUGH,ST,3,1502,14,A,0,,GARDEN COMPLEX,
3015020015,11233,746,MACDONOUGH,ST,3,1502,15,A,0,,,
3014980064,11233,747,MACDONOUGH,ST,3,1498,64,A,0,,GARDEN COMPLEX,
3015020016,11233,748,MACDONOUGH,ST,3,1502,16,A,0,,GARDEN COMPLEX,
3015020018,11233,752,MACDONOUGH,ST,3,1502,18,A,0,,GARDEN COMPLEX,
3014980061,11233,753,MACDONOUGH,ST,3,1498,61,A,0,,GARDEN COMPLEX,
3015020019,11233,754,MACDONOUGH,ST,3,1502,19,A,0,,,
3015020022,11233,760,MACDONOUGH,ST,3,1502,22,A,0,,GARDEN COMPLEX,
3015020023,11233,762,MACDONOUGH,ST,3,1502,23,A,0,,GARDEN COMPLEX,
3015020024,11233,764,MACDONOUGH,ST,3,1502,24,A,0,,GARDEN COMPLEX,
3015020025,11233,766,MACDONOUGH,ST,3,1502,25,A,0,,,
3014980050,11233,777,MACDONOUGH,ST,3,1498,50,A,0,,GARDEN COMPLEX,
3014980049,11233,779,MACDONOUGH,ST,3,1498,49,A,0,,GARDEN COMPLEX,
3014980047,11233,783,MACDONOUGH,ST,3,1498,47,A,0,,GARDEN COMPLEX,
3015030012,11233,802,MACDONOUGH,ST,3,1503,12,A,0,,,
3015030013,11233,804,MACDONOUGH,ST,3,1503,13,A,0,,,
3015030014,11233,806,MACDONOUGH,ST,3,1503,14,A,0,,GARDEN COMPLEX,
3015030017,11233,812,MACDONOUGH,ST,3,1503,17,A,0,,GARDEN COMPLEX,
3015310010,11233,68,MACDOUGAL,ST,3,1531,10,A,0,,GARDEN COMPLEX,
3015310012,11233,72,MACDOUGAL,ST,3,1531,12,A,0,,,
3015310016,11233,80,MACDOUGAL,ST,3,1531,16,A,0,421-A (1-15),GARDEN COMPLEX 421-A (1-15),
3015250062,11233,85,MACDOUGAL,ST,3,1525,62,A,0,,ROOMING HOUSE,
3015260046,11233,159,MACDOUGAL,ST,3,1526,46,A,0,,GARDEN COMPLEX,
3015260034,11233,181,MACDOUGAL,ST,3,1526,34,A,0,,,
3015330017,11233,196,MACDOUGAL,ST,3,1533,17,A,0,421-A (1-15),421-A (1-15),
3015330018,11233,198,MACDOUGAL,ST,3,1533,18,A,0,,GARDEN COMPLEX,
3015330028,11233,210,MACDOUGAL,ST,3,1533,28,A,0,,GARDEN COMPLEX,
3015330030,11233,214 TO 216,MACDOUGAL,ST,3,1533,30,A,0,,GARDEN COMPLEX,
3015330034,11233,218,MACDOUGAL,ST,3,1533,34,A,0,,,
3015330035,11233,220,MACDOUGAL,ST,3,1533,35,A,0,,,
3015340025,11233,276,MACDOUGAL,ST,3,1534,25,A,0,,GARDEN COMPLEX,
3015340028,11233,282,MACDOUGAL,ST,3,1534,28,A,0,,,
3015350008,11233,310,MACDOUGAL,ST,3,1535,8,A,0,,,
3015350009,11233,312,MACDOUGAL,ST,3,1535,9,A,0,,,
3015350010,11233,314,MACDOUGAL,ST,3,1535,10,A,0,,,
3015350011,11233,316,MACDOUGAL,ST,3,1535,11,A,0,,,
3016640001,11233,341 TO 349,MACON,ST,3,1664,1,A,0,,GARDEN COMPLEX,
3016640076,11233,363,MACON,ST,3,1664,76,A,0,,,
3016640057,11233,401,MACON,ST,3,1664,57,A,0,,,
3016640055,11233,403,MACON,ST,3,1664,55,A,0,,,
3016680095,11233,625,MACON,ST,3,1668,95,A,0,,,
3014970025,11233,800,MACON,ST,3,1497,25,A,0,,,
3014970026,11233,804,MACON,ST,3,1497,26,A,0,,,
3014970027,11233,806,MACON,ST,3,1497,27,A,0,,,
3014970028,11233,808,MACON,ST,3,1497,28,A,0,,,
3014970029,11233,810,MACON,ST,3,1497,29,A,0,,,
3014970030,11233,814,MACON,ST,3,1497,30,A,0,,,
3014980018,11233,854,MACON,ST,3,1498,18,A,0,,GARDEN COMPLEX,
3014980021,11233,860,MACON,ST,3,1498,21,A,0,,,
3014980022,11233,862,MACON,ST,3,1498,22,A,0,J-51,GARDEN COMPLEX J-51,
3014980023,11233,864,MACON,ST,3,1498,23,A,0,J-51,GARDEN COMPLEX J-51,
3014980024,11233,868,MACON,ST,3,1498,24,A,0,J-51,GARDEN COMPLEX J-51,
3014980025,11233,870,MACON,ST,3,1498,25,A,0,,GARDEN COMPLEX,
3014980026,11233,872,MACON,ST,3,1498,26,A,0,,,
3014980030,11233,880 TO 882,MACON,ST,3,1498,30,A,0,,GARDEN COMPLEX,
3016620006,11233,237,MALCOLM X,BLVD,3,1662,6,A,0,,,237 REID AVE
3016610045,11233,248,MALCOLM X,BLVD,3,1661,45,A,0,,,
3016670008,11233,249,MALCOLM X,BLVD,3,1667,8,A,0,,,
3016610047,11233,254,MALCOLM X,BLVD,3,1661,47,A,0,,,254 REID AVE
3016720001,11233,279,MALCOLM X,BLVD,3,1672,1,A,0,J-51,J-51,433 MACDONOUGH ST
3016770008,11233,281,MALCOLM X,BLVD,3,1677,8,A,0,,,281 REID AVE
3016770001,11233,291,MALCOLM X,BLVD,3,1677,1,A,0,,,291 REID AVE
3016820007,11233,303,MALCOLM X,BLVD,3,1682,7,A,0,J-51,GARDEN COMPLEX J-51,
3016820006,11233,305,MALCOLM X,BLVD,3,1682,6,A,0,J-51,GARDEN COMPLEX J-51,
3016870006,11233,317,MALCOLM X,BLVD,3,1687,6,A,0,,,
3016950007,11233,82,MARION,ST,3,1695,7,B,0,,,
3016950011,11233,90,MARION,ST,3,1695,11,A,0,,,
3016950027,11233,126,MARION,ST,3,1695,27,B,0,,,
3015130057,11233,211,MARION,ST,3,1513,57,A,0,,,
3015140058,11233,263,MARION,ST,3,1514,58,A,0,,,
3015140057,11233,265,MARION,ST,3,1514,57,A,0,,,
3015190016,11233,276,MARION,ST,3,1519,16,A,0,,,
3015190017,11233,278,MARION,ST,3,1519,17,A,0,J-51,GARDEN COMPLEX J-51,
3015150062,11233,343,MARION,ST,3,1515,62,A,0,,GARDEN COMPLEX,
3015200024,11233,344,MARION,ST,3,1520,24,A,0,,GARDEN COMPLEX,
3015150058,11233,351,MARION,ST,3,1515,58,A,0,,,
3015150057,11233,353,MARION,ST,3,1515,57,A,0,,,
3015150056,11233,355,MARION,ST,3,1515,56,A,0,,GARDEN COMPLEX,
3015210011,11233,396,MARION,ST,3,1521,11,A,0,,,
3015160048,11233,423,MARION,ST,3,1516,48,A,0,,,
3015160045,11233,431,MARION,ST,3,1516,45,A,0,,,
3015420037,11233,86,MOTHER GASTON,BLVD,3,1542,37,B,0,,GARDEN COMPLEX,
3013440102,11233,1888,PACIFIC,ST,3,1344,102,B,0,,,
3013440104,11233,1892,PACIFIC,ST,3,1344,104,B,0,,,
3013440106,11233,1896,PACIFIC,ST,3,1344,106,A,0,,,
3013440107,11233,1898,PACIFIC,ST,3,1344,107,A,0,,GARDEN COMPLEX,
3013440211,11233,1908,PACIFIC,ST,3,1344,211,A,0,,,
3013440212,11233,1910,PACIFIC,ST,3,1344,212,A,0,421-A (1-15),421-A (1-15),
3013440115,11233,1914,PACIFIC,ST,3,1344,115,B,0,J-51,GARDEN COMPLEX J-51,
3013440118,11233,1920,PACIFIC,ST,3,1344,118,B,0,,,
3013440119,11233,1922,PACIFIC,ST,3,1344,119,A,0,,,
3013440124,11233,1932,PACIFIC,ST,3,1344,124,B,0,,,
3013390184,11233,1949,PACIFIC,ST,3,1339,184,B,0,421-A (1-15),421-A (1-15),
3013390183,11233,1951,PACIFIC,ST,3,1339,183,A,0,421-A (1-15),421-A (1-15),
3013390181,11233,1955,PACIFIC,ST,3,1339,181,A,0,,,
3013390180,11233,1957,PACIFIC,ST,3,1339,180,A,0,421-A (1-15),421-A (1-15),
3013390179,11233,1959,PACIFIC,ST,3,1339,179,A,0,421-A (1-15),GARDEN COMPLEX 421-A (1-15),
3013390178,11233,1961,PACIFIC,ST,3,1339,178,A,0,421-A (1-15),ROOMING HOUSE 421-A (1-15),
3013390058,11233,1997,PACIFIC,ST,3,1339,58,B,0,,,
3014390013,11233,2026 TO 2032,PACIFIC,ST,3,1439,13,A,0,,GARDEN COMPLEX,
3014310045,11233,2027,PACIFIC,ST,3,1431,45,B,0,,,
3014330001,11233,2125,PACIFIC,ST,3,1433,1,A,0,,,
3014330060,11233,2149 TO 2153,PACIFIC,ST,3,1433,60,A,1,,ARTICLE 11 NON-EVICT COOP/CONDO,
3014330058,11233,2159,PACIFIC,ST,3,1433,58,A,0,,,
3014330056,11233,2165,PACIFIC,ST,3,1433,56,A,0,,,
3014330055,11233,2167,PACIFIC,ST,3,1433,55,A,0,,,
3014330051,11233,2173,PACIFIC,ST,3,1433,51,A,0,,,
3014330050,11233,2175,PACIFIC,ST,3,1433,50,A,0,,,
3014330049,11233,2177,PACIFIC,ST,3,1433,49,A,0,,,
3014420020,11233,2238,PACIFIC,ST,3,1442,20,A,0,J-51,J-51,
3014420021,11233,2240,PACIFIC,ST,3,1442,21,A,0,,,
3014420128,11233,2258B,PACIFIC,ST,3,1442,128,A,0,,,
3014420036,11233,2266,PACIFIC,ST,3,1442,36,A,0,421-A (16),GARDEN COMPLEX 421-A (16),
3014430008,11233,2334 TO 2338,PACIFIC,ST,3,1443,8,A,0,,,179 MOTHER GASTON BLVD
3014360047,11233,2349,PACIFIC,ST,3,1436,47,A,0,,GARDEN COMPLEX,
3014360046,11233,2351,PACIFIC,ST,3,1436,46,A,0,,,
3014360036,11233,2353,PACIFIC,ST,3,1436,36,A,0,,,
3014360032,11233,2369 TO 2383,PACIFIC,ST,3,1436,32,A,0,,,124126 SACKMAN ST
3013690073,11233,1595,PARK,PL,3,1369,73,A,0,,GARDEN COMPLEX,
3013690063,11233,1621,PARK,PL,3,1369,63,A,0,,,
3013690056,11233,1635,PARK,PL,3,1369,56,A,0,,,
3013690055,11233,1637,PARK,PL,3,1369,55,A,0,,,
3014660016,11233,1682,PARK,PL,3,1466,16,A,0,,,
3014660018,11233,1686,PARK,PL,3,1466,18,A,0,,,
3014620058,11233,1709,PARK,PL,3,1462,58,A,0,421-A (16),421-A (16),
3014637501,11233,1793 TO 1797,PARK,PL,3,1463,7501,A,0,,SECTION 610 OF PHFL,406 SARATOGA AVE
3014680010,11233,1834,PARK,PL,3,1468,10,A,0,,,
3014640056,11233,1873,PARK,PL,3,1464,56,B,0,J-51,J-51,
3014650050,11233,1939,PARK,PL,3,1465,50,A,0,,ARTICLES 14 & 15,
3016780001,11233,259,PATCHEN,AVE,3,1678,1,A,0,,,
3015560025,11233,20 TO 24,PRESCOTT,PL,3,1556,25,A,0,421-A (1-15),421-A (1-15),1907 ATLANTIC AVE
3013630001,11233,1549,PROSPECT,PL,3,1363,1,A,0,,,
3013690013,11233,1564,PROSPECT,PL,3,1369,13,A,0,,,
3014630016,11233,1740 TO 1760,PROSPECT,PL,3,1463,16,A,0,421-A (1-15),421-A (1-15) SECTION 610 OF PHFL,
3014580052,11233,1743 TO 1755,PROSPECT,PL,3,1458,52,A,0,,SECTION 610 OF PHFL,
3014640010,11233,1808,PROSPECT,PL,3,1464,10,A,0,,,
3014640025,11233,1842,PROSPECT,PL,3,1464,25,B,0,,,
3014640036,11233,1870,PROSPECT,PL,3,1464,36,A,0,,,
3016630053,11233,140,RALPH,AVE,3,1663,53,A,0,,,
3016630054,11233,142,RALPH,AVE,3,1663,54,A,0,,,
3016630055,11233,144,RALPH,AVE,3,1663,55,A,0,J-51,GARDEN COMPLEX J-51,
3016730054,11233,182,RALPH,AVE,3,1673,54,A,0,,,
3015000007,11233,193,RALPH,AVE,3,1500,7,A,0,,,
3016780054,11233,194,RALPH,AVE,3,1678,54,A,0,,,
3016830047,11233,212,RALPH,AVE,3,1683,47,A,0,,,
3015040005,11233,213,RALPH,AVE,3,1504,5,A,0,,,
3015040003,11233,217,RALPH,AVE,3,1504,3,A,0,,,
3016830050,11233,218,RALPH,AVE,3,1683,50,A,0,,,
3015040002,11233,221,RALPH,AVE,3,1504,2,A,0,,,
3015080006,11233,233,RALPH,AVE,3,1508,6,A,0,,ARTICLE 11,
3015080003,11233,237,RALPH,AVE,3,1508,3,A,0,421-A (16),421-A (16),
3015080001,11233,241 TO 243,RALPH,AVE,3,1508,1,A,0,J-51,J-51,295299 CHAUNCEY ST
3015560001,11233,343,RALPH,AVE,3,1556,1,A,0,421-A (16),421-A (16),
3013440125,11233,374,RALPH,AVE,3,1344,125,A,0,,,1940 PACIFIC ST
3013630048,11233,460,RALPH,AVE,3,1363,48,A,0,,,
3013630050,11233,464 TO 466,RALPH,AVE,3,1363,50,A,0,,,
3013630056,11233,474,RALPH,AVE,3,1363,56,B,0,J-51,GARDEN COMPLEX J-51,
3013810047,11233,558,RALPH,AVE,3,1381,47,A,0,,,
3013870045,11233,560,RALPH,AVE,3,1387,45,A,0,,,1660 SAINT JOHNS PL
3014730001,11233,583,RALPH,AVE,3,1473,1,A,0,,,
3016620001,11233,243A,REID,AVE,3,1662,1,A,0,,GARDEN COMPLEX,
3016610042,11233,244,REID,AVE,3,1661,42,A,0,,,244 MALCOLM X BLVD
3016670005,11233,255,REID,AVE,3,1667,5,A,0,,,255 MALCOLM X BLVD
3016670002,11233,261,REID,AVE,3,1667,2,A,0,,,261 MALCOLM X BLVD
3016720006,11233,271,REID,AVE,3,1672,6,A,0,,,271 MALCOLM X BLVD
3016720004,11233,275,REID,AVE,3,1672,4,A,0,,GARDEN COMPLEX,
3016770007,11233,283,REID,AVE,3,1677,7,A,0,J-51,GARDEN COMPLEX J-51,283 MALCOLM X BLVD
3016820001,11233,307,REID,AVE,3,1682,1,A,0,,GARDEN COMPLEX,
3016870008,11233,315,REID,AVE,3,1687,8,A,0,,,315 MALCOLM X BLVD
3016870005,11233,319,REID,AVE,3,1687,5,A,0,,,319 MALCOLM X BLVD
3016870003,11233,323,REID,AVE,3,1687,3,A,0,,,
3017090003,11233,49,ROCHESTER,AVE,3,1709,3,A,0,421-A (16),GARDEN COMPLEX 421-A (16),
3013490033,11233,110,ROCHESTER,AVE,3,1349,33,A,0,,SECTION 610 OF PHFL,
3015077501,11233,8,ROCKAWAY,AVE,3,1507,7501,A,0,,,
3015330037,11233,96 TO 98,ROCKAWAY,AVE,3,1533,37,A,0,J-51,J-51,
3015520007,11233,133 TO 141,ROCKAWAY,AVE,3,1552,7,A,0,,GARDEN COMPLEX,
3015520004,11233,145,ROCKAWAY,AVE,3,1552,4,A,0,,,
3015520003,11233,147,ROCKAWAY,AVE,3,1552,3,A,0,,GARDEN COMPLEX,
3015520001,11233,151,ROCKAWAY,AVE,3,1552,1,A,0,,GARDEN COMPLEX,
3015680007,11233,169,ROCKAWAY,AVE,3,1568,7,B,0,,,
3015670029,11233,176,ROCKAWAY,AVE,3,1567,29,A,0,,,
3015670031,11233,178,ROCKAWAY,AVE,3,1567,31,A,0,,GARDEN COMPLEX,
3015670038,11233,190,ROCKAWAY,AVE,3,1567,38,A,0,,,
3015670040,11233,192,ROCKAWAY,AVE,3,1567,40,A,0,,GARDEN COMPLEX,
3015430049,11233,10,SACKMAN,ST,3,1543,49,A,0,,,
3015440001,11233,19,SACKMAN,ST,3,1544,1,A,0,,,
3015540065,11233,65,SACKMAN,ST,3,1554,65,A,0,,,
3014430032,11233,138,SACKMAN,ST,3,1443,32,A,0,,,
3013870018,11233,1610,SAINT JOHNS,PL,3,1387,18,A,0,,,
3013810062,11233,1615,SAINT JOHNS,PL,3,1381,62,A,0,,,
3013870042,11233,1656,SAINT JOHNS,PL,3,1387,42,A,0,,,
3013870044,11233,1658,SAINT JOHNS,PL,3,1387,44,A,0,,,
3014700080,11233,1661,SAINT JOHNS,PL,3,1470,80,B,0,,,
3014700060,11233,1677,SAINT JOHNS,PL,3,1470,60,B,0,,,
3014730034,11233,1730 TO 1734,SAINT JOHNS,PL,3,1473,34,A,0,,,
3013630012,11233,1322 TO 1330,SAINT MARKS,AVE,3,1363,12,B,0,,,
3013630044,11233,1384,SAINT MARKS,AVE,3,1363,44,B,0,,,
3014510051,11233,1445 TO 1447,SAINT MARKS,AVE,3,1451,51,A,0,,GARDEN COMPLEX,
3014520001,11233,1459,SAINT MARKS,AVE,3,1452,1,A,0,,GARDEN COMPLEX,
3014580013,11233,1466,SAINT MARKS,AVE,3,1458,13,A,0,,,
3014530071,11233,1545,SAINT MARKS,AVE,3,1453,71,A,0,,,
3014540065,11233,1637,SAINT MARKS,AVE,3,1454,65,A,0,,,
3014540064,11233,1639,SAINT MARKS,AVE,3,1454,64,A,0,,,
3014610014,11233,1694,SAINT MARKS,AVE,3,1461,14,A,0,421-A (16),GARDEN COMPLEX 421-A (16),
3014880039,11233,8,SARATOGA,AVE,3,1488,39,A,0,,,10 SARATOGA AVE
3014950001,11233,43 TO 61,SARATOGA,AVE,3,1495,1,B,0,,,912 HALSEY ST
3014970040,11233,78,SARATOGA,AVE,3,1497,40,A,0,,GARDEN COMPLEX,
3014980001,11233,79 TO 81,SARATOGA,AVE,3,1498,1,A,0,,,
3015010030,11233,82,SARATOGA,AVE,3,1501,30,A,0,,,
3015010032,11233,84,SARATOGA,AVE,3,1501,32,A,0,,,
3015200001,11233,175,SARATOGA,AVE,3,1520,1,A,0,J-51,J-51 SEC 608,
3015260001,11233,179 TO 185,SARATOGA,AVE,3,1526,1,A,0,J-51,J-51 SEC 608,
3015620007,11233,257,SARATOGA,AVE,3,1562,7,A,0,,GARDEN COMPLEX,
3014400008,11233,295,SARATOGA,AVE,3,1440,8,A,0,,,
3014470001,11233,331,SARATOGA,AVE,3,1447,1,A,0,,GARDEN COMPLEX,
3014530011,11233,339,SARATOGA,AVE,3,1453,11,B,0,,ROOMING HOUSE,
3014520051,11233,354,SARATOGA,AVE,3,1452,51,A,0,,GARDEN COMPLEX,
3014630041,11233,396,SARATOGA,AVE,3,1463,41,A,0,,SECTION 610 OF PHFL,
3014640001,11233,409,SARATOGA,AVE,3,1464,1,A,0,,,
3014677501,11233,418 TO 442,SARATOGA,AVE,3,1467,7501,A,0,421-A (1-15),421-A (1-15) SECTION 610 OF PHFL,
3014680009,11233,419,SARATOGA,AVE,3,1468,9,A,0,,GARDEN COMPLEX,
3015380061,11233,17,SOMERS,ST,3,1538,61,A,0,421-A (16),421-A (16),
3015420016,11233,62,SOMERS,ST,3,1542,16,A,0,421-A (16),421-A (16),
3015420019,11233,66,SOMERS,ST,3,1542,19,A,0,421-A (16),421-A (16),
3015420028,11233,80,SOMERS,ST,3,1542,28,A,0,,,
3015420029,11233,82,SOMERS,ST,3,1542,29,A,0,,,
3015430014,11233,102,SOMERS,ST,3,1543,14,A,0,421-A (16),421-A (16),
3015400056,11233,133,SOMERS,ST,3,1540,56,A,0,,,
3015400055,11233,135,SOMERS,ST,3,1540,55,A,0,,,
3015400053,11233,141,SOMERS,ST,3,1540,53,B,0,,GARDEN COMPLEX,
3015400052,11233,145,SOMERS,ST,3,1540,52,A,0,,GARDEN COMPLEX,
3015400051,11233,147,SOMERS,ST,3,1540,51,A,0,,,
3013750001,11233,1611,STERLING,PL,3,1375,1,A,0,421-A (16),421-A (16),
3013750069,11233,1633 TO 1647,STERLING,PL,3,1375,69,B,0,,GARDEN COMPLEX,
3013750056,11233,1677,STERLING,PL,3,1375,56,A,0,,,
3013810036,11233,1682,STERLING,PL,3,1381,36,B,0,,,
3013750052,11233,1689,STERLING,PL,3,1375,52,A,0,J-51,J-51,
3014660067,11233,1719,STERLING,PL,3,1466,67,A,0,,GARDEN COMPLEX,
3014660065,11233,1725,STERLING,PL,3,1466,65,A,0,,GARDEN COMPLEX,
3014700028,11233,1748,STERLING,PL,3,1470,28,A,0,,GARDEN COMPLEX,
3014700029,11233,1752,STERLING,PL,3,1470,29,A,0,,,
3014660051,11233,1753,STERLING,PL,3,1466,51,A,0,,,
3014500004,11233,215,STONE,AVE,3,1450,4,A,0,"421-A (1-15),J-51",J-51 421-A (1-15),215 MOTHER GASTON BLVD
3016600039,11233,304,STUYVESANT,AVE,3,1660,39,B,0,,,
3016600041,11233,308,STUYVESANT,AVE,3,1660,41,A,0,,,
3016750037,11233,360 TO 364,STUYVESANT,AVE,3,1675,37,A,0,,,
3016750040,11233,372,STUYVESANT,AVE,3,1675,40,A,0,,,
3016860006,11233,399,STUYVESANT,AVE,3,1686,6,A,0,,,
3016950048,11233,3,SUMPTER,ST,3,1695,48,A,0,,GARDEN COMPLEX,
3015250018,11233,162,SUMPTER,ST,3,1525,18,A,0,,GARDEN COMPLEX,
3015250020,11233,166,SUMPTER,ST,3,1525,20,A,0,,,
3015250021,11233,168,SUMPTER,ST,3,1525,21,A,0,,,
3015190065,11233,171,SUMPTER,ST,3,1519,65,A,0,,GARDEN COMPLEX,
3015190055,11233,191,SUMPTER,ST,3,1519,55,A,0,,,
3015190053,11233,195,SUMPTER,ST,3,1519,53,A,0,,GARDEN COMPLEX,
3015260002,11233,204,SUMPTER,ST,3,1526,2,A,0,,,
3015260003,11233,206,SUMPTER,ST,3,1526,3,A,0,,GARDEN COMPLEX,
3015190046,11233,209,SUMPTER,ST,3,1519,46,A,0,,,
3015200069,11233,237,SUMPTER,ST,3,1520,69,B,0,,,
3015260021,11233,242,SUMPTER,ST,3,1526,21,A,0,,GARDEN COMPLEX,
3015260022,11233,244,SUMPTER,ST,3,1526,22,B,0,,,
3015210077,11233,287,SUMPTER,ST,3,1521,77,A,0,,GARDEN COMPLEX,
3015270024,11233,294,SUMPTER,ST,3,1527,24,A,0,,GARDEN COMPLEX,
3015210065,11233,305,SUMPTER,ST,3,1521,65,A,0,421-A (16),421-A (16),
3015210054,11233,321,SUMPTER,ST,3,1521,54,A,0,,GARDEN COMPLEX,
3015280023,11233,348,SUMPTER,ST,3,1528,23,A,0,,GARDEN COMPLEX,
3015280027,11233,356,SUMPTER,ST,3,1528,27,A,0,,GARDEN COMPLEX,
3015220066,11233,359,SUMPTER,ST,3,1522,66,A,0,,,
3015220064,11233,363,SUMPTER,ST,3,1522,64,A,0,,,
3015280030,11233,364,SUMPTER,ST,3,1528,30,A,0,J-51,GARDEN COMPLEX J-51,
3015220061,11233,369,SUMPTER,ST,3,1522,61,A,0,,,
3015220057,11233,377,SUMPTER,ST,3,1522,57,A,0,,,
3015220055,11233,381,SUMPTER,ST,3,1522,55,A,0,,,
3015220051,11233,387,SUMPTER,ST,3,1522,51,A,0,421-A (1-15),GARDEN COMPLEX 421-A (1-15),
3017090030,11233,24,SUYDAM,PL,3,1709,30,A,0,,,
3014980045,11233,20,THOMAS S BOYLAND,ST,3,1498,45,B,0,,,
3015370001,11233,170,THOMAS S BOYLAND,ST,3,1537,1,B,0,,,2019 FULTON ST
3015500031,11233,178,THOMAS S BOYLAND,ST,3,1550,31,A,0,,SECTION 610 OF PHFL,178 HOPKINSON AVE
3015420044,11233,13 TO 21,TRUXTON,ST,3,1542,44,B,0,,GARDEN COMPLEX,
3015420041,11233,27,TRUXTON,ST,3,1542,41,A,0,,GARDEN COMPLEX,
3015420040,11233,29,TRUXTON,ST,3,1542,40,A,0,,GARDEN COMPLEX,
3015430060,11233,79,TRUXTON,ST,3,1543,60,A,0,421-A (16),421-A (16),
3013990115,11233,1904 TO 1920,UNION,ST,3,1399,115,A,0,J-51,GARDEN COMPLEX J-51,
3013990062,11233,1933,UNION,ST,3,1399,62,A,0,J-51,GARDEN COMPLEX J-51,
3013990052,11233,1975,UNION,ST,3,1399,52,A,0,,,
3078990004,11234,5409,AVENUE O,,3,7899,4,A,0,,,
3084290036,11234,6910,AVENUE U,,3,8429,36,A,1,,NON-EVICT COOP/CONDO,
3078680036,11234,20 TO 30,BAUGHMAN,PL,3,7868,36,A,0,,,
3083410121,11234,1054 TO 1064,BERGEN,AVE,3,8341,121,A,0,421-A (1-15),421-A (1-15),
3083410125,11234,1070 TO 1080,BERGEN,AVE,3,8341,125,A,0,421-A (1-15),421-A (1-15),
3083410120,11234,1086 TO 1096,BERGEN,AVE,3,8341,120,A,0,421-A (1-15),421-A (1-15),
3076730006,11234,1487,E 37TH,ST,3,7673,6,A,0,,,
3078230021,11234,2021,E 41ST,ST,3,7823,21,A,0,,,
3078400027,11234,1602,E 43RD,ST,3,7840,27,A,0,,,
3077760026,11234,1270,E 51ST,ST,3,7776,26,A,1,,COOP/CONDO PLAN FILE,
3077770026,11234,1275,E 51ST,ST,3,7777,26,A,1,,COOP/CONDO PLAN FILE,
3077790022,11234,1199,E 53RD,ST,3,7779,22,A,1,,COOP/CONDO PLAN FILE,
3077780024,11234,1200,E 53RD,ST,3,7778,24,A,1,,NON-EVICT COOP/CONDO,
3077800008,11234,1165,E 54TH,ST,3,7780,8,A,0,,,
3083410113,11234,1061 TO 1071,E 73RD,ST,3,8341,113,A,0,421-A (1-15),421-A (1-15),
3083410100,11234,1089 TO 1099,E 73RD,ST,3,8341,100,A,0,421-A (1-15),421-A (1-15),
3076990041,11234,3708,FLATLANDS,AVE,3,7699,41,A,0,,,
3076990042,11234,3712,FLATLANDS,AVE,3,7699,42,A,0,,,
3076990043,11234,3714,FLATLANDS,AVE,3,7699,43,A,0,,,
3076990044,11234,3718,FLATLANDS,AVE,3,7699,44,A,0,,,
3076990045,11234,3720,FLATLANDS,AVE,3,7699,45,A,0,,,
3076990046,11234,3724,FLATLANDS,AVE,3,7699,46,A,0,,,
3076690029,11234,3319 TO 3323,KINGS,HWY,3,7669,29,A,0,,,
3076520008,11234,3405,KINGS,HWY,3,7652,8,A,0,,,
3076530001,11234,3502,KINGS,HWY,3,7653,1,A,0,,GARDEN COMPLEX,1272 E 36TH ST
3076540024,11234,3601,KINGS,HWY,3,7654,24,A,0,,GARDEN COMPLEX,
3076540014,11234,3626,KINGS,HWY,3,7654,14,A,0,,,
3076550050,11234,3715,KINGS,HWY,3,7655,50,A,0,,,
3078190046,11234,3857,KINGS,HWY,3,7819,46,A,0,,,
3078200011,11234,3900,KINGS,HWY,3,7820,11,A,0,,,
3078130003,11234,4011,KINGS,HWY,3,7813,3,A,0,,,
3078130106,11234,4149,KINGS,HWY,3,7813,106,A,0,,,
3071820031,11235,527,AVENUE X,,3,7182,31,B,1,,NON-EVICT COOP/CONDO,
3074130004,11235,1230,AVENUE X,,3,7413,4,A,0,,,
3073970034,11235,1245,AVENUE X,,3,7397,34,A,0,,,
3072200005,11235,564 TO 578,AVENUE Y,,3,7220,5,A,0,,,
3074140033,11235,1229,AVENUE Y,,3,7414,33,A,0,,,
3074330013,11235,1230,AVENUE Y,,3,7433,13,A,0,,,
3074220040,11235,2939,AVENUE Y,,3,7422,40,B,1,,NON-EVICT COOP/CONDO,
3072200090,11235,769 TO 793,AVENUE Z,,3,7220,90,A,0,,,
3074330040,11235,1213,AVENUE Z,,3,7433,40,A,1,,NON-EVICT COOP/CONDO,
3074330034,11235,1237,AVENUE Z,,3,7433,34,A,1,,NON-EVICT COOP/CONDO,
3074410535,11235,2313,AVENUE Z,,3,7441,535,B,0,,,
3074410534,11235,2315,AVENUE Z,,3,7441,534,B,0,,GARDEN COMPLEX,
3074410533,11235,2319,AVENUE Z,,3,7441,533,A,0,,,
3074410530,11235,2323,AVENUE Z,,3,7441,530,A,0,,,
3072427501,11235,611,BANNER,AVE,3,7242,7501,A,1,,NON-EVICT COOP/CONDO,
3087630013,11235,1125,BANNER,AVE,3,8763,13,A,0,421-A (1-15),421-A (1-15),
3087820034,11235,4750,BEDFORD,AVE,3,8782,34,A,0,,,
3088050036,11235,2790,BRAGG,ST,3,8805,36,A,0,,,
3072200125,11235,62 TO 80,BRIGHTON,CT,3,7220,125,A,0,,,
3072200055,11235,67 TO 89,BRIGHTON,CT,3,7220,55,A,0,,,
3087110085,11235,79,BRIGHTON 11TH,ST,3,8711,85,A,0,,,
3087070411,11235,92,BRIGHTON 11TH,ST,3,8707,411,A,0,421-A (1-15),421-A (1-15),
3087090100,11235,125,BRIGHTON 11TH,ST,3,8709,100,A,0,,,
3087090014,11235,149,BRIGHTON 11TH,ST,3,8709,14,A,0,,,
3087110036,11235,2954,BRIGHTON 12TH,ST,3,8711,36,A,0,,,
3087110041,11235,2964,BRIGHTON 12TH,ST,3,8711,41,A,0,,,
3087110046,11235,2980,BRIGHTON 12TH,ST,3,8711,46,A,0,,,
3087110051,11235,2990,BRIGHTON 12TH,ST,3,8711,51,A,0,,,
3087090090,11235,3000,BRIGHTON 12TH,ST,3,8709,90,A,0,,,
3087150068,11235,3029,BRIGHTON 12TH,ST,3,8715,68,A,0,J-51,J-51,
3087090072,11235,3030,BRIGHTON 12TH,ST,3,8709,72,A,0,,,
3087090070,11235,3038,BRIGHTON 12TH,ST,3,8709,70,B,0,,,3060 BRIGHTON 12TH ST
3087150073,11235,3045,BRIGHTON 12TH,ST,3,8715,73,B,0,,,
3087150078,11235,3049,BRIGHTON 12TH,ST,3,8715,78,A,0,,GARDEN COMPLEX,
3087140020,11235,2991,BRIGHTON 13TH,ST,3,8714,20,A,0,,,
3087140015,11235,3015,BRIGHTON 13TH,ST,3,8714,15,A,0,,,
3087140010,11235,3021 TO 3031,BRIGHTON 13TH,ST,3,8714,10,A,0,,,
3087160085,11235,3033,BRIGHTON 13TH,ST,3,8716,85,B,0,,,
3087160080,11235,3047,BRIGHTON 13TH,ST,3,8716,80,A,0,,GARDEN COMPLEX,
3087160064,11235,3085,BRIGHTON 13TH,ST,3,8716,64,A,0,,,
3087160038,11235,3026,BRIGHTON 14TH,ST,3,8716,38,A,0,,,
3087170096,11235,3031,BRIGHTON 14TH,ST,3,8717,96,A,0,,,
3087170002,11235,3033,BRIGHTON 14TH,ST,3,8717,2,A,0,,,
3087167501,11235,3070,BRIGHTON 14TH,ST,3,8716,7501,A,0,421-A (1-15),421-A (1-15),
3087160058,11235,3074,BRIGHTON 14TH,ST,3,8716,58,B,0,,,
3087170017,11235,3075,BRIGHTON 14TH,ST,3,8717,17,A,0,,,
3087170036,11235,8,BRIGHTON 15TH,ST,3,8717,36,A,0,,,
3087170029,11235,150,BRIGHTON 15TH,ST,3,8717,29,A,0,,,
3087220475,11235,200 TO 211,BRIGHTON 15TH,ST,3,8722,475,A,0,,,
3087230410,11235,211,BRIGHTON 15TH,ST,3,8723,410,A,0,,,
3086820048,11235,9 TO 21,BRIGHTON 1ST,RD,3,8682,48,A,0,,,
3086800001,11235,30 TO 50,BRIGHTON 1ST,RD,3,8680,1,A,1,,NON-EVICT COOP/CONDO,
3086700080,11235,67,BRIGHTON 1ST,LN,3,8670,80,A,0,421-A (1-15),421-A (1-15),
3086840062,11235,201 TO 223,BRIGHTON 1ST,RD,3,8684,62,A,0,,GARDEN COMPLEX,
3086690018,11235,3052,BRIGHTON 1ST,ST,3,8669,18,A,0,,,
3086697503,11235,3070,BRIGHTON 1ST,ST,3,8669,7503,A,0,421-A (1-15),421-A (1-15),
3086820066,11235,3102 TO 3116,BRIGHTON 1ST,PL,3,8682,66,A,0,,,
3086830080,11235,3111,BRIGHTON 1ST,PL,3,8683,80,A,1,,NON-EVICT COOP/CONDO,
3086830075,11235,3100,BRIGHTON 2ND,ST,3,8683,75,A,0,,,
3086850089,11235,3101,BRIGHTON 2ND,ST,3,8685,89,B,0,,,
3086620133,11235,2954,BRIGHTON 3RD,ST,3,8662,133,A,0,421-A (16),421-A (16),
3086730021,11235,3031,BRIGHTON 3RD,ST,3,8673,21,A,0,,,
3086730012,11235,3051 TO 3065,BRIGHTON 3RD,ST,3,8673,12,A,0,421-A (1-15),421-A (1-15),
3086860046,11235,3091,BRIGHTON 3RD,ST,3,8686,46,A,0,,,
3086860037,11235,3105,BRIGHTON 3RD,ST,3,8686,37,A,1,,NON-EVICT COOP/CONDO,
3086850019,11235,3110,BRIGHTON 3RD,ST,3,8685,19,A,0,,,
3072610095,11235,2872,BRIGHTON 4TH,ST,3,7261,95,A,0,,,
3086630260,11235,2920,BRIGHTON 4TH,ST,3,8663,260,A,0,421-A (16),421-A (16),
3086737501,11235,3066,BRIGHTON 4TH,ST,3,8673,7501,A,0,421-A (1-15),421-A (1-15),
3086880056,11235,3093 TO 3111,BRIGHTON 4TH,ST,3,8688,56,A,0,,,
3086860071,11235,3106 TO 3116,BRIGHTON 4TH,ST,3,8686,71,A,0,,,
3086880041,11235,3115 TO 3137,BRIGHTON 4TH,ST,3,8688,41,A,0,,,
3086860078,11235,3118,BRIGHTON 4TH,ST,3,8686,78,A,0,,,
3086907501,11235,3145,BRIGHTON 4TH,ST,3,8690,7501,B,0,421-A (1-15),421-A (1-15),
3086650547,11235,2911,BRIGHTON 5TH,ST,3,8665,547,A,0,J-51,J-51,
3086640470,11235,2952,BRIGHTON 5TH,ST,3,8664,470,A,0,421-A (1-15),421-A (1-15),
3086650525,11235,2955,BRIGHTON 5TH,ST,3,8665,525,A,0,421-A (16),421-A (16),
3086740010,11235,3022,BRIGHTON 5TH,ST,3,8674,10,B,0,,ROOMING HOUSE,
3086740018,11235,3038,BRIGHTON 5TH,ST,3,8674,18,B,0,,,
3086750049,11235,3057,BRIGHTON 5TH,ST,3,8675,49,B,0,,ROOMING HOUSE,
3086880078,11235,3090,BRIGHTON 5TH,ST,3,8688,78,A,0,,,
3086890015,11235,3091,BRIGHTON 5TH,ST,3,8689,15,A,0,,,
3086880079,11235,3094,BRIGHTON 5TH,ST,3,8688,79,A,0,,,
3086880084,11235,3108,BRIGHTON 5TH,ST,3,8688,84,A,0,,,
3086880089,11235,3120,BRIGHTON 5TH,ST,3,8688,89,A,0,,,
3086890009,11235,3121,BRIGHTON 5TH,ST,3,8689,9,A,0,,,
3086890045,11235,3096,BRIGHTON 6TH,ST,3,8689,45,A,1,,NON-EVICT COOP/CONDO,
3086910033,11235,3099,BRIGHTON 6TH,ST,3,8691,33,A,0,,,
3086910021,11235,3115 TO 3137,BRIGHTON 6TH,ST,3,8691,21,A,0,,,
3086930012,11235,3151 TO 3173,BRIGHTON 6TH,ST,3,8693,12,A,0,,ARTICLE 11,
3086900083,11235,3152,BRIGHTON 6TH,ST,3,8690,83,A,0,,,
3072630112,11235,2848 TO 2850,BRIGHTON 7TH,ST,3,7263,112,A,0,421-A (1-15),421-A (1-15),
3086760055,11235,3032,BRIGHTON 7TH,ST,3,8676,55,B,0,,ROOMING HOUSE,
3086760059,11235,3040,BRIGHTON 7TH,ST,3,8676,59,A,0,,,
3086760060,11235,3042,BRIGHTON 7TH,ST,3,8676,60,A,0,,,
3086760069,11235,3064,BRIGHTON 7TH,ST,3,8676,69,B,0,,,
3086910057,11235,3100,BRIGHTON 7TH,ST,3,8691,57,A,0,,,
3086920010,11235,3109,BRIGHTON 7TH,ST,3,8692,10,A,0,,,
3086910065,11235,3110,BRIGHTON 7TH,ST,3,8691,65,A,0,,,
3086920001,11235,3111,BRIGHTON 7TH,ST,3,8692,1,A,0,,,
3086910071,11235,3130,BRIGHTON 7TH,ST,3,8691,71,A,0,,,
3086920089,11235,3133,BRIGHTON 7TH,ST,3,8692,89,A,0,,,
3072640020,11235,2821,BRIGHTON 8TH,ST,3,7264,20,A,0,,,
3072630124,11235,2822,BRIGHTON 8TH,ST,3,7263,124,A,0,,,
3086680815,11235,2907,BRIGHTON 8TH,ST,3,8668,815,A,0,,,
3086770012,11235,3022,BRIGHTON 8TH,ST,3,8677,12,B,0,,ROOMING HOUSE,
3086850008,11235,290,BRIGHTON BEACH,AVE,3,8685,8,A,0,,,
3087210350,11235,1108 TO 1130,BRIGHTON BEACH,AVE,3,8721,350,A,1,,NON-EVICT COOP/CONDO,
3087177501,11235,1141 TO 1151,BRIGHTON BEACH,AVE,3,8717,7501,A,1,,NON-EVICT COOP/CONDO,
3087220474,11235,1146 TO 1170,BRIGHTON BEACH,AVE,3,8722,474,A,1,,ROOMING HOUSE NON-EVICT COOP/CONDO,
3087180052,11235,1159 TO 1173,BRIGHTON BEACH,AVE,3,8718,52,A,0,,,
3086820042,11235,101 TO 113,BRIGHTWATER,CT,3,8682,42,A,0,,,
3086820036,11235,115,BRIGHTWATER,CT,3,8682,36,A,0,,,
3086850076,11235,219,BRIGHTWATER,CT,3,8685,76,A,0,,,
3086850070,11235,231,BRIGHTWATER,CT,3,8685,70,A,0,,,
3086860031,11235,301,BRIGHTWATER,CT,3,8686,31,A,0,,,
3086880035,11235,413 TO 423,BRIGHTWATER,CT,3,8688,35,A,0,,GARDEN COMPLEX,
3086890097,11235,501,BRIGHTWATER,CT,3,8689,97,A,0,,,
3086920083,11235,711,BRIGHTWATER,CT,3,8692,83,A,0,,,
3087210375,11235,1311,BRIGHTWATER,AVE,3,8721,375,A,1,,NON-EVICT COOP/CONDO,
3087110015,11235,14 TO 26,CASS,PL,3,8711,15,B,1,,COOP/CONDO PLAN FILE,29062912 BRIGHTON 12TH ST
3087010001,11235,3033 TO 3045,CONEY ISLAND,AVE,3,8701,1,A,0,,,
3086680830,11235,3076,CONEY ISLAND,AVE,3,8668,830,B,0,,,
3086780056,11235,3120,CONEY ISLAND,AVE,3,8678,56,A,0,,,
3086780059,11235,3126,CONEY ISLAND,AVE,3,8678,59,A,0,,,
3087060044,11235,3135,CONEY ISLAND,AVE,3,8706,44,A,0,,,
3086780066,11235,3142,CONEY ISLAND,AVE,3,8678,66,A,0,,,
3086780071,11235,3154,CONEY ISLAND,AVE,3,8678,71,A,0,,,
3086780073,11235,3160,CONEY ISLAND,AVE,3,8678,73,A,0,,,
3086780075,11235,3166,CONEY ISLAND,AVE,3,8678,75,A,0,,,
3086920030,11235,3250,CONEY ISLAND,AVE,3,8692,30,A,0,,,
3086920041,11235,3260,CONEY ISLAND,AVE,3,8692,41,A,0,,,
3087180075,11235,150,CORBIN,PL,3,8718,75,A,0,,,
3087237501,11235,200,CORBIN,PL,3,8723,7501,A,1,,NON-EVICT COOP/CONDO,
3087230279,11235,286,CORBIN,PL,3,8723,279,A,1,,NON-EVICT COOP/CONDO,
3088040042,11235,2800,COYLE,ST,3,8804,42,A,0,,,
3088050134,11235,2815,COYLE,ST,3,8805,134,A,0,,,
3074127501,11235,2475,E 11TH,ST,3,7412,7501,A,0,,,
3074330150,11235,2555,E 12TH,ST,3,7433,150,A,1,,NON-EVICT COOP/CONDO,
3087640004,11235,2733,E 12TH,ST,3,8764,4,A,0,421-A (16),421-A (16),3188 SHORE PKWY
3087640028,11235,2775,E 12TH,ST,3,8764,28,A,0,,,
3074330025,11235,2546,E 13TH,ST,3,7433,25,A,0,,,
3074580001,11235,2611,E 13TH,ST,3,7458,1,A,0,,,
3074580062,11235,2625,E 13TH,ST,3,7458,62,A,0,,,
3087667501,11235,2735,E 13TH,ST,3,8766,7501,A,0,421-A (16),421-A (16),
3087690068,11235,2761,E 15TH,ST,3,8769,68,A,0,,,
3087690067,11235,2765,E 15TH,ST,3,8769,67,B,0,,,
3087690066,11235,2767,E 15TH,ST,3,8769,66,A,0,,,
3087690065,11235,2769,E 15TH,ST,3,8769,65,A,0,,,
3074370064,11235,2531,E 16TH,ST,3,7437,64,A,0,,,
3087690026,11235,2766,E 16TH,ST,3,8769,26,A,0,,,
3087690027,11235,2768,E 16TH,ST,3,8769,27,A,0,,,
3087710101,11235,2775,E 16TH,ST,3,8771,101,A,0,,,
3074620033,11235,2666 TO 2670,E 18TH,ST,3,7462,33,A,0,421-A (1-15),421-A (1-15),
3074390006,11235,2502 TO 2512,E 19TH,ST,3,7439,6,A,0,,,
3074400089,11235,2503,E 19TH,ST,3,7440,89,A,0,,,
3074400088,11235,2507,E 19TH,ST,3,7440,88,A,0,,,
3074630037,11235,2680,E 19TH,ST,3,7463,37,A,0,,,
3074410231,11235,2600,E 21ST,ST,3,7441,231,A,1,,NON-EVICT COOP/CONDO,
3074657504,11235,2632,E 21ST,ST,3,7465,7504,A,0,,,
3074680076,11235,2655,E 23RD,ST,3,7468,76,A,0,421-A (16),421-A (16),
3087810029,11235,2730,E 23RD,ST,3,8781,29,A,0,421-A (1-15),421-A (1-15),
3087810030,11235,2734,E 23RD,ST,3,8781,30,A,0,421-A (1-15),421-A (1-15),
3074420059,11235,2510,E 27TH,ST,3,7442,59,A,0,,,
3074220917,11235,2440,E 29TH,ST,3,7422,917,A,0,,,
3072200080,11235,2566 TO 2576,E 6TH,ST,3,7220,80,A,0,,,
3087710129,11235,1725,EMMONS,AVE,3,8771,129,A,0,,,
3087920063,11235,2801,EMMONS,AVE,3,8792,63,A,0,,,
3088150042,11235,3030,EMMONS,AVE,3,8815,42,A,0,,,
3088070135,11235,3191,EMMONS,AVE,3,8807,135,A,0,,,
3088070125,11235,3205,EMMONS,AVE,3,8807,125,A,0,,,
3088080059,11235,3235,EMMONS,AVE,3,8808,59,A,0,,,
3087450081,11235,45,FALMOUTH,ST,3,8745,81,A,0,,,
3072640049,11235,3364,GUIDER,AVE,3,7264,49,A,0,421-A (1-15),421-A (1-15),722 BANNER AVE
3088100096,11235,3431,GUIDER,AVE,3,8810,96,A,0,421-A (1-15),421-A (1-15),1130 LAWN CT
3088120137,11235,3440 TO 3442,GUIDER,AVE,3,8812,137,A,0,421-A (16),421-A (16),
3074560006,11235,2626,HOMECREST,AVE,3,7456,6,A,0,,,
3074570055,11235,2665,HOMECREST,AVE,3,7457,55,A,1,,NON-EVICT COOP/CONDO,
3074570046,11235,2685,HOMECREST,AVE,3,7457,46,A,0,,,
3087650027,11235,2741 TO 2757,HOMECREST,AVE,3,8765,27,A,0,,,
3087640010,11235,2750,HOMECREST,AVE,3,8764,10,A,0,,,
3072200050,11235,60 TO 81,MANHATTAN,CT,3,7220,50,A,0,,,
3086650558,11235,262,NEPTUNE,AVE,3,8665,558,B,0,,,
3072620007,11235,279,NEPTUNE,AVE,3,7262,7,A,0,,,
3072610098,11235,333,NEPTUNE,AVE,3,7261,98,A,0,,,
3086630246,11235,340,NEPTUNE,AVE,3,8663,246,A,0,,,
3072600112,11235,367,NEPTUNE,AVE,3,7260,112,A,0,,,
3086617502,11235,380,NEPTUNE,AVE,3,8661,7502,A,0,421-A (16),421-A (16),29082920 BRIGHTON 1ST ST
3074750001,11235,3901 TO 3903,NOSTRAND,AVE,3,7475,1,A,1,,NON-EVICT COOP/CONDO,
3072200001,11235,2503 TO 2517,OCEAN,PKWY,3,7220,1,A,0,,,
3072190015,11235,2510,OCEAN,PKWY,3,7219,15,A,0,,,
3072200070,11235,2529 TO 2541,OCEAN,PKWY,3,7220,70,A,0,,,
3072200110,11235,2551 TO 2565,OCEAN,PKWY,3,7220,110,A,0,,,
3072180059,11235,2580,OCEAN,PKWY,3,7218,59,A,1,,NON-EVICT COOP/CONDO,
3072380049,11235,2620,OCEAN,PKWY,3,7238,49,A,1,,NON-EVICT COOP/CONDO,
3072380115,11235,2650,OCEAN,PKWY,3,7238,115,A,1,,NON-EVICT COOP/CONDO,
3072600028,11235,2727,OCEAN,PKWY,3,7260,28,A,1,,NON-EVICT COOP/CONDO,
3072600020,11235,2785,OCEAN,PKWY,3,7260,20,A,0,,,
3074220101,11235,2813,OCEAN,AVE,3,7422,101,B,0,,,
3074210016,11235,2820,OCEAN,AVE,3,7421,16,A,0,,,
3074220146,11235,2835,OCEAN,AVE,3,7422,146,A,0,,,
3074407501,11235,2900,OCEAN,AVE,3,7440,7501,A,1,,NON-EVICT COOP/CONDO,
3086610001,11235,2901,OCEAN,PKWY,3,8661,1,A,0,,,
3074410269,11235,2905,OCEAN,AVE,3,7441,269,A,0,421-A (1-15),421-A (1-15),
3086610078,11235,2935,OCEAN,PKWY,3,8661,78,A,0,,,
3074410255,11235,2939,OCEAN,AVE,3,7441,255,A,0,,,
3072740020,11235,2940,OCEAN,PKWY,3,7274,20,A,0,,,
3074400028,11235,2950,OCEAN,AVE,3,7440,28,A,1,,NON-EVICT COOP/CONDO,
3074410245,11235,2951,OCEAN,AVE,3,7441,245,A,1,,NON-EVICT COOP/CONDO,
3086617505,11235,2955 TO 2963,OCEAN,PKWY,3,8661,7505,A,1,,NON-EVICT COOP/CONDO,
3074400041,11235,2970 TO 2980,OCEAN,AVE,3,7440,41,A,0,,,
3072740035,11235,3000,OCEAN,PKWY,3,7274,35,A,0,,,
3086690077,11235,3017,OCEAN,PKWY,3,8669,77,A,1,,COOP/CONDO PLAN FILE,
3074640022,11235,3030,OCEAN,AVE,3,7464,22,A,0,,,
3074650040,11235,3051 TO 3059,OCEAN,AVE,3,7465,40,A,0,,,
3074640035,11235,3060,OCEAN,AVE,3,7464,35,A,0,,,
3072820062,11235,3100,OCEAN,PKWY,3,7282,62,A,0,,,
3086790007,11235,3101,OCEAN,PKWY,3,8679,7,A,0,,,
3086610060,11235,129,OCEAN VIEW,AVE,3,8661,60,A,0,,,
3086747501,11235,412,OCEAN VIEW,AVE,3,8674,7501,A,0,421-A (1-15),421-A (1-15),
3086740007,11235,422 TO 424,OCEAN VIEW,AVE,3,8674,7,A,0,421-A (1-15),421-A (1-15),
3086750076,11235,524,OCEAN VIEW,AVE,3,8675,76,A,0,,,
3086670725,11235,701,OCEAN VIEW,AVE,3,8667,725,A,0,,,2971 BRIGHTON 7TH ST
3087090095,11235,1048,OCEAN VIEW,AVE,3,8709,95,A,0,,,105 BRIGHTON 11TH ST
3087150056,11235,1070,OCEAN VIEW,AVE,3,8715,56,A,0,,,
3087150051,11235,1080,OCEAN VIEW,AVE,3,8715,51,A,0,,,
3087190038,11235,65,ORIENTAL,BLVD,3,8719,38,A,0,,,
3087340018,11235,301,ORIENTAL,BLVD,3,8734,18,A,0,,,
3087210360,11235,35,SEACOAST,TER,3,8721,360,A,1,,NON-EVICT COOP/CONDO,
3087717503,11235,1780,SHEEPSHEAD BAY,RD,3,8771,7503,A,0,421-A (16),421-A (16),
3087107501,11235,10 TO 22,SHORE,BLVD,3,8710,7501,A,0,J-51,J-51,
3087100055,11235,50,SHORE,BLVD,3,8710,55,A,1,,NON-EVICT COOP/CONDO,
3087260001,11235,110,SHORE,BLVD,3,8726,1,A,1,,NON-EVICT COOP/CONDO,
3072600045,11235,2850,SHORE,PKWY,3,7260,45,A,0,,,
3072440103,11235,3001,SHORE,PKWY,3,7244,103,A,0,,,
3087650019,11235,3232,SHORE,PKWY,3,8765,19,A,0,,,
3074580036,11235,3255,SHORE,PKWY,3,7458,36,A,0,,,
3087680001,11235,3311,SHORE,PKWY,3,8768,1,B,1,,COOP/CONDO PLAN FILE,
3087867504,11235,3611,SHORE,PKWY,3,8786,7504,A,1,,NON-EVICT COOP/CONDO,
3087910224,11235,3685,SHORE,PKWY,3,8791,224,A,0,,,
3088060140,11235,3845 TO 3855,SHORE,PKWY,3,8806,140,A,1,,NON-EVICT COOP/CONDO,
3074597501,11235,1501,VOORHIES,AVE,3,7459,7501,A,0,421-A (1-15),421-A (1-15),
3074590146,11235,1609 TO 1615,VOORHIES,AVE,3,7459,146,A,0,421-A (16),421-A (16),
3074620044,11235,1713,VOORHIES,AVE,3,7462,44,A,0,,,
3074620043,11235,1715,VOORHIES,AVE,3,7462,43,A,0,,,
3074620041,11235,1719,VOORHIES,AVE,3,7462,41,A,0,,,
3074620040,11235,1721,VOORHIES,AVE,3,7462,40,B,0,,,
3087760007,11235,2018,VOORHIES,AVE,3,8776,7,B,0,,,
3087820007,11235,2330,VOORHIES,AVE,3,8782,7,A,1,,NON-EVICT COOP/CONDO,
3088060150,11235,3080 TO 3090,VOORHIES,AVE,3,8806,150,A,1,,NON-EVICT COOP/CONDO,
3087137501,11235,2,W END,AVE,3,8713,7501,A,1,,NON-EVICT COOP/CONDO,
3087190020,11235,150,W END,AVE,3,8719,20,A,1,,NON-EVICT COOP/CONDO,
3087320018,11235,165,W END,AVE,3,8732,18,A,0,J-51,J-51,
3080340042,11236,8218,AVENUE J,,3,8034,42,A,0,421-A (16),421-A (16),
3080400043,11236,8820,AVENUE J,,3,8040,43,A,0,421-A (1-15),421-A (1-15),
3082400037,11236,9414,AVENUE K,,3,8240,37,A,0,421-A (1-15),ROOMING HOUSE 421-A (1-15),
3046880001,11236,9111,CHURCH,AVE,3,4688,1,B,0,,,
3081870058,11236,286,CONKLIN,AVE,3,8187,58,A,0,421-A (1-15),421-A (1-15),
3081900039,11236,702 TO 726,E 103RD,ST,3,8190,39,A,0,,,
3081900050,11236,730 TO 752,E 103RD,ST,3,8190,50,A,0,,,
3082350315,11236,959 TO 999,E 108TH,ST,3,8235,315,A,0,,,
3082350289,11236,1001 TO 1031,E 108TH,ST,3,8235,289,A,0,,,
3079810020,11236,611,E 76TH,ST,3,7981,20,A,0,421-A (1-15),421-A (1-15),
3079610029,11236,545 TO 555,E 82ND,ST,3,7961,29,A,0,J-51,J-51,
3047460011,11236,105 TO 117,E 86TH,ST,3,4746,11,A,0,,,
3047090017,11236,15,E 88TH,ST,3,4709,17,A,0,,,
3047090014,11236,21,E 88TH,ST,3,4709,14,A,0,,,
3079930055,11236,636,E 89TH,ST,3,7993,55,A,0,421-A (1-15),421-A (1-15),
3047140015,11236,585,E 93RD,ST,3,4714,15,A,0,,,
3047140013,11236,589,E 93RD,ST,3,4714,13,A,0,,,
3047140012,11236,593,E 93RD,ST,3,4714,12,A,0,,,
3047140011,11236,597,E 93RD,ST,3,4714,11,B,0,,,
3082200021,11236,1289,E 93RD,ST,3,8220,21,A,0,421-A (1-15),421-A (1-15),
3047140056,11236,556,E 94TH,ST,3,4714,56,A,0,,GARDEN COMPLEX,
3047140058,11236,564,E 94TH,ST,3,4714,58,A,0,,,
3047550039,11236,597,E 95TH,ST,3,4755,39,A,0,,,
3082600030,11236,1427 TO 1429,E 95TH,ST,3,8260,30,A,0,,,
3047560027,11236,617,E 96TH,ST,3,4756,27,A,0,,,
3047560023,11236,627,E 96TH,ST,3,4756,23,A,0,,,
3047550063,11236,628,E 96TH,ST,3,4755,63,A,0,,GARDEN COMPLEX,
3047560022,11236,631,E 96TH,ST,3,4756,22,B,0,,,
3047550065,11236,632,E 96TH,ST,3,4755,65,A,0,,GARDEN COMPLEX,
3047550066,11236,636,E 96TH,ST,3,4755,66,A,0,,,
3047560019,11236,639,E 96TH,ST,3,4756,19,A,0,,,
3047550071,11236,652,E 96TH,ST,3,4755,71,A,0,,GARDEN COMPLEX,
3081130060,11236,716,E 96TH,ST,3,8113,60,A,0,421-A (1-15),421-A (1-15),
3081280001,11236,888 TO 914,E 96TH,ST,3,8128,1,A,0,,,
3081640065,11236,1038,E 96TH,ST,3,8164,65,A,0,421-A (1-15),421-A (1-15),
3081640165,11236,1042,E 96TH,ST,3,8164,165,A,0,421-A (1-15),ROOMING HOUSE 421-A (1-15),
3047570001,11236,638 TO 660,E 98TH,ST,3,4757,1,A,0,,,
3082060005,11236,1177,E 98TH,ST,3,8206,5,A,0,,,
3080070001,11236,8623,FLATLANDS,AVE,3,8007,1,A,0,421-A (16),421-A (16),766 E 87TH ST
3079817501,11236,1645 TO 1669,RALPH,AVE,3,7981,7501,A,0,421-A (1-15),421-A (1-15),
3082240022,11236,1625,ROCKAWAY,PKWY,3,8224,22,A,0,,,
3082240013,11236,1665,ROCKAWAY,PKWY,3,8224,13,A,0,421-A (1-15),421-A (1-15),
3082240012,11236,1667,ROCKAWAY,PKWY,3,8224,12,A,0,421-A (1-15),421-A (1-15),
3083020075,11236,9915,SEAVIEW,AVE,3,8302,75,A,0,,,
3083100054,11236,10515,SEAVIEW,AVE,3,8310,54,A,0,,GARDEN COMPLEX,
3033070014,11237,206,BLEECKER,ST,3,3307,14,A,0,,,
3033090014,11237,278,BLEECKER,ST,3,3309,14,A,0,,,
3033090015,11237,280,BLEECKER,ST,3,3309,15,A,0,,,
3033090016,11237,282,BLEECKER,ST,3,3309,16,A,0,,,
3033000046,11237,283,BLEECKER,ST,3,3300,46,B,0,,GARDEN COMPLEX,
3033000045,11237,285,BLEECKER,ST,3,3300,45,A,0,,,
3033000044,11237,287,BLEECKER,ST,3,3300,44,A,0,,,
3033090018,11237,288,BLEECKER,ST,3,3309,18,A,0,,,
3033000043,11237,289,BLEECKER,ST,3,3300,43,A,0,,,
3033010060,11237,315,BLEECKER,ST,3,3301,60,A,0,,,
3033010059,11237,317,BLEECKER,ST,3,3301,59,A,0,,,
3033010058,11237,319,BLEECKER,ST,3,3301,58,A,0,,,
3033010057,11237,321,BLEECKER,ST,3,3301,57,A,0,,,
3033010056,11237,323,BLEECKER,ST,3,3301,56,A,0,,,
3033100023,11237,334,BLEECKER,ST,3,3310,23,A,0,,,
3033100032,11237,352,BLEECKER,ST,3,3310,32,A,0,,,
3033020042,11237,387,BLEECKER,ST,3,3302,42,A,0,,,
3033020041,11237,393,BLEECKER,ST,3,3302,41,B,0,,,
3033020040,11237,395,BLEECKER,ST,3,3302,40,A,0,,,
3033020038,11237,397,BLEECKER,ST,3,3302,38,A,0,,,
3033120012,11237,418,BLEECKER,ST,3,3312,12,A,0,,,
3033120016,11237,422,BLEECKER,ST,3,3312,16,A,0,,,
3033120018,11237,424,BLEECKER,ST,3,3312,18,A,0,,,
3033120020,11237,426,BLEECKER,ST,3,3312,20,A,0,,,
3033120022,11237,430,BLEECKER,ST,3,3312,22,A,0,,,
3033030037,11237,431,BLEECKER,ST,3,3303,37,A,0,,,
3033120023,11237,432,BLEECKER,ST,3,3312,23,A,0,,,
3033030036,11237,433,BLEECKER,ST,3,3303,36,A,0,,,
3033120024,11237,434,BLEECKER,ST,3,3312,24,A,0,,,
3033030035,11237,435,BLEECKER,ST,3,3303,35,A,0,,,
3033120025,11237,436,BLEECKER,ST,3,3312,25,A,0,,,
3033030034,11237,437,BLEECKER,ST,3,3303,34,A,0,,,
3033120026,11237,438,BLEECKER,ST,3,3312,26,A,0,,,
3033030033,11237,439,BLEECKER,ST,3,3303,33,A,0,,,
3033120027,11237,440,BLEECKER,ST,3,3312,27,A,0,,,
3033030032,11237,441,BLEECKER,ST,3,3303,32,B,0,,,
3033030031,11237,443,BLEECKER,ST,3,3303,31,A,0,,,
3033030030,11237,445,BLEECKER,ST,3,3303,30,A,0,,,
3034370001,11237,257,COOPER,ST,3,3437,1,A,0,J-51,J-51,
3034430013,11237,272,COOPER,ST,3,3443,13,A,0,,,
3034430020,11237,282,COOPER,ST,3,3443,20,A,0,,,
3034430021,11237,284,COOPER,ST,3,3443,21,A,0,,GARDEN COMPLEX,
3034370162,11237,287,COOPER,ST,3,3437,162,A,0,421-A (1-15),421-A (1-15),
3034370062,11237,289,COOPER,ST,3,3437,62,A,0,421-A (1-15),421-A (1-15),
3033860141,11237,406,CORNELIA,ST,3,3386,141,A,0,421-A (16),421-A (16),
3034250014,11237,298,COVERT,ST,3,3425,14,A,0,,,
3034250015,11237,302,COVERT,ST,3,3425,15,A,0,,,
3034250016,11237,304,COVERT,ST,3,3425,16,A,0,,,
3034250017,11237,308,COVERT,ST,3,3425,17,A,0,,,
3034250018,11237,310,COVERT,ST,3,3425,18,A,0,,,
3034250019,11237,312,COVERT,ST,3,3425,19,A,0,,,
3034250020,11237,314,COVERT,ST,3,3425,20,A,0,J-51,J-51,
3034250021,11237,316,COVERT,ST,3,3425,21,A,0,,,
3034250023,11237,320,COVERT,ST,3,3425,23,A,0,,GARDEN COMPLEX,
3034250024,11237,322,COVERT,ST,3,3425,24,A,0,,,
3034250025,11237,326,COVERT,ST,3,3425,25,A,0,,,
3034250026,11237,328,COVERT,ST,3,3425,26,A,0,,,
3034250027,11237,330,COVERT,ST,3,3425,27,A,0,,,
3033120031,11237,572,CYPRESS,AVE,3,3312,31,A,0,J-51,J-51,435 MENAHAN ST
3034370009,11237,1318,DECATUR,ST,3,3437,9,A,0,,,
3034310028,11237,1355,DECATUR,ST,3,3431,28,A,0,,,
3034310128,11237,1357,DECATUR,ST,3,3431,128,A,0,,,
3034370033,11237,1360,DECATUR,ST,3,3437,33,A,0,,,
3034370034,11237,1362,DECATUR,ST,3,3437,34,A,0,,,
3034370035,11237,1364,DECATUR,ST,3,3437,35,B,0,,,
3034370037,11237,1370,DECATUR,ST,3,3437,37,A,0,,,
3034370041,11237,1382,DECATUR,ST,3,3437,41,A,0,,,
3034370042,11237,1384,DECATUR,ST,3,3437,42,A,0,,,
3034370043,11237,1386,DECATUR,ST,3,3437,43,B,0,,,
3032350051,11237,1411,DEKALB,AVE,3,3235,51,A,0,,GARDEN COMPLEX,
3032460010,11237,1412,DEKALB,AVE,3,3246,10,A,0,,,
3032460011,11237,1414,DEKALB,AVE,3,3246,11,A,0,,,
3032350050,11237,1415,DEKALB,AVE,3,3235,50,A,0,,,
3032350049,11237,1417,DEKALB,AVE,3,3235,49,A,0,,,
3032460013,11237,1418,DEKALB,AVE,3,3246,13,A,0,,,
3032460014,11237,1420,DEKALB,AVE,3,3246,14,A,0,,,
3032460015,11237,1422,DEKALB,AVE,3,3246,15,A,0,,GARDEN COMPLEX,
3032460016,11237,1424,DEKALB,AVE,3,3246,16,A,0,,,
3032350045,11237,1429,DEKALB,AVE,3,3235,45,A,0,,,
3032460019,11237,1430,DEKALB,AVE,3,3246,19,A,0,,,
3032350042,11237,1433,DEKALB,AVE,3,3235,42,A,0,421-A (1-15),GARDEN COMPLEX 421-A (1-15),
3032460023,11237,1438,DEKALB,AVE,3,3246,23,A,0,,,
3032460024,11237,1440,DEKALB,AVE,3,3246,24,A,0,,,
3032350040,11237,1441,DEKALB,AVE,3,3235,40,A,0,,,
3032460025,11237,1442,DEKALB,AVE,3,3246,25,A,0,,,
3032470014,11237,1488,DEKALB,AVE,3,3247,14,A,0,,,
3032470015,11237,1490,DEKALB,AVE,3,3247,15,A,0,,,
3032470016,11237,1492,DEKALB,AVE,3,3247,16,A,0,,,
3032470017,11237,1494,DEKALB,AVE,3,3247,17,A,0,,,
3032470018,11237,1496,DEKALB,AVE,3,3247,18,A,0,,,
3032470019,11237,1498,DEKALB,AVE,3,3247,19,A,0,,,
3032360050,11237,1499,DEKALB,AVE,3,3236,50,A,0,,,
3032470020,11237,1500,DEKALB,AVE,3,3247,20,A,0,,,
3032360049,11237,1501,DEKALB,AVE,3,3236,49,A,0,,,
3032470021,11237,1502,DEKALB,AVE,3,3247,21,A,0,,,
3032470022,11237,1504,DEKALB,AVE,3,3247,22,A,0,,,
3032360048,11237,1505,DEKALB,AVE,3,3236,48,A,0,,,
3032470023,11237,1506,DEKALB,AVE,3,3247,23,A,0,,,
3032470024,11237,1508,DEKALB,AVE,3,3247,24,A,0,,,
3032360046,11237,1511,DEKALB,AVE,3,3236,46,A,0,,,
3032470026,11237,1512,DEKALB,AVE,3,3247,26,A,0,J-51,J-51,
3032360045,11237,1513,DEKALB,AVE,3,3236,45,A,0,,,
3032470027,11237,1514,DEKALB,AVE,3,3247,27,A,0,,,
3032360044,11237,1517,DEKALB,AVE,3,3236,44,A,0,,,
3032360043,11237,1519,DEKALB,AVE,3,3236,43,A,0,,,
3032360042,11237,1523,DEKALB,AVE,3,3236,42,A,0,,,
3032360041,11237,1525,DEKALB,AVE,3,3236,41,A,0,,ROOMING HOUSE,
3032360040,11237,1529,DEKALB,AVE,3,3236,40,A,0,,,
3032360039,11237,1531,DEKALB,AVE,3,3236,39,A,0,,,
3032470028,11237,1532,DEKALB,AVE,3,3247,28,A,0,,,
3032470029,11237,1536,DEKALB,AVE,3,3247,29,A,0,,,
3032470030,11237,1538,DEKALB,AVE,3,3247,30,A,0,,,
3032370001,11237,1549,DEKALB,AVE,3,3237,1,A,0,,,149153 IRVING AVE
3032370063,11237,1553,DEKALB,AVE,3,3237,63,A,0,,,
3032370061,11237,1557,DEKALB,AVE,3,3237,61,A,0,,,
3032370059,11237,1559,DEKALB,AVE,3,3237,59,A,0,,,
3032480011,11237,1560,DEKALB,AVE,3,3248,11,A,0,,,
3032370057,11237,1563,DEKALB,AVE,3,3237,57,A,0,,,
3032370056,11237,1567,DEKALB,AVE,3,3237,56,A,0,,,
3032370055,11237,1571,DEKALB,AVE,3,3237,55,A,0,,,
3032370054,11237,1575,DEKALB,AVE,3,3237,54,A,0,,,
3032480016,11237,1576,DEKALB,AVE,3,3248,16,A,0,,,
3032480019,11237,1582,DEKALB,AVE,3,3248,19,A,0,,,
3032370049,11237,1585,DEKALB,AVE,3,3237,49,A,0,,,
3032380046,11237,1627,DEKALB,AVE,3,3238,46,A,0,421-A (1-15),421-A (1-15),
3032380045,11237,1629,DEKALB,AVE,3,3238,45,A,0,421-A (1-15),421-A (1-15),
3032490011,11237,1636,DEKALB,AVE,3,3249,11,A,0,421-A (16),GARDEN COMPLEX 421-A (16),
3032490015,11237,1642,DEKALB,AVE,3,3249,15,A,0,,,
3032490016,11237,1644,DEKALB,AVE,3,3249,16,A,0,,,
3032490018,11237,1646,DEKALB,AVE,3,3249,18,A,0,,,
3032490023,11237,1654,DEKALB,AVE,3,3249,23,A,0,,,
3032490024,11237,1656,DEKALB,AVE,3,3249,24,A,0,,,
3032380039,11237,1659,DEKALB,AVE,3,3238,39,A,0,,,
3032500011,11237,1660,DEKALB,AVE,3,3250,11,A,0,,,
3032380038,11237,1661,DEKALB,AVE,3,3238,38,A,0,,,
3032380037,11237,1663,DEKALB,AVE,3,3238,37,A,0,,,
3032380036,11237,1665,DEKALB,AVE,3,3238,36,A,0,,,
3034130066,11237,305,ELDERT,ST,3,3413,66,A,0,,,
3034130065,11237,309,ELDERT,ST,3,3413,65,B,0,,,
3034130064,11237,311,ELDERT,ST,3,3413,64,B,0,,ROOMING HOUSE,
3034190016,11237,314,ELDERT,ST,3,3419,16,A,0,,GARDEN COMPLEX,
3034190018,11237,320,ELDERT,ST,3,3419,18,A,0,,GARDEN COMPLEX,
3034190019,11237,322,ELDERT,ST,3,3419,19,A,0,,,
3034190027,11237,338,ELDERT,ST,3,3419,27,A,0,421-A (16),GARDEN COMPLEX 421-A (16),
3034190028,11237,340,ELDERT,ST,3,3419,28,A,0,421-A (16),GARDEN COMPLEX 421-A (16),
3034190029,11237,342,ELDERT,ST,3,3419,29,A,0,,GARDEN COMPLEX,
3031550021,11237,1038,FLUSHING,AVE,3,3155,21,A,0,,,
3031550023,11237,1044,FLUSHING,AVE,3,3155,23,A,0,,,
3030120024,11237,1045 TO 1047,FLUSHING,AVE,3,3012,24,A,0,,,
3030130031,11237,1061,FLUSHING,AVE,3,3013,31,A,0,,,
3030130023,11237,1077,FLUSHING,AVE,3,3013,23,A,0,,,
3030150001,11237,1099 TO 1105,FLUSHING,AVE,3,3015,1,A,0,,,120 THAMES ST
3033440009,11237,1434,GATES,AVE,3,3344,9,A,0,,,
3033440011,11237,1440,GATES,AVE,3,3344,11,A,0,421-A (1-15),421-A (1-15),
3033440013,11237,1446,GATES,AVE,3,3344,13,A,0,,,
3033350050,11237,1461,GATES,AVE,3,3335,50,A,0,421-A (16),421-A (16),
3033350040,11237,1491,GATES,AVE,3,3335,40,A,0,,,
3033350039,11237,1493,GATES,AVE,3,3335,39,A,0,,,
3033360030,11237,1503,GATES,AVE,3,3336,30,A,0,,GARDEN COMPLEX,
3033360028,11237,1507,GATES,AVE,3,3336,28,A,0,,GARDEN COMPLEX,
3033457502,11237,1510,GATES,AVE,3,3345,7502,A,0,421-A (16),421-A (16),
3033450016,11237,1530,GATES,AVE,3,3345,16,A,0,,,
3033370033,11237,1549,GATES,AVE,3,3337,33,A,0,,,
3033380023,11237,1591,GATES,AVE,3,3338,23,A,0,,,
3031550035,11237,147,GEORGE,ST,3,3155,35,A,0,,,
3030080014,11237,56,GRATTAN,ST,3,3008,14,A,0,,,
3030040044,11237,81,GRATTAN,ST,3,3004,44,A,0,,,
3030040041,11237,89,GRATTAN,ST,3,3004,41,B,0,,,
3030040040,11237,93,GRATTAN,ST,3,3004,40,B,0,,,
3030090016,11237,98,GRATTAN,ST,3,3009,16,B,0,,,
3030040037,11237,99,GRATTAN,ST,3,3004,37,B,0,,,
3030040036,11237,103,GRATTAN,ST,3,3004,36,A,0,,,
3030040034,11237,107,GRATTAN,ST,3,3004,34,A,0,,,
3030100007,11237,120,GRATTAN,ST,3,3010,7,A,0,,,
3030100009,11237,126,GRATTAN,ST,3,3010,9,A,0,,,
3030100012,11237,134,GRATTAN,ST,3,3010,12,A,0,,,
3030100013,11237,136,GRATTAN,ST,3,3010,13,A,0,,,
3030100014,11237,140,GRATTAN,ST,3,3010,14,A,0,,,
3030100015,11237,142,GRATTAN,ST,3,3010,15,A,0,,,
3030100019,11237,152,GRATTAN,ST,3,3010,19,A,0,,,
3032870040,11237,1285,GREENE,AVE,3,3287,40,A,0,,,
3032870038,11237,1289,GREENE,AVE,3,3287,38,A,0,,GARDEN COMPLEX,
3032870037,11237,1291,GREENE,AVE,3,3287,37,A,0,,,
3032870036,11237,1295,GREENE,AVE,3,3287,36,A,0,421-A (1-15),421-A (1-15),
3032890044,11237,1351,GREENE,AVE,3,3289,44,A,0,,,
3032890040,11237,1359,GREENE,AVE,3,3289,40,A,0,,,
3032890039,11237,1361,GREENE,AVE,3,3289,39,A,0,,,
3032890038,11237,1363,GREENE,AVE,3,3289,38,A,0,,,
3032890037,11237,1365,GREENE,AVE,3,3289,37,A,0,,,
3032890034,11237,1371,GREENE,AVE,3,3289,34,A,0,,,
3032890033,11237,1373,GREENE,AVE,3,3289,33,A,0,,,
3033000027,11237,1388,GREENE,AVE,3,3300,27,A,0,,,
3033000028,11237,1390,GREENE,AVE,3,3300,28,A,0,,,
3033000029,11237,1392,GREENE,AVE,3,3300,29,A,0,,,
3033000030,11237,1394,GREENE,AVE,3,3300,30,A,0,,GARDEN COMPLEX,
3032900056,11237,1395,GREENE,AVE,3,3290,56,A,0,,,
3033000032,11237,1396,GREENE,AVE,3,3300,32,A,0,,,
3032900052,11237,1401,GREENE,AVE,3,3290,52,A,0,,,
3032900045,11237,1413,GREENE,AVE,3,3290,45,A,0,,ROOMING HOUSE,
3032900044,11237,1415,GREENE,AVE,3,3290,44,A,0,,,
3032900043,11237,1417,GREENE,AVE,3,3290,43,A,0,,,
3032900042,11237,1419,GREENE,AVE,3,3290,42,A,0,,,
3033010011,11237,1424,GREENE,AVE,3,3301,11,A,0,,,
3032900039,11237,1431,GREENE,AVE,3,3290,39,A,0,,,
3033010014,11237,1432,GREENE,AVE,3,3301,14,A,0,,,
3032900038,11237,1433,GREENE,AVE,3,3290,38,A,0,,,
3033010015,11237,1434,GREENE,AVE,3,3301,15,A,0,,,
3033010017,11237,1436,GREENE,AVE,3,3301,17,A,0,,,
3033010026,11237,1454,GREENE,AVE,3,3301,26,A,0,,,
3033010027,11237,1456,GREENE,AVE,3,3301,27,A,0,,,
3032910046,11237,1463,GREENE,AVE,3,3291,46,A,0,,GARDEN COMPLEX,
3032910038,11237,1477,GREENE,AVE,3,3291,38,A,0,421-A (16),421-A (16),
3033030027,11237,1576,GREENE,AVE,3,3303,27,A,0,,,
3033170044,11237,293,GROVE,ST,3,3317,44,A,0,,,
3033170043,11237,295,GROVE,ST,3,3317,43,A,0,,,
3033170042,11237,297,GROVE,ST,3,3317,42,A,0,,,
3033260021,11237,298,GROVE,ST,3,3326,21,A,0,,,
3033170041,11237,301,GROVE,ST,3,3317,41,A,0,,,
3033260024,11237,302,GROVE,ST,3,3326,24,A,0,,,
3033170040,11237,303,GROVE,ST,3,3317,40,B,0,,,
3033260025,11237,304,GROVE,ST,3,3326,25,A,0,,GARDEN COMPLEX,
3033170039,11237,305,GROVE,ST,3,3317,39,A,0,,,
3033260026,11237,306,GROVE,ST,3,3326,26,A,0,,GARDEN COMPLEX,
3033170038,11237,307,GROVE,ST,3,3317,38,A,0,,,
3033260027,11237,308,GROVE,ST,3,3326,27,A,0,,,
3033260029,11237,310,GROVE,ST,3,3326,29,A,0,,GARDEN COMPLEX,
3033260030,11237,312,GROVE,ST,3,3326,30,A,0,,,
3033260033,11237,318,GROVE,ST,3,3326,33,A,0,,,
3033260034,11237,320,GROVE,ST,3,3326,34,A,0,,GARDEN COMPLEX,
3033190057,11237,337,GROVE,ST,3,3319,57,A,0,,,
3033190056,11237,339,GROVE,ST,3,3319,56,A,0,421-A (1-15),GARDEN COMPLEX 421-A (1-15),
3033190055,11237,341,GROVE,ST,3,3319,55,A,0,,,
3033190053,11237,345,GROVE,ST,3,3319,53,A,1,,NON-EVICT COOP/CONDO,
3033190052,11237,347,GROVE,ST,3,3319,52,A,0,,,
3033190051,11237,349,GROVE,ST,3,3319,51,A,0,,,
3033190050,11237,351,GROVE,ST,3,3319,50,A,0,,,
3033190048,11237,355,GROVE,ST,3,3319,48,A,0,,GARDEN COMPLEX,
3033190047,11237,357,GROVE,ST,3,3319,47,A,0,,,
3033190046,11237,359,GROVE,ST,3,3319,46,A,0,,,
3033190045,11237,361,GROVE,ST,3,3319,45,A,0,,,
3033190044,11237,363 TO 375,GROVE,ST,3,3319,44,A,0,,,
3033280026,11237,378 TO 380,GROVE,ST,3,3328,26,A,0,421-A (16),421-A (16),
3034060061,11237,1217,HALSEY,ST,3,3406,61,B,0,,,
3034060060,11237,1219,HALSEY,ST,3,3406,60,A,0,,,
3034060059,11237,1223,HALSEY,ST,3,3406,59,A,0,,,
3034060057,11237,1229,HALSEY,ST,3,3406,57,A,0,,,
3034060056,11237,1231,HALSEY,ST,3,3406,56,A,0,,,
3034060055,11237,1235,HALSEY,ST,3,3406,55,B,0,,,
3034060054,11237,1239,HALSEY,ST,3,3406,54,A,0,,,
3034060052,11237,1241,HALSEY,ST,3,3406,52,A,0,,,
3034060050,11237,1245,HALSEY,ST,3,3406,50,A,0,,,
3034130013,11237,1278,HALSEY,ST,3,3413,13,A,0,,,
3034130015,11237,1284,HALSEY,ST,3,3413,15,A,0,,,
3034130019,11237,1290,HALSEY,ST,3,3413,19,A,0,,,
3034130020,11237,1292,HALSEY,ST,3,3413,20,A,0,,,
3034060049,11237,1309,HALSEY,ST,3,3406,49,A,0,,GARDEN COMPLEX,
3034060048,11237,1311,HALSEY,ST,3,3406,48,A,0,,,
3034130026,11237,1312,HALSEY,ST,3,3413,26,A,0,,,
3034130028,11237,1316,HALSEY,ST,3,3413,28,A,0,,GARDEN COMPLEX,
3034060046,11237,1317,HALSEY,ST,3,3406,46,A,0,,,
3034130029,11237,1318,HALSEY,ST,3,3413,29,A,0,J-51,J-51,
3034130030,11237,1320,HALSEY,ST,3,3413,30,A,0,,,
3034060044,11237,1321,HALSEY,ST,3,3406,44,A,0,,,
3034130033,11237,1324,HALSEY,ST,3,3413,33,A,0,,,
3034130035,11237,1326,HALSEY,ST,3,3413,35,A,0,,,
3033920065,11237,1327,HANCOCK,ST,3,3392,65,A,0,J-51,J-51,
3033990014,11237,1328,HANCOCK,ST,3,3399,14,A,0,,,
3033990015,11237,1330,HANCOCK,ST,3,3399,15,A,0,J-51,J-51,
3033920063,11237,1333,HANCOCK,ST,3,3392,63,B,0,,,
3033990016,11237,1334,HANCOCK,ST,3,3399,16,A,0,J-51,J-51,
3033920060,11237,1341,HANCOCK,ST,3,3392,60,A,0,,,
3033990020,11237,1342,HANCOCK,ST,3,3399,20,A,0,J-51,J-51,
3033920058,11237,1347,HANCOCK,ST,3,3392,58,A,0,,,
3033990023,11237,1352,HANCOCK,ST,3,3399,23,A,0,,,
3033920056,11237,1353,HANCOCK,ST,3,3392,56,A,0,,,
3033990024,11237,1354,HANCOCK,ST,3,3399,24,A,0,,GARDEN COMPLEX,
3033990026,11237,1360,HANCOCK,ST,3,3399,26,A,0,,,
3032780037,11237,249,HARMAN,ST,3,3278,37,B,0,,,
3032780036,11237,251,HARMAN,ST,3,3278,36,A,0,,GARDEN COMPLEX SECTION 610 OF PHFL,
3032890010,11237,290,HARMAN,ST,3,3289,10,A,0,,,
3032790053,11237,291,HARMAN,ST,3,3279,53,A,0,,,
3032790052,11237,293,HARMAN,ST,3,3279,52,A,0,,,
3032890011,11237,294,HARMAN,ST,3,3289,11,A,0,,,
3032890012,11237,296,HARMAN,ST,3,3289,12,A,0,,,
3032790050,11237,297,HARMAN,ST,3,3279,50,A,0,,,
3032790049,11237,299,HARMAN,ST,3,3279,49,A,0,,,
3032890013,11237,300,HARMAN,ST,3,3289,13,A,0,,,
3032790048,11237,301,HARMAN,ST,3,3279,48,A,0,,,
3032890014,11237,302,HARMAN,ST,3,3289,14,A,0,,,
3032790047,11237,303,HARMAN,ST,3,3279,47,A,0,,,
3032790046,11237,305,HARMAN,ST,3,3279,46,A,0,,,
3032890015,11237,306,HARMAN,ST,3,3289,15,A,0,,,
3032890016,11237,308,HARMAN,ST,3,3289,16,A,0,,GARDEN COMPLEX,
3032790043,11237,311,HARMAN,ST,3,3279,43,A,0,,GARDEN COMPLEX,
3032890017,11237,312,HARMAN,ST,3,3289,17,A,0,,,
3032790042,11237,313,HARMAN,ST,3,3279,42,A,0,,,
3032790041,11237,315,HARMAN,ST,3,3279,41,A,0,,GARDEN COMPLEX,
3032790040,11237,317,HARMAN,ST,3,3279,40,A,0,,,
3032890019,11237,318,HARMAN,ST,3,3289,19,A,0,,GARDEN COMPLEX,
3032790039,11237,319,HARMAN,ST,3,3279,39,A,0,,,
3032790038,11237,321,HARMAN,ST,3,3279,38,A,0,,,
3032890021,11237,324,HARMAN,ST,3,3289,21,A,0,,GARDEN COMPLEX,
3032890022,11237,326,HARMAN,ST,3,3289,22,A,0,,,
3032900013,11237,372,HARMAN,ST,3,3290,13,A,0,,GARDEN COMPLEX,
3032800052,11237,377 TO 383,HARMAN,ST,3,3280,52,A,0,421-A (16),421-A (16),
3032900015,11237,378,HARMAN,ST,3,3290,15,A,0,421-A (16),421-A (16),
3032800049,11237,385 TO 387,HARMAN,ST,3,3280,49,A,0,421-A (16),421-A (16),
3032900018,11237,386,HARMAN,ST,3,3290,18,A,0,,,
3032900019,11237,388,HARMAN,ST,3,3290,19,A,0,,,
3032900026,11237,412,HARMAN,ST,3,3290,26,A,0,,,
3032820045,11237,463,HARMAN,ST,3,3282,45,A,0,,,
3032920011,11237,464,HARMAN,ST,3,3292,11,A,0,,,
3032820044,11237,465,HARMAN,ST,3,3282,44,A,0,,,
3032920012,11237,466,HARMAN,ST,3,3292,12,A,0,,,
3032820043,11237,467,HARMAN,ST,3,3282,43,A,0,,,
3032920013,11237,468,HARMAN,ST,3,3292,13,A,0,,,
3032920014,11237,470,HARMAN,ST,3,3292,14,A,0,,,
3032820041,11237,471,HARMAN,ST,3,3282,41,A,0,,,
3032920015,11237,472,HARMAN,ST,3,3292,15,A,0,,,
3032820040,11237,473,HARMAN,ST,3,3282,40,A,0,,,
3032920016,11237,474,HARMAN,ST,3,3292,16,A,0,,,
3032820039,11237,475,HARMAN,ST,3,3282,39,A,0,,,
3032920017,11237,476,HARMAN,ST,3,3292,17,A,0,,,
3032820038,11237,477,HARMAN,ST,3,3282,38,A,0,,,
3032920018,11237,478,HARMAN,ST,3,3292,18,A,0,,,
3032820037,11237,479,HARMAN,ST,3,3282,37,A,0,,,
3032820036,11237,481,HARMAN,ST,3,3282,36,A,0,,,
3032920020,11237,482,HARMAN,ST,3,3292,20,A,0,,,
3032820034,11237,485,HARMAN,ST,3,3282,34,A,0,,,
3032920022,11237,486,HARMAN,ST,3,3292,22,A,0,,,
3030040019,11237,94,HARRISON,PL,3,3004,19,A,0,,,
3030040027,11237,108,HARRISON,PL,3,3004,27,A,0,,,
3032190051,11237,751,HART,ST,3,3219,51,A,0,,,
3032190049,11237,757,HART,ST,3,3219,49,A,0,,,
3032350012,11237,758,HART,ST,3,3235,12,A,0,421-A (1-15),421-A (1-15),
3032350013,11237,762,HART,ST,3,3235,13,A,0,,,
3032190047,11237,763,HART,ST,3,3219,47,A,0,,GARDEN COMPLEX,
3032190046,11237,767,HART,ST,3,3219,46,A,0,,,
3032350017,11237,774,HART,ST,3,3235,17,A,0,,,
3032350018,11237,776,HART,ST,3,3235,18,A,0,,,
3032190042,11237,779,HART,ST,3,3219,42,A,0,,,
3032357502,11237,780 TO 786,HART,ST,3,3235,7502,A,0,,,
3032190039,11237,787,HART,ST,3,3219,39,A,0,,,
3032350022,11237,788,HART,ST,3,3235,22,A,0,,,
3032190038,11237,791,HART,ST,3,3219,38,A,0,,,
3032190034,11237,803,HART,ST,3,3219,34,A,0,,,
3032360008,11237,818,HART,ST,3,3236,8,A,0,,,
3032360011,11237,828,HART,ST,3,3236,11,A,0,,,
3032360012,11237,830,HART,ST,3,3236,12,A,0,,,
3032360013,11237,834,HART,ST,3,3236,13,A,0,,,
3032200051,11237,835,HART,ST,3,3220,51,A,0,,GARDEN COMPLEX,
3032200050,11237,839,HART,ST,3,3220,50,A,0,,,
3032360015,11237,840,HART,ST,3,3236,15,A,0,,,
3032200049,11237,841,HART,ST,3,3220,49,A,0,,,
3032360016,11237,842,HART,ST,3,3236,16,A,0,,,
3032200048,11237,845,HART,ST,3,3220,48,A,0,,,
3032360017,11237,846,HART,ST,3,3236,17,A,0,,,
3032200047,11237,847,HART,ST,3,3220,47,A,0,,,
3032200045,11237,853,HART,ST,3,3220,45,A,0,,,
3032360020,11237,854,HART,ST,3,3236,20,A,0,,GARDEN COMPLEX,
3032360021,11237,858,HART,ST,3,3236,21,A,0,,,
3032200043,11237,859,HART,ST,3,3220,43,A,0,,,
3032360022,11237,860,HART,ST,3,3236,22,A,0,,GARDEN COMPLEX,
3032200042,11237,863,HART,ST,3,3220,42,A,0,,,
3032200041,11237,865,HART,ST,3,3220,41,A,0,,,
3032200040,11237,869,HART,ST,3,3220,40,A,0,,GARDEN COMPLEX,
3032360025,11237,870,HART,ST,3,3236,25,A,0,,,
3032200039,11237,871,HART,ST,3,3220,39,A,0,,,
3032360027,11237,876,HART,ST,3,3236,27,A,0,,,
3032200036,11237,881,HART,ST,3,3220,36,A,0,,,
3032200035,11237,883,HART,ST,3,3220,35,A,0,,,
3032360029,11237,884,HART,ST,3,3236,29,A,0,,,
3032370007,11237,894,HART,ST,3,3237,7,A,0,,,
3032370008,11237,898,HART,ST,3,3237,8,A,0,,,
3032370010,11237,900,HART,ST,3,3237,10,A,0,,,
3032370011,11237,902,HART,ST,3,3237,11,A,0,,,
3032370017,11237,920,HART,ST,3,3237,17,A,0,,,
3032370019,11237,926,HART,ST,3,3237,19,B,0,,,
3032370020,11237,930,HART,ST,3,3237,20,A,0,,,
3032680059,11237,197,HIMROD,ST,3,3268,59,A,0,,,
3032680058,11237,199,HIMROD,ST,3,3268,58,A,0,421-A (1-15),421-A (1-15),
3032680057,11237,201,HIMROD,ST,3,3268,57,A,0,421-A (1-15),421-A (1-15),
3032680055,11237,205,HIMROD,ST,3,3268,55,A,0,421-A (1-15),421-A (1-15),
3032680054,11237,207,HIMROD,ST,3,3268,54,A,0,421-A (1-15),421-A (1-15),
3032780018,11237,210,HIMROD,ST,3,3278,18,A,0,,GARDEN COMPLEX,
3032780019,11237,212,HIMROD,ST,3,3278,19,A,0,,,
3032780020,11237,214,HIMROD,ST,3,3278,20,A,0,,,
3032780021,11237,216,HIMROD,ST,3,3278,21,A,0,,,
3032680049,11237,217,HIMROD,ST,3,3268,49,A,0,,,
3032780022,11237,218,HIMROD,ST,3,3278,22,A,0,,,
3032780023,11237,220,HIMROD,ST,3,3278,23,A,0,J-51,GARDEN COMPLEX J-51,
3032690054,11237,229,HIMROD,ST,3,3269,54,A,0,,,
3032690053,11237,231,HIMROD,ST,3,3269,53,A,0,,,
3032690052,11237,233,HIMROD,ST,3,3269,52,A,0,,GARDEN COMPLEX,
3032690048,11237,241,HIMROD,ST,3,3269,48,A,0,,,
3032690047,11237,243,HIMROD,ST,3,3269,47,A,0,,,
3032690045,11237,247,HIMROD,ST,3,3269,45,A,0,,,
3032790011,11237,250,HIMROD,ST,3,3279,11,A,0,,,
3032690043,11237,251,HIMROD,ST,3,3269,43,A,0,,,
3032790012,11237,252,HIMROD,ST,3,3279,12,A,0,J-51,J-51,
3032690042,11237,253,HIMROD,ST,3,3269,42,A,0,,,
3032790013,11237,254,HIMROD,ST,3,3279,13,A,0,,,
3032690040,11237,257,HIMROD,ST,3,3269,40,A,0,,,
3032790015,11237,258,HIMROD,ST,3,3279,15,A,0,,,
3032690039,11237,259,HIMROD,ST,3,3269,39,A,0,,,
3032790016,11237,260,HIMROD,ST,3,3279,16,A,0,,,
3032690038,11237,261,HIMROD,ST,3,3269,38,A,0,,,
3032790017,11237,262,HIMROD,ST,3,3279,17,A,0,,,
3032790018,11237,264,HIMROD,ST,3,3279,18,A,0,,,
3032790020,11237,268,HIMROD,ST,3,3279,20,A,0,,,
3032790022,11237,272,HIMROD,ST,3,3279,22,A,0,,,
3032790023,11237,274,HIMROD,ST,3,3279,23,A,0,,,
3032700057,11237,279,HIMROD,ST,3,3270,57,A,0,,,
3032700056,11237,281,HIMROD,ST,3,3270,56,B,0,,,
3032790024,11237,282,HIMROD,ST,3,3279,24,A,0,,,
3032700055,11237,283,HIMROD,ST,3,3270,55,A,0,,,
3032790026,11237,288,HIMROD,ST,3,3279,26,A,0,,GARDEN COMPLEX,
3032700052,11237,289,HIMROD,ST,3,3270,52,A,0,,,
3032790027,11237,290,HIMROD,ST,3,3279,27,A,0,,,
3032700051,11237,291,HIMROD,ST,3,3270,51,A,0,,,
3032700050,11237,293,HIMROD,ST,3,3270,50,A,0,,,
3032700049,11237,295,HIMROD,ST,3,3270,49,A,0,,,
3032700048,11237,297,HIMROD,ST,3,3270,48,B,0,,,
3032700047,11237,299,HIMROD,ST,3,3270,47,A,0,,,
3032807501,11237,316 TO 322,HIMROD,ST,3,3280,7501,A,0,421-A (16),GARDEN COMPLEX 421-A (16),
3032807503,11237,334 TO 336,HIMROD,ST,3,3280,7503,A,0,421-A (16),GARDEN COMPLEX 421-A (16),
3032700040,11237,355,HIMROD,ST,3,3270,40,A,0,,,
3032710048,11237,375,HIMROD,ST,3,3271,48,A,0,,,
3032810020,11237,386,HIMROD,ST,3,3281,20,A,0,,,
3032810028,11237,398,HIMROD,ST,3,3281,28,A,0,,,
3032720047,11237,401,HIMROD,ST,3,3272,47,A,0,,,
3032720046,11237,403,HIMROD,ST,3,3272,46,A,0,,,
3032720044,11237,407,HIMROD,ST,3,3272,44,A,0,,,
3032720043,11237,409,HIMROD,ST,3,3272,43,A,0,,,
3032720042,11237,411,HIMROD,ST,3,3272,42,A,0,,,
3032720041,11237,413,HIMROD,ST,3,3272,41,A,0,,GARDEN COMPLEX,
3032820012,11237,416,HIMROD,ST,3,3282,12,A,0,,,
3032820014,11237,418,HIMROD,ST,3,3282,14,A,0,,,
3032820015,11237,422,HIMROD,ST,3,3282,15,A,0,,,
3032820016,11237,424,HIMROD,ST,3,3282,16,A,0,,,
3032820017,11237,426,HIMROD,ST,3,3282,17,A,0,,,
3032820018,11237,428,HIMROD,ST,3,3282,18,A,0,,,
3032820020,11237,434,HIMROD,ST,3,3282,20,A,0,,,
3032820021,11237,436,HIMROD,ST,3,3282,21,A,0,,,
3032820022,11237,438,HIMROD,ST,3,3282,22,A,0,,,
3032820023,11237,442,HIMROD,ST,3,3282,23,A,0,,,
3032820024,11237,444,HIMROD,ST,3,3282,24,A,0,,,
3031660033,11237,14,IRVING,AVE,3,3166,33,A,0,,,
3031660035,11237,18,IRVING,AVE,3,3166,35,A,0,,GARDEN COMPLEX,
3031660036,11237,22,IRVING,AVE,3,3166,36,A,0,,GARDEN COMPLEX,
3031750030,11237,26,IRVING,AVE,3,3175,30,A,0,,,
3031750031,11237,30,IRVING,AVE,3,3175,31,A,0,,,
3031750032,11237,32,IRVING,AVE,3,3175,32,A,0,,GARDEN COMPLEX,
3031750033,11237,34,IRVING,AVE,3,3175,33,A,0,,,
3031750034,11237,36,IRVING,AVE,3,3175,34,A,0,,,
3031870028,11237,44,IRVING,AVE,3,3187,28,A,0,,GARDEN COMPLEX,
3031870030,11237,46,IRVING,AVE,3,3187,30,A,0,,,
3031870032,11237,52,IRVING,AVE,3,3187,32,A,0,,GARDEN COMPLEX,
3031880007,11237,57,IRVING,AVE,3,3188,7,A,0,,GARDEN COMPLEX,
3031880006,11237,59,IRVING,AVE,3,3188,6,A,0,J-51,GARDEN COMPLEX J-51,
3031880005,11237,61,IRVING,AVE,3,3188,5,A,0,,,
3031880003,11237,63,IRVING,AVE,3,3188,3,A,0,,,
3031990008,11237,69,IRVING,AVE,3,3199,8,A,0,,,
3031990007,11237,71,IRVING,AVE,3,3199,7,A,0,,,
3031990006,11237,73,IRVING,AVE,3,3199,6,A,0,,,
3031990004,11237,77,IRVING,AVE,3,3199,4,A,0,,,
3031990002,11237,81,IRVING,AVE,3,3199,2,A,0,,,
3031990001,11237,83,IRVING,AVE,3,3199,1,A,0,,,
3032210007,11237,117,IRVING,AVE,3,3221,7,A,0,,,
3032210006,11237,121,IRVING,AVE,3,3221,6,A,0,,,
3032210004,11237,125,IRVING,AVE,3,3221,4,A,0,,,
3032360030,11237,126,IRVING,AVE,3,3236,30,A,0,,GARDEN COMPLEX,
3032210003,11237,127,IRVING,AVE,3,3221,3,A,0,,,
3032360031,11237,128,IRVING,AVE,3,3236,31,A,0,,GARDEN COMPLEX,
3032360032,11237,132,IRVING,AVE,3,3236,32,A,0,,,
3032360035,11237,136,IRVING,AVE,3,3236,35,A,0,,,
3032370006,11237,139,IRVING,AVE,3,3237,6,A,0,,,
3032360037,11237,142,IRVING,AVE,3,3236,37,A,0,,,
3032470034,11237,158,IRVING,AVE,3,3247,34,A,0,,,
3032480003,11237,165,IRVING,AVE,3,3248,3,A,0,,,
3032580030,11237,166,IRVING,AVE,3,3258,30,A,0,,,
3032580031,11237,168,IRVING,AVE,3,3258,31,A,0,,,
3032580032,11237,170,IRVING,AVE,3,3258,32,A,0,,,
3032580033,11237,172,IRVING,AVE,3,3258,33,A,0,J-51,GARDEN COMPLEX J-51,
3032580034,11237,174,IRVING,AVE,3,3258,34,A,0,,,
3032590005,11237,177,IRVING,AVE,3,3259,5,A,0,,,
3032590002,11237,183,IRVING,AVE,3,3259,2,A,0,,,
3032690032,11237,186,IRVING,AVE,3,3269,32,A,0,,,
3032700006,11237,191,IRVING,AVE,3,3270,6,A,0,,,
3032690035,11237,192,IRVING,AVE,3,3269,35,A,0,,GARDEN COMPLEX,
3032690036,11237,194,IRVING,AVE,3,3269,36,A,0,,GARDEN COMPLEX,
3032700004,11237,195,IRVING,AVE,3,3270,4,A,0,,,
3032700003,11237,197,IRVING,AVE,3,3270,3,A,0,,,
3032790030,11237,198,IRVING,AVE,3,3279,30,A,0,,,
3032790031,11237,200,IRVING,AVE,3,3279,31,A,0,,,
3032790032,11237,202,IRVING,AVE,3,3279,32,A,0,,,
3032800007,11237,205,IRVING,AVE,3,3280,7,A,0,,GARDEN COMPLEX,
3032800006,11237,207,IRVING,AVE,3,3280,6,A,0,,,
3032800005,11237,209,IRVING,AVE,3,3280,5,A,0,J-51,J-51,
3032800004,11237,211,IRVING,AVE,3,3280,4,A,0,,,
3032800003,11237,213,IRVING,AVE,3,3280,3,A,0,,,
3032800002,11237,215,IRVING,AVE,3,3280,2,A,0,,,
3032900006,11237,223,IRVING,AVE,3,3290,6,A,0,,,
3032900005,11237,225,IRVING,AVE,3,3290,5,A,0,,,
3032900003,11237,233,IRVING,AVE,3,3290,3,A,0,,,
3032900002,11237,235,IRVING,AVE,3,3290,2,A,0,,,
3033000034,11237,238,IRVING,AVE,3,3300,34,A,0,,,
3033000035,11237,240,IRVING,AVE,3,3300,35,B,0,,,
3033010007,11237,241,IRVING,AVE,3,3301,7,A,0,,,
3033010006,11237,243,IRVING,AVE,3,3301,6,A,0,J-51,J-51,
3033000037,11237,244,IRVING,AVE,3,3300,37,A,0,,,
3033010005,11237,245,IRVING,AVE,3,3301,5,A,0,,GARDEN COMPLEX,
3033010003,11237,249,IRVING,AVE,3,3301,3,A,0,,GARDEN COMPLEX,
3033090024,11237,258,IRVING,AVE,3,3309,24,A,0,,,
3033090025,11237,260,IRVING,AVE,3,3309,25,A,0,,,
3033090026,11237,262,IRVING,AVE,3,3309,26,A,0,,,
3033180011,11237,270,IRVING,AVE,3,3318,11,A,0,,,
3033180012,11237,272,IRVING,AVE,3,3318,12,A,0,,,
3033180013,11237,274,IRVING,AVE,3,3318,13,A,0,,,
3033180014,11237,276,IRVING,AVE,3,3318,14,A,0,,,
3033190007,11237,285,IRVING,AVE,3,3319,7,A,0,,,
3033190006,11237,287,IRVING,AVE,3,3319,6,A,0,,,
3033190005,11237,289,IRVING,AVE,3,3319,5,A,0,,,
3033190004,11237,291,IRVING,AVE,3,3319,4,A,0,,,
3033190002,11237,295,IRVING,AVE,3,3319,2,A,0,,,
3033530033,11237,361,IRVING,AVE,3,3353,33,A,0,,,
3033630003,11237,371,IRVING,AVE,3,3363,3,A,0,,,
3033630001,11237,379,IRVING,AVE,3,3363,1,A,0,,,
3031650051,11237,229,JEFFERSON,ST,3,3165,51,A,0,,,
3031650048,11237,235,JEFFERSON,ST,3,3165,48,A,0,,,
3031650047,11237,237,JEFFERSON,ST,3,3165,47,A,0,,,
3031650046,11237,239,JEFFERSON,ST,3,3165,46,A,0,,,
3031740015,11237,240,JEFFERSON,ST,3,3174,15,A,0,,,
3031740016,11237,242,JEFFERSON,ST,3,3174,16,A,0,,,
3031650044,11237,243,JEFFERSON,ST,3,3165,44,A,0,,,
3031740017,11237,244,JEFFERSON,ST,3,3174,17,A,0,,,
3031650042,11237,247,JEFFERSON,ST,3,3165,42,A,0,,,
3031740020,11237,252,JEFFERSON,ST,3,3174,20,A,0,,,
3031740021,11237,254,JEFFERSON,ST,3,3174,21,A,0,,,
3031650038,11237,255,JEFFERSON,ST,3,3165,38,B,0,,,
3031740022,11237,256,JEFFERSON,ST,3,3174,22,A,0,J-51,J-51,
3031740023,11237,258,JEFFERSON,ST,3,3174,23,A,0,,GARDEN COMPLEX,
3031740026,11237,264,JEFFERSON,ST,3,3174,26,A,0,,,
3031750011,11237,268,JEFFERSON,ST,3,3175,11,A,0,,GARDEN COMPLEX,
3031750015,11237,276,JEFFERSON,ST,3,3175,15,A,0,,GARDEN COMPLEX,
3031660055,11237,289,JEFFERSON,ST,3,3166,55,A,0,,GARDEN COMPLEX,
3031660054,11237,291,JEFFERSON,ST,3,3166,54,A,0,,,
3031660053,11237,293,JEFFERSON,ST,3,3166,53,A,0,,,
3031660052,11237,295,JEFFERSON,ST,3,3166,52,A,0,,SECTION 610 OF PHFL,
3031660050,11237,299,JEFFERSON,ST,3,3166,50,A,0,,ROOMING HOUSE,
3031750016,11237,300,JEFFERSON,ST,3,3175,16,A,0,,,
3031750017,11237,302,JEFFERSON,ST,3,3175,17,A,0,,ROOMING HOUSE,
3031750018,11237,304,JEFFERSON,ST,3,3175,18,A,0,,,
3031750022,11237,312,JEFFERSON,ST,3,3175,22,A,0,,,
3031660043,11237,313,JEFFERSON,ST,3,3166,43,A,0,,,
3031750023,11237,314,JEFFERSON,ST,3,3175,23,A,0,,,
3031660042,11237,315,JEFFERSON,ST,3,3166,42,A,0,,,
3031750024,11237,316,JEFFERSON,ST,3,3175,24,A,0,,ROOMING HOUSE,
3031660041,11237,317,JEFFERSON,ST,3,3166,41,A,0,,GARDEN COMPLEX,
3031750026,11237,320,JEFFERSON,ST,3,3175,26,A,0,,GARDEN COMPLEX,
3031770012,11237,432,JEFFERSON,ST,3,3177,12,A,0,,GARDEN COMPLEX,
3031770013,11237,434,JEFFERSON,ST,3,3177,13,A,0,,GARDEN COMPLEX,
3033860041,11237,1503,JEFFERSON,AVE,3,3386,41,A,0,421-A (16),GARDEN COMPLEX 421-A (16),
3033860064,11237,1509,JEFFERSON,AVE,3,3386,64,A,0,J-51,J-51,
3033930039,11237,1510,JEFFERSON,AVE,3,3393,39,A,0,,,
3033860062,11237,1513,JEFFERSON,AVE,3,3386,62,A,0,,GARDEN COMPLEX,
3033930041,11237,1514,JEFFERSON,AVE,3,3393,41,A,0,,,
3033860060,11237,1515,JEFFERSON,AVE,3,3386,60,A,0,,,
3033930043,11237,1516,JEFFERSON,AVE,3,3393,43,A,0,,,
3033860058,11237,1517,JEFFERSON,AVE,3,3386,58,A,0,,,
3033930045,11237,1518,JEFFERSON,AVE,3,3393,45,B,0,,,
3033860056,11237,1521,JEFFERSON,AVE,3,3386,56,A,0,,,
3033930047,11237,1522,JEFFERSON,AVE,3,3393,47,A,0,,,
3030090005,11237,91,KNICKERBOCKER,AVE,3,3009,5,A,0,,,
3031650029,11237,176,KNICKERBOCKER,AVE,3,3165,29,A,0,421-A (1-15),421-A (1-15),
3031660004,11237,177,KNICKERBOCKER,AVE,3,3166,4,A,0,,GARDEN COMPLEX,
3031660002,11237,181,KNICKERBOCKER,AVE,3,3166,2,A,0,,,
3031650033,11237,190,KNICKERBOCKER,AVE,3,3165,33,A,0,,,
3031740028,11237,194,KNICKERBOCKER,AVE,3,3174,28,A,0,,,
3031740029,11237,198,KNICKERBOCKER,AVE,3,3174,29,A,0,,,
3031740030,11237,200,KNICKERBOCKER,AVE,3,3174,30,A,0,,,
3031750005,11237,203,KNICKERBOCKER,AVE,3,3175,5,A,0,,,
3031750003,11237,207 TO 209,KNICKERBOCKER,AVE,3,3175,3,A,0,,,
3031870006,11237,223,KNICKERBOCKER,AVE,3,3187,6,A,0,,,
3032200003,11237,305,KNICKERBOCKER,AVE,3,3220,3,A,0,,,
3032200002,11237,307,KNICKERBOCKER,AVE,3,3220,2,A,0,,,
3032360004,11237,325,KNICKERBOCKER,AVE,3,3236,4,A,0,,,
3033260065,11237,255,LINDEN,ST,3,3326,65,A,0,,,
3033260062,11237,263 TO 265,LINDEN,ST,3,3326,62,A,0,,,
3033260058,11237,271,LINDEN,ST,3,3326,58,B,0,,GARDEN COMPLEX,
3033260057,11237,273,LINDEN,ST,3,3326,57,A,0,,GARDEN COMPLEX,
3033260055,11237,275,LINDEN,ST,3,3326,55,A,0,,,
3033260049,11237,283,LINDEN,ST,3,3326,49,A,0,,,
3033260048,11237,285,LINDEN,ST,3,3326,48,A,0,,,
3033350032,11237,320,LINDEN,ST,3,3335,32,A,0,,,
3033280049,11237,343,LINDEN,ST,3,3328,49,A,0,,,
3033280047,11237,347,LINDEN,ST,3,3328,47,A,0,,GARDEN COMPLEX,
3033280046,11237,349,LINDEN,ST,3,3328,46,A,0,,,
3033280044,11237,353,LINDEN,ST,3,3328,44,A,0,,,
3033280043,11237,355,LINDEN,ST,3,3328,43,A,0,,,
3033280042,11237,357,LINDEN,ST,3,3328,42,A,0,,GARDEN COMPLEX,
3033280040,11237,359,LINDEN,ST,3,3328,40,A,0,,,
3033630030,11237,1383,MADISON,ST,3,3363,30,A,0,,,
3033630029,11237,1385,MADISON,ST,3,3363,29,A,0,,,
3031580050,11237,313,MELROSE,ST,3,3158,50,A,0,,,
3031580049,11237,315,MELROSE,ST,3,3158,49,A,0,,,
3031650015,11237,324,MELROSE,ST,3,3165,15,A,0,421-A (1-15),421-A (1-15),
3031580044,11237,327,MELROSE,ST,3,3158,44,A,0,,,
3031650023,11237,348,MELROSE,ST,3,3165,23,A,0,,GARDEN COMPLEX,
3031660019,11237,414,MELROSE,ST,3,3166,19,A,0,,,
3031660020,11237,416,MELROSE,ST,3,3166,20,A,0,,,
3031660023,11237,424,MELROSE,ST,3,3166,23,A,0,,GARDEN COMPLEX,
3033060035,11237,175,MENAHAN,ST,3,3306,35,A,0,J-51,J-51,
3033070055,11237,185,MENAHAN,ST,3,3307,55,A,0,,,
3033070054,11237,187,MENAHAN,ST,3,3307,54,A,0,,GARDEN COMPLEX,
3033070053,11237,189,MENAHAN,ST,3,3307,53,A,0,,,
3033070051,11237,193,MENAHAN,ST,3,3307,51,A,0,,,
3033070049,11237,197,MENAHAN,ST,3,3307,49,A,0,421-A (1-15),421-A (1-15),
3033170012,11237,234,MENAHAN,ST,3,3317,12,A,0,,,
3033170013,11237,236,MENAHAN,ST,3,3317,13,A,0,,,
3033170015,11237,238,MENAHAN,ST,3,3317,15,A,0,,,
3033090032,11237,275,MENAHAN,ST,3,3309,32,A,0,,GARDEN COMPLEX,
3033190011,11237,292,MENAHAN,ST,3,3319,11,A,0,,,
3033190012,11237,294,MENAHAN,ST,3,3319,12,A,0,,,
3033100060,11237,309,MENAHAN,ST,3,3310,60,A,0,,,
3033100058,11237,313,MENAHAN,ST,3,3310,58,A,0,,,
3033190021,11237,314,MENAHAN,ST,3,3319,21,A,0,,,
3033100057,11237,315,MENAHAN,ST,3,3310,57,A,0,,,
3033190022,11237,316,MENAHAN,ST,3,3319,22,A,0,,,
3033190023,11237,318,MENAHAN,ST,3,3319,23,A,0,,,
3033100055,11237,319,MENAHAN,ST,3,3310,55,A,0,,,
3033100054,11237,321,MENAHAN,ST,3,3310,54,A,0,,,
3033190025,11237,322,MENAHAN,ST,3,3319,25,A,0,421-A (16),421-A (16),
3033100053,11237,323,MENAHAN,ST,3,3310,53,A,0,,,
3033100052,11237,325,MENAHAN,ST,3,3310,52,B,0,,,
3033100050,11237,329,MENAHAN,ST,3,3310,50,A,0,,,
3033100049,11237,331,MENAHAN,ST,3,3310,49,B,0,,,
3033100048,11237,333,MENAHAN,ST,3,3310,48,A,0,,,
3033200012,11237,350,MENAHAN,ST,3,3320,12,A,0,,,
3033200014,11237,354,MENAHAN,ST,3,3320,14,A,0,,,
3033200021,11237,366,MENAHAN,ST,3,3320,21,A,0,421-A (1-15),421-A (1-15),
3033110048,11237,367,MENAHAN,ST,3,3311,48,A,0,,,
3033110047,11237,369,MENAHAN,ST,3,3311,47,A,0,,,
3033200022,11237,370,MENAHAN,ST,3,3320,22,A,0,421-A (1-15),421-A (1-15),
3033110046,11237,371,MENAHAN,ST,3,3311,46,A,0,,GARDEN COMPLEX,
3033110045,11237,373,MENAHAN,ST,3,3311,45,A,0,,,
3033110042,11237,379,MENAHAN,ST,3,3311,42,A,0,,,
3033110041,11237,381,MENAHAN,ST,3,3311,41,A,0,,,
3033110040,11237,383,MENAHAN,ST,3,3311,40,A,0,,,
3030120003,11237,16,MORGAN,AVE,3,3012,3,A,0,,,
3030120004,11237,18,MORGAN,AVE,3,3012,4,A,0,,GARDEN COMPLEX,
3030120008,11237,26,MORGAN,AVE,3,3012,8,A,0,,,
3030080006,11237,44,MORGAN,AVE,3,3008,6,A,0,,GARDEN COMPLEX,
3030930025,11237,55,MORGAN,AVE,3,3093,25,A,0,,GARDEN COMPLEX,
3030930023,11237,61,MORGAN,AVE,3,3093,23,A,0,,,
3032787502,11237,1399,MYRTLE,AVE,3,3278,7502,A,0,421-A (16),421-A (16),
3033170025,11237,1466,MYRTLE,AVE,3,3317,25,A,0,,,
3033090005,11237,1471,MYRTLE,AVE,3,3309,5,A,0,,,
3033090004,11237,1473,MYRTLE,AVE,3,3309,4,A,0,,,
3033090002,11237,1475,MYRTLE,AVE,3,3309,2,A,0,,GARDEN COMPLEX SECTION 610 OF PHFL,
3033090037,11237,1481,MYRTLE,AVE,3,3309,37,A,0,,,
3033457501,11237,1552,MYRTLE,AVE,3,3345,7501,A,0,421-A (16),GARDEN COMPLEX 421-A (16),
3031557501,11237,182 TO 184,NOLL,ST,3,3155,7501,A,0,421-A (1-15),421-A (1-15),
3031550018,11237,188,NOLL,ST,3,3155,18,A,0,,,
3033620009,11237,298,PALMETTO,ST,3,3362,9,A,0,,,
3033620010,11237,300,PALMETTO,ST,3,3362,10,A,0,,,
3033440050,11237,309,PALMETTO,ST,3,3344,50,A,0,,,
3033450050,11237,361,PALMETTO,ST,3,3345,50,A,0,,,
3033450049,11237,363,PALMETTO,ST,3,3345,49,A,0,,,
3033450048,11237,365,PALMETTO,ST,3,3345,48,A,0,,,
3033530010,11237,366,PALMETTO,ST,3,3353,10,B,0,,,
3033450047,11237,367,PALMETTO,ST,3,3345,47,A,0,,,
3033530011,11237,368,PALMETTO,ST,3,3353,11,A,0,,,
3033450045,11237,371,PALMETTO,ST,3,3345,45,A,0,,,
3033450041,11237,381,PALMETTO,ST,3,3345,41,A,0,421-A (1-15),421-A (1-15),
3033450040,11237,383,PALMETTO,ST,3,3345,40,A,0,,GARDEN COMPLEX,
3033450039,11237,385,PALMETTO,ST,3,3345,39,B,0,,,
3033780011,11237,1398,PUTNAM,AVE,3,3378,11,A,0,J-51,GARDEN COMPLEX J-51,
3033780012,11237,1400,PUTNAM,AVE,3,3378,12,A,0,,,
3033780014,11237,1404,PUTNAM,AVE,3,3378,14,B,0,,,
3033780015,11237,1406,PUTNAM,AVE,3,3378,15,A,0,,,
3033780016,11237,1408,PUTNAM,AVE,3,3378,16,B,0,,,
3033780020,11237,1416,PUTNAM,AVE,3,3378,20,A,0,,,
3033780023,11237,1422,PUTNAM,AVE,3,3378,23,A,0,,,
3033780024,11237,1424,PUTNAM,AVE,3,3378,24,A,0,,,
3033780025,11237,1426,PUTNAM,AVE,3,3378,25,B,0,,,
3033780026,11237,1428,PUTNAM,AVE,3,3378,26,B,0,,,
3033790031,11237,1530,PUTNAM,AVE,3,3379,31,A,0,421-A (16),421-A (16),
3033790054,11237,1534,PUTNAM,AVE,3,3379,54,A,0,421-A (16),421-A (16),
3033540009,11237,1,RIDGEWOOD,PL,3,3354,9,A,0,,,
3033540007,11237,5,RIDGEWOOD,PL,3,3354,7,A,0,,,
3031890020,11237,24,SAINT NICHOLAS,AVE,3,3189,20,A,0,,GARDEN COMPLEX,
3032010008,11237,41,SAINT NICHOLAS,AVE,3,3201,8,A,0,,,
3032000024,11237,42,SAINT NICHOLAS,AVE,3,3200,24,A,0,,,
3032010007,11237,43,SAINT NICHOLAS,AVE,3,3201,7,A,0,,,
3032000025,11237,44,SAINT NICHOLAS,AVE,3,3200,25,A,0,,,
3032010006,11237,45,SAINT NICHOLAS,AVE,3,3201,6,A,0,,,
3032000026,11237,46,SAINT NICHOLAS,AVE,3,3200,26,A,0,,,
3032010005,11237,49,SAINT NICHOLAS,AVE,3,3201,5,A,0,,,
3032000028,11237,50,SAINT NICHOLAS,AVE,3,3200,28,A,0,,,
3032010004,11237,51,SAINT NICHOLAS,AVE,3,3201,4,A,0,,,
3032000029,11237,52,SAINT NICHOLAS,AVE,3,3200,29,A,0,,,
3032010003,11237,55,SAINT NICHOLAS,AVE,3,3201,3,A,0,,,
3032000031,11237,56,SAINT NICHOLAS,AVE,3,3200,31,A,0,,,
3032010002,11237,57,SAINT NICHOLAS,AVE,3,3201,2,A,0,,,
3032000032,11237,58,SAINT NICHOLAS,AVE,3,3200,32,B,0,,,
3032010001,11237,59,SAINT NICHOLAS,AVE,3,3201,1,A,0,,,
3032110024,11237,62,SAINT NICHOLAS,AVE,3,3211,24,A,0,,GARDEN COMPLEX,
3032110025,11237,64,SAINT NICHOLAS,AVE,3,3211,25,A,0,,,
3032110026,11237,68,SAINT NICHOLAS,AVE,3,3211,26,A,0,,,
3032110028,11237,72,SAINT NICHOLAS,AVE,3,3211,28,A,0,,,
3032110029,11237,74,SAINT NICHOLAS,AVE,3,3211,29,A,0,,,
3032110030,11237,78,SAINT NICHOLAS,AVE,3,3211,30,A,0,,,
3032110031,11237,80,SAINT NICHOLAS,AVE,3,3211,31,B,0,,,
3032220027,11237,88,SAINT NICHOLAS,AVE,3,3222,27,A,0,,,
3032220028,11237,90,SAINT NICHOLAS,AVE,3,3222,28,A,0,,,
3032390009,11237,101,SAINT NICHOLAS,AVE,3,3239,9,A,0,,,
3032390008,11237,103,SAINT NICHOLAS,AVE,3,3239,8,A,0,,,
3032390007,11237,107,SAINT NICHOLAS,AVE,3,3239,7,B,0,,,
3032380028,11237,108,SAINT NICHOLAS,AVE,3,3238,28,A,0,,,
3032390006,11237,109,SAINT NICHOLAS,AVE,3,3239,6,A,0,,,
3032380029,11237,110,SAINT NICHOLAS,AVE,3,3238,29,A,0,,,
3032380030,11237,112,SAINT NICHOLAS,AVE,3,3238,30,A,0,,,
3032380031,11237,114,SAINT NICHOLAS,AVE,3,3238,31,A,0,,,
3032380032,11237,116,SAINT NICHOLAS,AVE,3,3238,32,A,0,,,
3032490032,11237,138,SAINT NICHOLAS,AVE,3,3249,32,A,0,,GARDEN COMPLEX,
3032610002,11237,157,SAINT NICHOLAS,AVE,3,3261,2,A,0,,,
3032920008,11237,203,SAINT NICHOLAS,AVE,3,3292,8,A,0,,,
3032920006,11237,205,SAINT NICHOLAS,AVE,3,3292,6,A,0,,,
3032910029,11237,208,SAINT NICHOLAS,AVE,3,3291,29,B,0,,,
3032910030,11237,210,SAINT NICHOLAS,AVE,3,3291,30,A,0,,,
3033120010,11237,241,SAINT NICHOLAS,AVE,3,3312,10,A,0,,,
3033110027,11237,244,SAINT NICHOLAS,AVE,3,3311,27,B,0,,,
3033120004,11237,253,SAINT NICHOLAS,AVE,3,3312,4,A,0,,,
3033120003,11237,255,SAINT NICHOLAS,AVE,3,3312,3,A,0,,,
3033120001,11237,259,SAINT NICHOLAS,AVE,3,3312,1,A,0,,,
3033200029,11237,268,SAINT NICHOLAS,AVE,3,3320,29,A,0,,,
3033380035,11237,304,SAINT NICHOLAS,AVE,3,3338,35,A,0,,,
3033380036,11237,306,SAINT NICHOLAS,AVE,3,3338,36,A,0,,,
3033380037,11237,308,SAINT NICHOLAS,AVE,3,3338,37,A,0,,GARDEN COMPLEX,
3034250042,11237,289,SCHAEFER,ST,3,3425,42,A,0,,,
3034250040,11237,293,SCHAEFER,ST,3,3425,40,A,0,,,
3034250038,11237,295,SCHAEFER,ST,3,3425,38,A,0,,,
3034310042,11237,296,SCHAEFER,ST,3,3431,42,A,0,,,
3034310044,11237,302,SCHAEFER,ST,3,3431,44,A,0,,,
3034310045,11237,304,SCHAEFER,ST,3,3431,45,A,0,,,
3034250062,11237,309,SCHAEFER,ST,3,3425,62,A,0,,,
3034310047,11237,310,SCHAEFER,ST,3,3431,47,A,0,,,
3034250061,11237,311,SCHAEFER,ST,3,3425,61,A,0,421-A (1-15),421-A (1-15),
3034310048,11237,314,SCHAEFER,ST,3,3431,48,A,0,,GARDEN COMPLEX,
3034250060,11237,315,SCHAEFER,ST,3,3425,60,A,0,,,
3034250059,11237,317,SCHAEFER,ST,3,3425,59,A,0,,,
3034310049,11237,318,SCHAEFER,ST,3,3431,49,A,0,,,
3034310050,11237,320,SCHAEFER,ST,3,3431,50,A,0,,,
3032570048,11237,171,STANHOPE,ST,3,3257,48,A,0,,,
3032570047,11237,173,STANHOPE,ST,3,3257,47,A,0,,,
3032570046,11237,175,STANHOPE,ST,3,3257,46,A,0,,,
3032570044,11237,179,STANHOPE,ST,3,3257,44,A,0,,,
3032570043,11237,181,STANHOPE,ST,3,3257,43,A,0,,GARDEN COMPLEX,
3032570041,11237,185,STANHOPE,ST,3,3257,41,A,0,,,
3032570038,11237,191,STANHOPE,ST,3,3257,38,A,0,,,
3032690014,11237,224,STANHOPE,ST,3,3269,14,A,0,,,
3032580055,11237,225,STANHOPE,ST,3,3258,55,A,0,,,
3032690016,11237,228,STANHOPE,ST,3,3269,16,A,0,,,
3032580053,11237,229,STANHOPE,ST,3,3258,53,A,0,,,
3032690017,11237,230,STANHOPE,ST,3,3269,17,A,0,,,
3032580052,11237,231,STANHOPE,ST,3,3258,52,A,0,,,
3032690018,11237,232,STANHOPE,ST,3,3269,18,A,0,,,
3032580051,11237,233,STANHOPE,ST,3,3258,51,A,0,,,
3032690019,11237,234,STANHOPE,ST,3,3269,19,A,0,,,
3032580050,11237,235,STANHOPE,ST,3,3258,50,A,0,,GARDEN COMPLEX,
3032690020,11237,236,STANHOPE,ST,3,3269,20,A,0,,,
3032580049,11237,237,STANHOPE,ST,3,3258,49,A,0,,,
3032690021,11237,238,STANHOPE,ST,3,3269,21,A,0,,,
3032690023,11237,242,STANHOPE,ST,3,3269,23,A,0,,,
3032690024,11237,244,STANHOPE,ST,3,3269,24,A,0,,,
3032580047,11237,247,STANHOPE,ST,3,3258,47,A,0,,,
3032690026,11237,248,STANHOPE,ST,3,3269,26,B,0,,,
3032580046,11237,249,STANHOPE,ST,3,3258,46,A,0,,,
3032690027,11237,250,STANHOPE,ST,3,3269,27,A,0,,,
3032580045,11237,251,STANHOPE,ST,3,3258,45,A,0,,,
3032580044,11237,253,STANHOPE,ST,3,3258,44,A,0,,,
3032580043,11237,255,STANHOPE,ST,3,3258,43,A,0,,,
3032580042,11237,257,STANHOPE,ST,3,3258,42,A,0,,,
3032707501,11237,286,STANHOPE,ST,3,3270,7501,A,0,421-A (1-15),421-A (1-15),
3032590055,11237,291,STANHOPE,ST,3,3259,55,A,0,,,
3032700014,11237,294,STANHOPE,ST,3,3270,14,A,0,,,
3032700015,11237,296,STANHOPE,ST,3,3270,15,A,0,,,
3032700016,11237,298,STANHOPE,ST,3,3270,16,A,0,,,
3032590052,11237,299,STANHOPE,ST,3,3259,52,A,0,,GARDEN COMPLEX,
3032590049,11237,303,STANHOPE,ST,3,3259,49,A,0,421-A (1-15),421-A (1-15),
3032700021,11237,308,STANHOPE,ST,3,3270,21,A,0,,,
3032590046,11237,309,STANHOPE,ST,3,3259,46,A,0,,,
3032590045,11237,311,STANHOPE,ST,3,3259,45,A,0,,,
3032700023,11237,312,STANHOPE,ST,3,3270,23,A,0,,,
3032590044,11237,313,STANHOPE,ST,3,3259,44,B,0,,,
3032590043,11237,315,STANHOPE,ST,3,3259,43,A,0,,,
3032700026,11237,318,STANHOPE,ST,3,3270,26,B,0,,,
3032590039,11237,323,STANHOPE,ST,3,3259,39,A,0,,,
3032590038,11237,325,STANHOPE,ST,3,3259,38,A,0,,,
3032710015,11237,352,STANHOPE,ST,3,3271,15,A,0,,,
3032720025,11237,414,STANHOPE,ST,3,3272,25,A,0,,,
3032720026,11237,416,STANHOPE,ST,3,3272,26,A,0,,,
3031860051,11237,73,STARR,ST,3,3186,51,A,0,421-A (16),GARDEN COMPLEX 421-A (16),
3031970010,11237,74,STARR,ST,3,3197,10,A,0,,,
3031970011,11237,76,STARR,ST,3,3197,11,A,0,,GARDEN COMPLEX,
3031970013,11237,80,STARR,ST,3,3197,13,A,0,,,
3031860049,11237,81,STARR,ST,3,3186,49,A,0,,GARDEN COMPLEX,
3031860047,11237,85,STARR,ST,3,3186,47,A,0,,,
3031860046,11237,87,STARR,ST,3,3186,46,A,0,,,
3031970018,11237,90,STARR,ST,3,3197,18,A,0,,,
3031970019,11237,92,STARR,ST,3,3197,19,B,0,,,
3031970020,11237,94,STARR,ST,3,3197,20,A,0,,,
3031970021,11237,96,STARR,ST,3,3197,21,A,0,,GARDEN COMPLEX,
3031860041,11237,99,STARR,ST,3,3186,41,A,0,,,
3031860039,11237,103,STARR,ST,3,3186,39,A,0,,,
3031870054,11237,133,STARR,ST,3,3187,54,A,0,,ROOMING HOUSE,
3031870053,11237,137,STARR,ST,3,3187,53,A,0,,,
3031870052,11237,139,STARR,ST,3,3187,52,B,0,,,
3031870051,11237,141,STARR,ST,3,3187,51,A,0,,,
3031870050,11237,143,STARR,ST,3,3187,50,A,0,,,
3031870049,11237,147,STARR,ST,3,3187,49,A,0,,,
3031870048,11237,149,STARR,ST,3,3187,48,A,0,,GARDEN COMPLEX,
3031870046,11237,153,STARR,ST,3,3187,46,A,0,,,
3031870043,11237,161,STARR,ST,3,3187,43,A,0,,,
3031870042,11237,163,STARR,ST,3,3187,42,A,0,,,
3031870040,11237,169,STARR,ST,3,3187,40,A,0,,,
3031870039,11237,171,STARR,ST,3,3187,39,A,0,J-51,J-51,
3031870037,11237,177,STARR,ST,3,3187,37,A,0,,,
3031870036,11237,179,STARR,ST,3,3187,36,A,0,J-51,GARDEN COMPLEX J-51,
3031870035,11237,183,STARR,ST,3,3187,35,A,0,,,
3031990010,11237,200,STARR,ST,3,3199,10,A,0,,,
3031990011,11237,202,STARR,ST,3,3199,11,A,0,421-A (1-15),GARDEN COMPLEX 421-A (1-15),
3031990013,11237,206,STARR,ST,3,3199,13,A,0,,,
3031880056,11237,207,STARR,ST,3,3188,56,A,0,,,
3031880041,11237,247,STARR,ST,3,3188,41,A,0,,,
3032010011,11237,326,STARR,ST,3,3201,11,A,0,,,
3032010013,11237,328,STARR,ST,3,3201,13,A,0,,,
3032010016,11237,332,STARR,ST,3,3201,16,A,0,,,
3032010018,11237,334,STARR,ST,3,3201,18,B,0,,,
3032010020,11237,336,STARR,ST,3,3201,20,A,0,,,
3032010024,11237,340,STARR,ST,3,3201,24,A,0,,,
3032010025,11237,342,STARR,ST,3,3201,25,A,0,,,
3032570008,11237,162,STOCKHOLM,ST,3,3257,8,A,0,421-A (1-15),421-A (1-15),
3032570009,11237,164,STOCKHOLM,ST,3,3257,9,B,0,421-A (16),421-A (16),
3032467501,11237,165,STOCKHOLM,ST,3,3246,7501,A,0,421-A (16),421-A (16),
3032460050,11237,167,STOCKHOLM,ST,3,3246,50,A,0,,GARDEN COMPLEX,
3032570109,11237,168,STOCKHOLM,ST,3,3257,109,A,0,,ROOMING HOUSE,
3032570010,11237,170,STOCKHOLM,ST,3,3257,10,A,0,,,
3032570011,11237,172,STOCKHOLM,ST,3,3257,11,A,0,,,
3032570012,11237,174,STOCKHOLM,ST,3,3257,12,A,0,,,
3032570015,11237,180,STOCKHOLM,ST,3,3257,15,A,0,,,
3032570018,11237,186,STOCKHOLM,ST,3,3257,18,A,0,,,
3032460041,11237,189,STOCKHOLM,ST,3,3246,41,A,0,,,
3032570020,11237,190,STOCKHOLM,ST,3,3257,20,A,0,,,
3032460040,11237,191,STOCKHOLM,ST,3,3246,40,A,0,,,
3032570021,11237,192,STOCKHOLM,ST,3,3257,21,A,0,,,
3032460039,11237,193,STOCKHOLM,ST,3,3246,39,A,0,,,
3032570022,11237,194,STOCKHOLM,ST,3,3257,22,A,0,,,
3032460038,11237,195,STOCKHOLM,ST,3,3246,38,A,0,,,
3032570023,11237,196,STOCKHOLM,ST,3,3257,23,A,0,J-51,J-51,
3032460037,11237,197,STOCKHOLM,ST,3,3246,37,A,0,,,
3032570024,11237,198,STOCKHOLM,ST,3,3257,24,B,0,,,
3032570025,11237,200,STOCKHOLM,ST,3,3257,25,A,0,,,
3032580010,11237,220,STOCKHOLM,ST,3,3258,10,A,0,,,
3032580012,11237,224,STOCKHOLM,ST,3,3258,12,A,0,,,
3032580016,11237,232,STOCKHOLM,ST,3,3258,16,A,0,,,
3032470054,11237,233,STOCKHOLM,ST,3,3247,54,A,0,,,
3032470053,11237,235,STOCKHOLM,ST,3,3247,53,A,0,,,
3032470052,11237,237,STOCKHOLM,ST,3,3247,52,A,0,,,
3032580019,11237,238,STOCKHOLM,ST,3,3258,19,A,0,,,
3032470051,11237,239,STOCKHOLM,ST,3,3247,51,A,0,,,
3032470050,11237,241,STOCKHOLM,ST,3,3247,50,A,0,,,
3032580021,11237,242,STOCKHOLM,ST,3,3258,21,A,0,,,
3032470049,11237,243,STOCKHOLM,ST,3,3247,49,A,0,,,
3032580022,11237,244,STOCKHOLM,ST,3,3258,22,A,0,,,
3032580023,11237,246,STOCKHOLM,ST,3,3258,23,A,0,,GARDEN COMPLEX,
3032470047,11237,247,STOCKHOLM,ST,3,3247,47,B,0,421-A (1-15),GARDEN COMPLEX 421-A (1-15),
3032580024,11237,248,STOCKHOLM,ST,3,3258,24,A,0,,,
3032470046,11237,249,STOCKHOLM,ST,3,3247,46,A,0,,,
3032580025,11237,250,STOCKHOLM,ST,3,3258,25,B,0,,,
3032580026,11237,252,STOCKHOLM,ST,3,3258,26,A,0,,,
3032580027,11237,254,STOCKHOLM,ST,3,3258,27,A,0,,,
3032470043,11237,255,STOCKHOLM,ST,3,3247,43,A,0,,GARDEN COMPLEX,
3032470042,11237,257,STOCKHOLM,ST,3,3247,42,B,0,421-A (16),GARDEN COMPLEX 421-A (16),
3032470041,11237,259,STOCKHOLM,ST,3,3247,41,A,0,,,
3032470040,11237,261,STOCKHOLM,ST,3,3247,40,A,0,,GARDEN COMPLEX,
3032470039,11237,263,STOCKHOLM,ST,3,3247,39,A,0,,,
3032470038,11237,265,STOCKHOLM,ST,3,3247,38,A,0,,,
3032590011,11237,292,STOCKHOLM,ST,3,3259,11,A,0,,,
3032590013,11237,296,STOCKHOLM,ST,3,3259,13,A,0,,,
3032590015,11237,300,STOCKHOLM,ST,3,3259,15,A,0,,,
3032590016,11237,302,STOCKHOLM,ST,3,3259,16,A,0,,,
3032590017,11237,304,STOCKHOLM,ST,3,3259,17,A,0,,,
3032480050,11237,305,STOCKHOLM,ST,3,3248,50,A,0,421-A (1-15),421-A (1-15),
3032590018,11237,306,STOCKHOLM,ST,3,3259,18,A,0,421-A (16),421-A (16),
3032480049,11237,307,STOCKHOLM,ST,3,3248,49,A,0,J-51,J-51,
3032480048,11237,309,STOCKHOLM,ST,3,3248,48,A,0,,,
3032480046,11237,313,STOCKHOLM,ST,3,3248,46,A,0,,,
3032590021,11237,314,STOCKHOLM,ST,3,3259,21,A,0,,,
3032590026,11237,324,STOCKHOLM,ST,3,3259,26,A,0,,,
3032480040,11237,325,STOCKHOLM,ST,3,3248,40,A,0,421-A (1-15),ROOMING HOUSE 421-A (1-15),
3032590027,11237,326,STOCKHOLM,ST,3,3259,27,A,0,,,
3032490001,11237,349,STOCKHOLM,ST,3,3249,1,A,0,,,137 WYCKOFF AVE
3032490045,11237,355,STOCKHOLM,ST,3,3249,45,A,0,,,
3032490044,11237,357,STOCKHOLM,ST,3,3249,44,B,0,,,
3032490040,11237,363,STOCKHOLM,ST,3,3249,40,A,0,,,
3032490035,11237,371,STOCKHOLM,ST,3,3249,35,A,0,421-A (16),421-A (16),
3032610020,11237,418 TO 428,STOCKHOLM,ST,3,3261,20,A,0,,,
3032090051,11237,211,SUYDAM,ST,3,3209,51,B,0,,,
3032090050,11237,213,SUYDAM,ST,3,3209,50,A,0,,,
3032090049,11237,215,SUYDAM,ST,3,3209,49,A,0,,,
3032190010,11237,216,SUYDAM,ST,3,3219,10,A,1,,NON-EVICT COOP/CONDO,
3032090048,11237,217,SUYDAM,ST,3,3209,48,A,0,,,
3032190012,11237,220,SUYDAM,ST,3,3219,12,A,0,,,
3032090045,11237,223,SUYDAM,ST,3,3209,45,A,0,,,
3032190014,11237,224,SUYDAM,ST,3,3219,14,A,0,,,
3032090043,11237,229,SUYDAM,ST,3,3209,43,A,0,,,
3032190017,11237,230,SUYDAM,ST,3,3219,17,A,0,,,
3032090042,11237,231,SUYDAM,ST,3,3209,42,A,0,,,
3032190019,11237,234,SUYDAM,ST,3,3219,19,A,0,,,
3032090040,11237,235,SUYDAM,ST,3,3209,40,B,0,,,
3032190020,11237,236,SUYDAM,ST,3,3219,20,A,0,,,
3032190021,11237,238,SUYDAM,ST,3,3219,21,A,0,,GARDEN COMPLEX,
3032090039,11237,239,SUYDAM,ST,3,3209,39,A,0,,,
3032090038,11237,241,SUYDAM,ST,3,3209,38,A,0,,,
3032190023,11237,244,SUYDAM,ST,3,3219,23,A,0,,,
3032190024,11237,246,SUYDAM,ST,3,3219,24,A,0,,,
3032190025,11237,248,SUYDAM,ST,3,3219,25,A,0,,,
3032200008,11237,264,SUYDAM,ST,3,3220,8,A,0,,,291 KNICKERBOCKER AVE
3032200005,11237,276,SUYDAM,ST,3,3220,5,A,0,,,
3032200011,11237,278,SUYDAM,ST,3,3220,11,A,0,,,
3032200012,11237,280,SUYDAM,ST,3,3220,12,A,0,,,
3032200013,11237,282,SUYDAM,ST,3,3220,13,A,0,,,
3032200016,11237,288,SUYDAM,ST,3,3220,16,A,0,,,
3032200017,11237,290,SUYDAM,ST,3,3220,17,A,0,,,
3032200018,11237,292,SUYDAM,ST,3,3220,18,A,0,,,
3032200019,11237,294,SUYDAM,ST,3,3220,19,A,0,,,
3032200020,11237,296,SUYDAM,ST,3,3220,20,A,0,,,
3032200021,11237,298,SUYDAM,ST,3,3220,21,A,0,,,
3032200022,11237,300,SUYDAM,ST,3,3220,22,A,0,,,
3032200023,11237,304,SUYDAM,ST,3,3220,23,A,0,,,
3032200024,11237,306,SUYDAM,ST,3,3220,24,A,0,,,
3032200025,11237,308,SUYDAM,ST,3,3220,25,A,0,,,
3032200026,11237,312,SUYDAM,ST,3,3220,26,A,0,,,
3032200027,11237,314,SUYDAM,ST,3,3220,27,A,0,,,
3032200028,11237,316,SUYDAM,ST,3,3220,28,A,0,,,
3032200029,11237,318,SUYDAM,ST,3,3220,29,A,0,,GARDEN COMPLEX,
3032200030,11237,320,SUYDAM,ST,3,3220,30,A,0,,,
3032110042,11237,399,SUYDAM,ST,3,3211,42,A,0,,,
3032220014,11237,402,SUYDAM,ST,3,3222,14,A,0,,,
3032220015,11237,404,SUYDAM,ST,3,3222,15,A,0,J-51,J-51,
3032110040,11237,405,SUYDAM,ST,3,3211,40,A,0,,,
3032220018,11237,408,SUYDAM,ST,3,3222,18,A,0,,,
3032110038,11237,409,SUYDAM,ST,3,3211,38,B,0,,,
3032110037,11237,411,SUYDAM,ST,3,3211,37,A,0,,,
3032110034,11237,419,SUYDAM,ST,3,3211,34,A,0,,,
3032110033,11237,421,SUYDAM,ST,3,3211,33,A,0,,GARDEN COMPLEX,
3032230003,11237,432,SUYDAM,ST,3,3223,3,A,0,,,
3030080031,11237,47,THAMES,ST,3,3008,31,A,0,,,
3030100035,11237,125,THAMES,ST,3,3010,35,A,0,,SECTION 610 OF PHFL,
3030100032,11237,131,THAMES,ST,3,3010,32,A,0,,GARDEN COMPLEX,
3030100031,11237,133,THAMES,ST,3,3010,31,A,0,,,
3030100028,11237,139,THAMES,ST,3,3010,28,A,0,,,
3031860011,11237,218,TROUTMAN,ST,3,3186,11,A,0,,GARDEN COMPLEX,
3031860012,11237,220,TROUTMAN,ST,3,3186,12,B,0,,,
3031740050,11237,221,TROUTMAN,ST,3,3174,50,A,0,,,
3031860013,11237,224,TROUTMAN,ST,3,3186,13,A,0,,,
3031740046,11237,229,TROUTMAN,ST,3,3174,46,A,0,,,
3031860016,11237,230,TROUTMAN,ST,3,3186,16,A,0,,,
3031740045,11237,231,TROUTMAN,ST,3,3174,45,A,0,,,
3031740044,11237,233,TROUTMAN,ST,3,3174,44,A,0,,GARDEN COMPLEX,
3031860018,11237,234,TROUTMAN,ST,3,3186,18,A,0,,GARDEN COMPLEX,
3031740043,11237,235,TROUTMAN,ST,3,3174,43,A,0,J-51,J-51,
3031740039,11237,243,TROUTMAN,ST,3,3174,39,A,0,,,
3031860023,11237,244,TROUTMAN,ST,3,3186,23,A,0,,GARDEN COMPLEX,
3031860024,11237,246,TROUTMAN,ST,3,3186,24,A,0,,,
3031870010,11237,278,TROUTMAN,ST,3,3187,10,A,0,,,
3031870011,11237,280,TROUTMAN,ST,3,3187,11,A,0,,,
3031870012,11237,284,TROUTMAN,ST,3,3187,12,A,0,,,
3031870013,11237,286,TROUTMAN,ST,3,3187,13,A,0,,GARDEN COMPLEX,
3031750048,11237,293,TROUTMAN,ST,3,3175,48,A,0,,,
3031870016,11237,294,TROUTMAN,ST,3,3187,16,A,0,J-51,GARDEN COMPLEX J-51,
3031750047,11237,295,TROUTMAN,ST,3,3175,47,A,0,,,
3031870019,11237,300,TROUTMAN,ST,3,3187,19,A,0,,GARDEN COMPLEX,
3031750044,11237,303,TROUTMAN,ST,3,3175,44,A,0,,,
3031750043,11237,305,TROUTMAN,ST,3,3175,43,A,0,,,
3031870021,11237,306,TROUTMAN,ST,3,3187,21,A,0,,GARDEN COMPLEX,
3031750042,11237,307,TROUTMAN,ST,3,3175,42,A,0,,,
3031870023,11237,310,TROUTMAN,ST,3,3187,23,A,0,,,
3031750040,11237,311,TROUTMAN,ST,3,3175,40,A,0,,,
3031870024,11237,314,TROUTMAN,ST,3,3187,24,A,0,,GARDEN COMPLEX SECTION 610 OF PHFL,
3031870025,11237,316,TROUTMAN,ST,3,3187,25,A,0,,,
3031870026,11237,318,TROUTMAN,ST,3,3187,26,A,0,J-51,J-51,
3031750037,11237,321,TROUTMAN,ST,3,3175,37,A,0,,GARDEN COMPLEX,
3031880015,11237,352,TROUTMAN,ST,3,3188,15,A,0,,,
3030050023,11237,31,VARICK,AVE,3,3005,23,A,0,,,
3034070026,11237,378,WEIRFIELD,ST,3,3407,26,A,0,421-A (16),421-A (16),
3034000068,11237,393,WEIRFIELD,ST,3,3400,68,A,0,421-A (16),421-A (16),389 WEIRFIELD ST
3031970053,11237,1111,WILLOUGHBY,AVE,3,3197,53,A,0,,,
3032090010,11237,1112,WILLOUGHBY,AVE,3,3209,10,A,0,,,
3031970052,11237,1113,WILLOUGHBY,AVE,3,3197,52,A,0,,GARDEN COMPLEX ARTICLE 11,
3032090011,11237,1114,WILLOUGHBY,AVE,3,3209,11,A,0,,GARDEN COMPLEX,
3031970051,11237,1115,WILLOUGHBY,AVE,3,3197,51,A,0,,,
3032090012,11237,1116,WILLOUGHBY,AVE,3,3209,12,A,0,,SECTION 610 OF PHFL,
3032090013,11237,1118,WILLOUGHBY,AVE,3,3209,13,A,0,,,
3032090015,11237,1122,WILLOUGHBY,AVE,3,3209,15,A,0,,GARDEN COMPLEX,
3032090016,11237,1124,WILLOUGHBY,AVE,3,3209,16,A,0,,GARDEN COMPLEX,
3032090017,11237,1126,WILLOUGHBY,AVE,3,3209,17,A,0,,,
3031970042,11237,1127,WILLOUGHBY,AVE,3,3197,42,A,0,,,
3032090018,11237,1128,WILLOUGHBY,AVE,3,3209,18,A,0,,,
3032090019,11237,1130,WILLOUGHBY,AVE,3,3209,19,A,0,,,
3032090021,11237,1134,WILLOUGHBY,AVE,3,3209,21,A,0,,GARDEN COMPLEX,
3032090022,11237,1136,WILLOUGHBY,AVE,3,3209,22,A,0,,,
3032090023,11237,1138,WILLOUGHBY,AVE,3,3209,23,A,0,,,
3032090024,11237,1140,WILLOUGHBY,AVE,3,3209,24,B,0,421-A (1-15),GARDEN COMPLEX 421-A (1-15),
3031970034,11237,1141,WILLOUGHBY,AVE,3,3197,34,A,0,421-A (16),421-A (16),260 KNICKERBOCKER AVE
3031990060,11237,1237,WILLOUGHBY,AVE,3,3199,60,B,0,,GARDEN COMPLEX,
3031990059,11237,1239,WILLOUGHBY,AVE,3,3199,59,A,0,,,
3031990058,11237,1241,WILLOUGHBY,AVE,3,3199,58,A,0,,,
3031990057,11237,1243,WILLOUGHBY,AVE,3,3199,57,A,0,,,
3031990055,11237,1247,WILLOUGHBY,AVE,3,3199,55,A,0,,,
3032100015,11237,1248,WILLOUGHBY,AVE,3,3210,15,A,0,,,
3031990045,11237,1263,WILLOUGHBY,AVE,3,3199,45,B,0,,,
3031990044,11237,1265,WILLOUGHBY,AVE,3,3199,44,A,0,,,
3031990043,11237,1267,WILLOUGHBY,AVE,3,3199,43,A,0,,GARDEN COMPLEX,
3031990042,11237,1269,WILLOUGHBY,AVE,3,3199,42,A,0,,,
3032110012,11237,1330,WILLOUGHBY,AVE,3,3211,12,A,0,J-51,GARDEN COMPLEX J-51,
3032110013,11237,1332 TO 1336,WILLOUGHBY,AVE,3,3211,13,A,0,J-51,GARDEN COMPLEX J-51,
3032110015,11237,1338 TO 1342,WILLOUGHBY,AVE,3,3211,15,A,0,J-51,GARDEN COMPLEX J-51,
3032110017,11237,1344,WILLOUGHBY,AVE,3,3211,17,A,0,,,
3032110018,11237,1348,WILLOUGHBY,AVE,3,3211,18,A,0,,,
3032110021,11237,1356,WILLOUGHBY,AVE,3,3211,21,A,0,,,
3032010043,11237,1383,WILLOUGHBY,AVE,3,3201,43,A,0,,,
3032010040,11237,1385,WILLOUGHBY,AVE,3,3201,40,A,0,,,
3032010037,11237,1393,WILLOUGHBY,AVE,3,3201,37,A,0,,,
3032010034,11237,1401,WILLOUGHBY,AVE,3,3201,34,A,0,,,
3032010031,11237,1409,WILLOUGHBY,AVE,3,3201,31,A,0,,,
3032010030,11237,1417,WILLOUGHBY,AVE,3,3201,30,A,0,,,
3031540033,11237,24,WILSON,AVE,3,3154,33,A,0,421-A (16),421-A (16),
3031580004,11237,37,WILSON,AVE,3,3158,4,A,0,421-A (16),421-A (16),
3031650008,11237,49,WILSON,AVE,3,3165,8,A,0,,GARDEN COMPLEX SECTION 610 OF PHFL,
3031640026,11237,52,WILSON,AVE,3,3164,26,A,0,,GARDEN COMPLEX,
3031650004,11237,57,WILSON,AVE,3,3165,4,A,0,,,
3031650002,11237,61,WILSON,AVE,3,3165,2,A,0,,,
3031740006,11237,73,WILSON,AVE,3,3174,6,A,0,,,
3031860007,11237,95,WILSON,AVE,3,3186,7,A,0,,,
3031970008,11237,109,WILSON,AVE,3,3197,8,A,0,,,
3031970007,11237,111,WILSON,AVE,3,3197,7,A,0,,,
3031970005,11237,115,WILSON,AVE,3,3197,5,A,0,,,
3031960035,11237,120,WILSON,AVE,3,3196,35,A,0,J-51,GARDEN COMPLEX J-51,
3032080030,11237,134,WILSON,AVE,3,3208,30,A,0,,,
3032080031,11237,136,WILSON,AVE,3,3208,31,A,0,,GARDEN COMPLEX,
3032090002,11237,143,WILSON,AVE,3,3209,2,A,0,,,
3032080034,11237,144,WILSON,AVE,3,3208,34,A,0,,,
3032190008,11237,147,WILSON,AVE,3,3219,8,A,0,,,
3032180033,11237,150,WILSON,AVE,3,3218,33,A,0,,,
3032180034,11237,152,WILSON,AVE,3,3218,34,A,0,,,
3032180035,11237,154,WILSON,AVE,3,3218,35,A,0,,,
3032190004,11237,155,WILSON,AVE,3,3219,4,A,0,,,
3032190003,11237,157,WILSON,AVE,3,3219,3,A,0,,,
3032180038,11237,160,WILSON,AVE,3,3218,38,A,0,,,
3032340030,11237,166,WILSON,AVE,3,3234,30,A,0,,,
3032340037,11237,178,WILSON,AVE,3,3234,37,A,0,,,
3032450030,11237,180,WILSON,AVE,3,3245,30,A,0,,,
3032450031,11237,182,WILSON,AVE,3,3245,31,A,0,,,
3032450032,11237,184,WILSON,AVE,3,3245,32,B,0,,,
3032450037,11237,194,WILSON,AVE,3,3245,37,A,0,,,
3032560025,11237,200,WILSON,AVE,3,3256,25,A,0,,GARDEN COMPLEX,
3032560026,11237,202,WILSON,AVE,3,3256,26,A,0,,,
3032570003,11237,205,WILSON,AVE,3,3257,3,A,0,J-51,J-51,
3032680011,11237,223,WILSON,AVE,3,3268,11,A,0,421-A (1-15),421-A (1-15),
3032760031,11237,228,WILSON,AVE,3,3276,31,A,0,,,
3032760032,11237,232,WILSON,AVE,3,3276,32,A,0,,,
3032760033,11237,236,WILSON,AVE,3,3276,33,A,0,,,
3033070001,11237,311 TO 313,WILSON,AVE,3,3307,1,A,0,421-A (16),421-A (16),177 MENAHAN ST
3033620048,11237,311,WOODBINE,ST,3,3362,48,A,0,,,
3033530030,11237,387,WOODBINE,ST,3,3353,30,A,0,,,
3033530028,11237,389,WOODBINE,ST,3,3353,28,A,0,,,
3033530026,11237,393,WOODBINE,ST,3,3353,26,B,0,,,
3033530025,11237,395,WOODBINE,ST,3,3353,25,A,0,,,
3033530023,11237,397,WOODBINE,ST,3,3353,23,A,0,,,
3033530022,11237,401,WOODBINE,ST,3,3353,22,A,0,,,
3031880040,11237,30,WYCKOFF,AVE,3,3188,40,A,0,,,
3031990036,11237,44,WYCKOFF,AVE,3,3199,36,B,0,,,
3031990037,11237,46,WYCKOFF,AVE,3,3199,37,A,0,,,
3032110010,11237,61 TO 63,WYCKOFF,AVE,3,3211,10,A,0,J-51,GARDEN COMPLEX J-51,
3032100036,11237,62,WYCKOFF,AVE,3,3210,36,A,0,,,
3032100037,11237,64,WYCKOFF,AVE,3,3210,37,A,0,,,
3032110007,11237,65,WYCKOFF,AVE,3,3211,7,A,0,,,
3032110006,11237,67,WYCKOFF,AVE,3,3211,6,A,0,,,
3032110005,11237,71,WYCKOFF,AVE,3,3211,5,A,0,,,
3032110004,11237,73,WYCKOFF,AVE,3,3211,4,A,0,,GARDEN COMPLEX,
3032110003,11237,77,WYCKOFF,AVE,3,3211,3,A,0,J-51,GARDEN COMPLEX J-51,
3032220009,11237,83 TO 85,WYCKOFF,AVE,3,3222,9,A,0,J-51,GARDEN COMPLEX J-51,
3032220007,11237,87,WYCKOFF,AVE,3,3222,7,A,0,,,
3032380004,11237,113,WYCKOFF,AVE,3,3238,4,B,0,,,
3032380003,11237,115,WYCKOFF,AVE,3,3238,3,A,0,,,
3032490004,11237,131,WYCKOFF,AVE,3,3249,4,A,0,,,
3032490003,11237,133,WYCKOFF,AVE,3,3249,3,A,0,,,
3032490002,11237,135,WYCKOFF,AVE,3,3249,2,A,0,,,
3032700035,11237,138,WYCKOFF,AVE,3,3270,35,A,0,,,
3032700036,11237,140,WYCKOFF,AVE,3,3270,36,A,0,,,
3032700038,11237,144,WYCKOFF,AVE,3,3270,38,A,0,,,
3032800034,11237,152,WYCKOFF,AVE,3,3280,34,A,0,,,
3032800035,11237,154,WYCKOFF,AVE,3,3280,35,A,0,,,
3032800036,11237,156,WYCKOFF,AVE,3,3280,36,A,0,,,
3032900032,11237,170,WYCKOFF,AVE,3,3290,32,A,0,,,
3032900033,11237,174,WYCKOFF,AVE,3,3290,33,A,0,,,
3032710004,11237,175,WYCKOFF,AVE,3,3271,4,A,0,,,
3033010032,11237,184,WYCKOFF,AVE,3,3301,32,A,0,,GARDEN COMPLEX,
3032810008,11237,185,WYCKOFF,AVE,3,3281,8,A,0,,,
3032810006,11237,189,WYCKOFF,AVE,3,3281,6,A,0,,,
3032810003,11237,193,WYCKOFF,AVE,3,3281,3,A,0,,,
3033010037,11237,194,WYCKOFF,AVE,3,3301,37,B,0,,,
3032910007,11237,203,WYCKOFF,AVE,3,3291,7,A,0,,,
3033100035,11237,208,WYCKOFF,AVE,3,3310,35,A,0,,,
3033100036,11237,210,WYCKOFF,AVE,3,3310,36,A,0,,,
3033100038,11237,214,WYCKOFF,AVE,3,3310,38,A,0,,,
3033020003,11237,231,WYCKOFF,AVE,3,3302,3,A,0,,,
3033190036,11237,234,WYCKOFF,AVE,3,3319,36,A,0,,GARDEN COMPLEX,
3033280033,11237,252,WYCKOFF,AVE,3,3328,33,A,0,,,
3033280034,11237,254,WYCKOFF,AVE,3,3328,34,A,0,,,
3033110004,11237,255,WYCKOFF,AVE,3,3311,4,A,0,,GARDEN COMPLEX,
3033200009,11237,265,WYCKOFF,AVE,3,3320,9,A,0,,GARDEN COMPLEX,
3033200001,11237,279,WYCKOFF,AVE,3,3320,1,A,0,,,
3033290005,11237,291,WYCKOFF,AVE,3,3329,5,A,0,,,
3033290002,11237,297,WYCKOFF,AVE,3,3329,2,A,0,,,
3033290001,11237,299,WYCKOFF,AVE,3,3329,1,A,0,,,
3021200027,11238,350,ADELPHI,ST,3,2120,27,A,0,,,
3019580011,11238,395,ADELPHI,ST,3,1958,11,A,0,,,
3019570047,11238,416,ADELPHI,ST,3,1957,47,A,0,,,
3020120062,11238,863,ATLANTIC,AVE,3,2012,62,A,0,421-A (1-15),GARDEN COMPLEX 421-A (1-15),596 WASHINGTON AVE
3020180062,11238,907 TO 911,ATLANTIC,AVE,3,2018,62,A,0,,ARTICLE 11,
3020190080,11238,953 TO 965,ATLANTIC,AVE,3,2019,80,A,0,,GARDEN COMPLEX,
3020197505,11238,1005 TO 1011,ATLANTIC,AVE,3,2019,7505,A,0,,,
3020190051,11238,1015,ATLANTIC,AVE,3,2019,51,A,0,421-A (16),421-A (16),
3011460015,11238,720,BERGEN,ST,3,1146,15,A,0,,,
3011460016,11238,722,BERGEN,ST,3,1146,16,B,0,J-51,GARDEN COMPLEX J-51,
3011460017,11238,724,BERGEN,ST,3,1146,17,A,0,,,
3011460018,11238,726,BERGEN,ST,3,1146,18,A,0,,,
3011400153,11238,759,BERGEN,ST,3,1140,153,A,0,421-A (1-15),421-A (1-15),
3011400152,11238,761,BERGEN,ST,3,1140,152,A,0,421-A (1-15),421-A (1-15),
3011400151,11238,763,BERGEN,ST,3,1140,151,A,0,421-A (1-15),421-A (1-15),
3011400150,11238,765,BERGEN,ST,3,1140,150,A,0,421-A (1-15),421-A (1-15),
3011480020,11238,800,BERGEN,ST,3,1148,20,A,0,,,
3011410076,11238,801,BERGEN,ST,3,1141,76,A,0,421-A (16),421-A (16),
3011480022,11238,804,BERGEN,ST,3,1148,22,A,0,421-A (1-15),GARDEN COMPLEX 421-A (1-15),
3011480024,11238,808,BERGEN,ST,3,1148,24,A,0,,,
3011480030,11238,818,BERGEN,ST,3,1148,30,A,0,,,
3011480033,11238,824 TO 840,BERGEN,ST,3,1148,33,A,0,,,
3011420092,11238,871,BERGEN,ST,3,1142,92,A,0,,,
3011490015,11238,872,BERGEN,ST,3,1149,15,A,0,,,
3011420089,11238,873,BERGEN,ST,3,1142,89,A,0,,,
3011490016,11238,874,BERGEN,ST,3,1149,16,A,0,,,
3011490017,11238,876,BERGEN,ST,3,1149,17,A,0,421-A (16),421-A (16),
3011420087,11238,879,BERGEN,ST,3,1142,87,A,0,,,
3011420085,11238,887,BERGEN,ST,3,1142,85,A,0,,,
3011420084,11238,889,BERGEN,ST,3,1142,84,A,0,,,
3011490023,11238,890,BERGEN,ST,3,1149,23,A,0,,,
3011490034,11238,912,BERGEN,ST,3,1149,34,A,0,,GARDEN COMPLEX,
3011490036,11238,916,BERGEN,ST,3,1149,36,A,0,421-A (16),GARDEN COMPLEX 421-A (16),
3011717503,11238,14 TO 20,BUTLER,PL,3,1171,7503,A,1,,NON-EVICT COOP/CONDO,
3011700041,11238,15,BUTLER,PL,3,1170,41,A,1,,NON-EVICT COOP/CONDO,
3011700037,11238,21,BUTLER,PL,3,1170,37,A,1,,NON-EVICT COOP/CONDO,
3011717502,11238,26,BUTLER,PL,3,1171,7502,A,1,,NON-EVICT COOP/CONDO,
3019640063,11238,60,CAMBRIDGE,PL,3,1964,63,A,0,,,
3019650001,11238,67,CAMBRIDGE,PL,3,1965,1,A,0,,GARDEN COMPLEX,
3019810015,11238,119,CAMBRIDGE,PL,3,1981,15,A,0,,,
3011297502,11238,535,CARLTON,AVE,3,1129,7502,A,0,421-A (1-15),421-A (1-15),
3011570028,11238,620,CARLTON,AVE,3,1157,28,B,0,,ROOMING HOUSE,
3011570001,11238,636,CARLTON,AVE,3,1157,1,A,0,,,
3019497501,11238,367,CLASSON,AVE,3,1949,7501,A,0,,,
3019530007,11238,385,CLASSON,AVE,3,1953,7,A,0,421-A (16),421-A (16),
3019660042,11238,388,CLASSON,AVE,3,1966,42,A,0,421-A (1-15),421-A (1-15),
3019690047,11238,398,CLASSON,AVE,3,1969,47,A,0,421-A (1-15),421-A (1-15),
3019840049,11238,448,CLASSON,AVE,3,1984,49,A,0,,ROOMING HOUSE,
3019840052,11238,454,CLASSON,AVE,3,1984,52,A,0,,,
3019840071,11238,492,CLASSON,AVE,3,1984,71,B,0,,,
3019870001,11238,493,CLASSON,AVE,3,1987,1,A,0,,,
3019940058,11238,549 TO 555,CLASSON,AVE,3,1994,58,A,0,,,
3011410043,11238,634,CLASSON,AVE,3,1141,43,A,0,,,
3011410044,11238,636,CLASSON,AVE,3,1141,44,A,0,J-51,J-51 ARTICLES 14 & 15,
3011410045,11238,638,CLASSON,AVE,3,1141,45,A,0,J-51,J-51,
3011410049,11238,644,CLASSON,AVE,3,1141,49,B,0,,,
3011410050,11238,646 TO 648,CLASSON,AVE,3,1141,50,A,0,J-51,J-51 ARTICLES 14 & 15,
3011420008,11238,649 TO 651,CLASSON,AVE,3,1142,8,A,0,,,
3011420007,11238,653,CLASSON,AVE,3,1142,7,A,0,J-51,J-51 ARTICLES 14 & 15,
3011420006,11238,655,CLASSON,AVE,3,1142,6,B,0,,,
3011420003,11238,657,CLASSON,AVE,3,1142,3,A,0,J-51,J-51 ARTICLES 14 & 15,
3011420002,11238,663,CLASSON,AVE,3,1142,2,A,0,,,
3011420001,11238,665,CLASSON,AVE,3,1142,1,A,0,J-51,J-51 ARTICLES 14 & 15,
3011490011,11238,667,CLASSON,AVE,3,1149,11,A,0,,,
3011490009,11238,673,CLASSON,AVE,3,1149,9,A,0,,,
3011490004,11238,679,CLASSON,AVE,3,1149,4,A,0,,,
3011490003,11238,681,CLASSON,AVE,3,1149,3,A,0,,,
3011560001,11238,713,CLASSON,AVE,3,1156,1,A,0,,ARTICLE 11,
3011740036,11238,762,CLASSON,AVE,3,1174,36,A,0,,,
3011740038,11238,766,CLASSON,AVE,3,1174,38,A,0,,,
3011740040,11238,776,CLASSON,AVE,3,1174,40,A,0,,,
3011740042,11238,790,CLASSON,AVE,3,1174,42,A,0,J-51,GARDEN COMPLEX J-51,
3011770028,11238,796,CLASSON,AVE,3,1177,28,A,0,,,
3011770029,11238,804,CLASSON,AVE,3,1177,29,A,0,,,
3011780011,11238,809,CLASSON,AVE,3,1178,11,A,0,,,
3011770035,11238,828,CLASSON,AVE,3,1177,35,A,0,,,
3011800021,11238,842,CLASSON,AVE,3,1180,21,A,0,,,
3011800025,11238,852,CLASSON,AVE,3,1180,25,A,0,,,
3019940037,11238,30,CLAVER,PL,3,1994,37,A,0,J-51,J-51,
3019970003,11238,35,CLAVER,PL,3,1997,3,A,0,,,
3019590023,11238,397,CLERMONT,AVE,3,1959,23,A,0,,,
3020097501,11238,451 TO 481,CLERMONT,AVE,3,2009,7501,A,0,421-A (1-15),421-A (1-15),810 FULTON ST
3019480067,11238,41 TO 43,CLIFTON,PL,3,1948,67,A,0,,SECTION 610 OF PHFL,
3019480065,11238,45 TO 47,CLIFTON,PL,3,1948,65,A,0,,,
3019480061,11238,53,CLIFTON,PL,3,1948,61,A,0,,,
3019480060,11238,55,CLIFTON,PL,3,1948,60,A,0,,,
3019480059,11238,57,CLIFTON,PL,3,1948,59,A,0,,,
3019480042,11238,79 TO 81,CLIFTON,PL,3,1948,42,A,0,,,
3019520016,11238,80,CLIFTON,PL,3,1952,16,A,0,,,
3019490070,11238,115,CLIFTON,PL,3,1949,70,A,0,421-A (16),GARDEN COMPLEX 421-A (16),
3019490068,11238,119,CLIFTON,PL,3,1949,68,A,0,421-A (16),GARDEN COMPLEX 421-A (16),
3019490067,11238,123,CLIFTON,PL,3,1949,67,A,0,421-A (16),GARDEN COMPLEX 421-A (16),
3019440004,11238,345,CLINTON,AVE,3,1944,4,A,1,J-51,NON-EVICT COOP/CONDO,
3019430006,11238,360,CLINTON,AVE,3,1943,6,A,1,,NON-EVICT COOP/CONDO,
3019430033,11238,374,CLINTON,AVE,3,1943,33,B,0,,,
3019430038,11238,392,CLINTON,AVE,3,1943,38,A,0,,,109 GREENE AVE
3019600038,11238,400,CLINTON,AVE,3,1960,38,A,0,,,
3019600044,11238,406,CLINTON,AVE,3,1960,44,A,0,,,
3019600045,11238,410,CLINTON,AVE,3,1960,45,A,0,,,
3019610020,11238,415,CLINTON,AVE,3,1961,20,A,0,,GARDEN COMPLEX,
3019600022,11238,420,CLINTON,AVE,3,1960,22,A,0,,,
3019607501,11238,430,CLINTON,AVE,3,1960,7501,A,1,,NON-EVICT COOP/CONDO,
3019600008,11238,450,CLINTON,AVE,3,1960,8,A,0,,,
3019600070,11238,464 TO 468,CLINTON,AVE,3,1960,70,A,0,,,
3019610001,11238,465,CLINTON,AVE,3,1961,1,A,0,,,
3019770012,11238,469,CLINTON,AVE,3,1977,12,A,0,,ROOMING HOUSE,
3019770006,11238,479,CLINTON,AVE,3,1977,6,A,0,,,
3019760014,11238,480,CLINTON,AVE,3,1976,14,A,0,,,
3019760016,11238,484,CLINTON,AVE,3,1976,16,A,0,,,
3019770004,11238,487,CLINTON,AVE,3,1977,4,A,0,,,
3019770002,11238,493,CLINTON,AVE,3,1977,2,A,0,,GARDEN COMPLEX,
3020110028,11238,497 TO 501,CLINTON,AVE,3,2011,28,A,0,,SECTION 610 OF PHFL,
3020100038,11238,500,CLINTON,AVE,3,2010,38,A,0,,,
3020100039,11238,502,CLINTON,AVE,3,2010,39,A,0,,,
3020110021,11238,515,CLINTON,AVE,3,2011,21,A,0,,,
3020117501,11238,525 TO 535,CLINTON,AVE,3,2011,7501,A,0,,,
3020100056,11238,536,CLINTON,AVE,3,2010,56,A,0,,,
3020110007,11238,537,CLINTON,AVE,3,2011,7,A,0,,,
3020107504,11238,544 TO 552,CLINTON,AVE,3,2010,7504,A,0,421-A (16),421-A (16),
3021190010,11238,301 TO 303,CUMBERLAND,ST,3,2119,10,A,0,,,
3021180038,11238,318,CUMBERLAND,ST,3,2118,38,B,0,,,
3020060135,11238,355,CUMBERLAND,ST,3,2006,135,A,0,,,
3020050151,11238,356,CUMBERLAND,ST,3,2005,151,A,0,421-A (1-15),421-A (1-15),
3020060134,11238,357,CUMBERLAND,ST,3,2006,134,A,0,,,
3020050153,11238,360,CUMBERLAND,ST,3,2005,153,A,0,421-A (1-15),421-A (1-15),
3020050154,11238,362,CUMBERLAND,ST,3,2005,154,A,0,421-A (1-15),421-A (1-15),
3020050156,11238,366,CUMBERLAND,ST,3,2005,156,A,0,421-A (1-15),421-A (1-15),
3020050157,11238,368,CUMBERLAND,ST,3,2005,157,A,0,421-A (1-15),421-A (1-15),
3011297503,11238,595 TO 645,DEAN,ST,3,1129,7503,A,0,421-A (16),421-A (16),
3011300075,11238,683 TO 715,DEAN,ST,3,1130,75,B,0,,ROOMING HOUSE SECTION 610 OF PHFL,
3011300059,11238,719,DEAN,ST,3,1130,59,A,0,421-A (1-15),421-A (1-15),
3011300054,11238,733,DEAN,ST,3,1130,54,B,0,J-51,GARDEN COMPLEX J-51,
3011310001,11238,759,DEAN,ST,3,1131,1,A,0,,,43 UNDERHILL AVE
3011390010,11238,762,DEAN,ST,3,1139,10,A,0,421-A (1-15),421-A (1-15),
3011320070,11238,787,DEAN,ST,3,1132,70,A,0,,,
3011400022,11238,816,DEAN,ST,3,1140,22,A,0,,,
3019820067,11238,82 TO 84,DOWNING,ST,3,1982,67,A,0,,,
3019820069,11238,86 TO 90,DOWNING,ST,3,1982,69,A,0,J-51,J-51,
3019917501,11238,108 TO 116,DOWNING,ST,3,1991,7501,A,0,421-A (16),GARDEN COMPLEX 421-A (16),1019 FULTON ST
3011720003,11238,23 TO 29,EASTERN,PKWY,3,1172,3,B,0,,,
3011720001,11238,35,EASTERN,PKWY,3,1172,1,A,1,,NON-EVICT COOP/CONDO,
3011790096,11238,37 TO 45,EASTERN,PKWY,3,1179,96,A,1,,NON-EVICT COOP/CONDO,
3011790092,11238,55,EASTERN,PKWY,3,1179,92,A,0,,,
3011790085,11238,61 TO 71,EASTERN,PKWY,3,1179,85,A,1,,NON-EVICT COOP/CONDO,
3011790083,11238,73,EASTERN,PKWY,3,1179,83,A,0,,,
3011790017,11238,77,EASTERN,PKWY,3,1179,17,A,1,,NON-EVICT COOP/CONDO,
3011790076,11238,85,EASTERN,PKWY,3,1179,76,A,0,,,
3011790071,11238,95,EASTERN,PKWY,3,1179,71,A,0,,,
3011790061,11238,125,EASTERN,PKWY,3,1179,61,A,1,,NON-EVICT COOP/CONDO,
3011790097,11238,159,EASTERN,PKWY,3,1179,97,A,0,,,
3011790117,11238,163 TO 169,EASTERN,PKWY,3,1179,117,A,0,,,
3011790116,11238,171,EASTERN,PKWY,3,1179,116,A,0,,,
3011790108,11238,175,EASTERN,PKWY,3,1179,108,A,0,,,
3011800001,11238,201,EASTERN,PKWY,3,1180,1,A,0,,,
3011807502,11238,217 TO 219,EASTERN,PKWY,3,1180,7502,B,1,,NON-EVICT COOP/CONDO,
3011817502,11238,225,EASTERN,PKWY,3,1181,7502,B,1,,COOP/CONDO PLAN FILE,
3011817501,11238,241 TO 255,EASTERN,PKWY,3,1181,7501,B,1,,COOP/CONDO PLAN FILE,
3011810018,11238,263,EASTERN,PKWY,3,1181,18,A,0,,,
3011810024,11238,275 TO 277,EASTERN,PKWY,3,1181,24,A,0,,,
3011810068,11238,285,EASTERN,PKWY,3,1181,68,B,0,,,
3011810036,11238,303 TO 307,EASTERN,PKWY,3,1181,36,A,0,,,
3011810052,11238,325 TO 327,EASTERN,PKWY,3,1181,52,A,0,,,
3019500005,11238,311,FRANKLIN,AVE,3,1950,5,A,0,421-A (16),421-A (16),
3019500003,11238,317,FRANKLIN,AVE,3,1950,3,A,0,421-A (16),421-A (16),
3019540002,11238,327 TO 329,FRANKLIN,AVE,3,1954,2,A,0,,,
3019540054,11238,335 TO 341,FRANKLIN,AVE,3,1954,54,A,0,,,
3019700034,11238,354,FRANKLIN,AVE,3,1970,34,A,0,421-A (1-15),421-A (1-15),
3019680003,11238,355,FRANKLIN,AVE,3,1968,3,A,0,,,
3019700037,11238,360,FRANKLIN,AVE,3,1970,37,A,0,,,
3019730043,11238,376,FRANKLIN,AVE,3,1973,43,A,0,421-A (1-15),421-A (1-15),
3019710055,11238,377,FRANKLIN,AVE,3,1971,55,A,0,421-A (1-15),GARDEN COMPLEX 421-A (1-15),
3019740001,11238,387,FRANKLIN,AVE,3,1974,1,A,0,421-A (1-15),GARDEN COMPLEX 421-A (1-15),
3019870052,11238,426,FRANKLIN,AVE,3,1987,52,A,0,421-A (1-15),421-A (1-15),
3019890041,11238,436,FRANKLIN,AVE,3,1989,41,A,0,421-A (1-15),421-A (1-15),
3019900002,11238,451,FRANKLIN,AVE,3,1990,2,A,0,421-A (1-15),421-A (1-15),
3019960003,11238,461,FRANKLIN,AVE,3,1996,3,B,0,,,
3019970028,11238,482 TO 484,FRANKLIN,AVE,3,1997,28,A,0,,,
3020170008,11238,523,FRANKLIN,AVE,3,2017,8,A,0,421-A (16),421-A (16),
3020210004,11238,557,FRANKLIN,AVE,3,2021,4,A,0,,,
3011340054,11238,592,FRANKLIN,AVE,3,1134,54,A,0,,,
3012050005,11238,599,FRANKLIN,AVE,3,1205,5,A,0,,,
3012050004,11238,603,FRANKLIN,AVE,3,1205,4,A,0,,,
3011427501,11238,608,FRANKLIN,AVE,3,1142,7501,A,0,,,
3012110003,11238,627,FRANKLIN,AVE,3,1211,3,A,0,421-A (16),421-A (16),
3011490052,11238,634,FRANKLIN,AVE,3,1149,52,A,0,,,
3012170009,11238,643,FRANKLIN,AVE,3,1217,9,A,0,,,
3012170007,11238,645,FRANKLIN,AVE,3,1217,7,A,0,,,
3012247504,11238,681,FRANKLIN,AVE,3,1224,7504,A,0,421-A (1-15),421-A (1-15),
3012240002,11238,683,FRANKLIN,AVE,3,1224,2,A,0,,,
3012310012,11238,693,FRANKLIN,AVE,3,1231,12,A,0,,SECTION 610 OF PHFL ARTICLE 11,
3012310010,11238,695,FRANKLIN,AVE,3,1231,10,A,0,,SECTION 610 OF PHFL ARTICLE 11,
3012310008,11238,697,FRANKLIN,AVE,3,1231,8,A,0,,SECTION 610 OF PHFL ARTICLE 11,
3011680052,11238,724,FRANKLIN,AVE,3,1168,52,A,0,J-51,GARDEN COMPLEX J-51,
3011680053,11238,726,FRANKLIN,AVE,3,1168,53,B,0,,,
3011680055,11238,728,FRANKLIN,AVE,3,1168,55,A,0,,,
3011687501,11238,730,FRANKLIN,AVE,3,1168,7501,A,0,421-A (1-15),GARDEN COMPLEX 421-A (1-15),
3011680058,11238,732,FRANKLIN,AVE,3,1168,58,B,0,,,
3011680059,11238,734,FRANKLIN,AVE,3,1168,59,B,0,,,
3011750054,11238,744,FRANKLIN,AVE,3,1175,54,A,0,J-51,J-51 ARTICLES 14 & 15,
3011750056,11238,750,FRANKLIN,AVE,3,1175,56,B,0,,,
3011750058,11238,756,FRANKLIN,AVE,3,1175,58,B,0,,,
3012450004,11238,757,FRANKLIN,AVE,3,1245,4,A,0,J-51,J-51 ARTICLES 14 & 15,
3012450003,11238,759,FRANKLIN,AVE,3,1245,3,A,0,J-51,J-51 ARTICLES 14 & 15,
3012450002,11238,761,FRANKLIN,AVE,3,1245,2,A,0,J-51,J-51 ARTICLES 14 & 15,
3011780047,11238,774,FRANKLIN,AVE,3,1178,47,A,0,,,
3011780049,11238,778,FRANKLIN,AVE,3,1178,49,A,0,,,
3011780051,11238,782,FRANKLIN,AVE,3,1178,51,A,0,,,
3011780052,11238,786,FRANKLIN,AVE,3,1178,52,A,0,,SECTION 610 OF PHFL ARTICLE 11,
3012520006,11238,789,FRANKLIN,AVE,3,1252,6,A,0,,,
3012520004,11238,793,FRANKLIN,AVE,3,1252,4,B,0,,,
3020060140,11238,732,FULTON,ST,3,2006,140,A,0,421-A (1-15),GARDEN COMPLEX 421-A (1-15),
3020060147,11238,746,FULTON,ST,3,2006,147,A,0,421-A (16),421-A (16),
3020100025,11238,838 TO 846,FULTON,ST,3,2010,25,A,0,421-A (1-15),421-A (1-15),485 VANDERBILT AVE
3019770030,11238,925,FULTON,ST,3,1977,30,A,0,J-51,J-51,
3019780034,11238,941 TO 943,FULTON,ST,3,1978,34,A,0,,,
3020140017,11238,946,FULTON,ST,3,2014,17,A,0,,,
3020140031,11238,976 TO 978,FULTON,ST,3,2014,31,A,0,,,
3020150022,11238,1006,FULTON,ST,3,2015,22,A,0,,,
3020150023,11238,1008,FULTON,ST,3,2015,23,A,0,421-A (1-15),421-A (1-15),
3019920012,11238,1035,FULTON,ST,3,1992,12,A,0,421-A (1-15),421-A (1-15),
3019927502,11238,1043,FULTON,ST,3,1992,7502,A,0,,ARTICLE 11,
3019930003,11238,1067 TO 1079,FULTON,ST,3,1993,3,A,0,,,530 CLASSON AVE
3020160012,11238,1068,FULTON,ST,3,2016,12,A,0,421-A (16),421-A (16),
3020167501,11238,1078,FULTON,ST,3,2016,7501,A,0,421-A (1-15),421-A (1-15),
3020160032,11238,1108,FULTON,ST,3,2016,32,A,0,J-51,J-51 SEC 608,
3019970060,11238,1111,FULTON,ST,3,1997,60,A,0,421-A (16),GARDEN COMPLEX 421-A (16),
3020160039,11238,1124,FULTON,ST,3,2016,39,A,0,J-51,J-51 SEC 608,
3020160040,11238,1126 TO 1128,FULTON,ST,3,2016,40,A,0,,,
3019620084,11238,69,GATES,AVE,3,1962,84,A,0,,ROOMING HOUSE,
3019620082,11238,73,GATES,AVE,3,1962,82,A,0,,ROOMING HOUSE,
3019630086,11238,97,GATES,AVE,3,1963,86,A,0,,,
3019630082,11238,105,GATES,AVE,3,1963,82,A,0,,,
3019720033,11238,197,GATES,AVE,3,1972,33,B,0,J-51,J-51,
3019850014,11238,218 TO 220,GATES,AVE,3,1985,14,A,0,,,
3019850028,11238,240,GATES,AVE,3,1985,28,A,0,,,
3019850036,11238,256,GATES,AVE,3,1985,36,A,0,,,
3019850038,11238,260,GATES,AVE,3,1985,38,A,0,,,
3019730051,11238,261,GATES,AVE,3,1973,51,A,0,,,
3019480001,11238,273,GRAND,AVE,3,1948,1,A,0,,,320 LAFAYETTE AVE
3019520001,11238,293 TO 295,GRAND,AVE,3,1952,1,A,0,,,
3019660004,11238,309 TO 311,GRAND,AVE,3,1966,4,A,0,,,
3019650042,11238,324 TO 326,GRAND,AVE,3,1965,42,A,0,,,
3019690093,11238,363,GRAND,AVE,3,1969,93,A,0,J-51,J-51,
3019650071,11238,376,GRAND,AVE,3,1965,71,A,0,,GARDEN COMPLEX,
3019820014,11238,409,GRAND,AVE,3,1982,14,A,0,,,
3019810049,11238,410,GRAND,AVE,3,1981,49,A,0,,,
3019820007,11238,425,GRAND,AVE,3,1982,7,A,0,J-51,J-51,
3020157501,11238,445,GRAND,AVE,3,2015,7501,A,0,421-A (16),421-A (16),982 FULTON ST
3011480005,11238,575 TO 577,GRAND,AVE,3,1148,5,A,0,,,
3011480001,11238,597 TO 601,GRAND,AVE,3,1148,1,A,0,,,369385 SAINT MARKS AVE
3011550012,11238,603,GRAND,AVE,3,1155,12,A,0,,,382 SAINT MARKS AVE
3011550009,11238,605,GRAND,AVE,3,1155,9,A,0,,,
3011550008,11238,613,GRAND,AVE,3,1155,8,A,0,,,
3011620014,11238,629,GRAND,AVE,3,1162,14,A,0,,,416 PROSPECT PL
3011620008,11238,637,GRAND,AVE,3,1162,8,A,0,J-51,J-51 ARTICLES 14 & 15,
3011620007,11238,639,GRAND,AVE,3,1162,7,A,0,J-51,J-51 ARTICLES 14 & 15,
3011620005,11238,641,GRAND,AVE,3,1162,5,A,0,J-51,J-51 ARTICLES 14 & 15,
3021180046,11238,7,GREENE,AVE,3,2118,46,B,0,,,
3019570030,11238,46 TO 50,GREENE,AVE,3,1957,30,A,0,J-51,J-51,
3019580021,11238,58,GREENE,AVE,3,1958,21,A,0,,,
3019590039,11238,90,GREENE,AVE,3,1959,39,A,0,,,
3019660013,11238,234,GREENE,AVE,3,1966,13,A,0,421-A (1-15),421-A (1-15),
3019660015,11238,236,GREENE,AVE,3,1966,15,A,0,J-51,J-51 SEC 608,
3019660022,11238,250,GREENE,AVE,3,1966,22,A,0,,SECTION 610 OF PHFL,
3019677505,11238,290,GREENE,AVE,3,1967,7505,A,0,J-51,J-51,
3019537503,11238,339,GREENE,AVE,3,1953,7503,A,0,,,174176 CLIFTON PL
3019840011,11238,51,IRVING,PL,3,1984,11,A,0,,,
3021190026,11238,132,LAFAYETTE,AVE,3,2119,26,A,0,,,
3021020069,11238,133,LAFAYETTE,AVE,3,2102,69,A,0,,,
3021200017,11238,140,LAFAYETTE,AVE,3,2120,17,A,0,,,343345 CARLTON AVE
3021200020,11238,146,LAFAYETTE,AVE,3,2120,20,A,0,,,
3021030061,11238,161,LAFAYETTE,AVE,3,2103,61,A,0,,,
3021030060,11238,163,LAFAYETTE,AVE,3,2103,60,A,0,,,
3019290051,11238,211,LAFAYETTE,AVE,3,1929,51,A,0,,,
3019337501,11238,323 TO 331,LAFAYETTE,AVE,3,1933,7501,A,0,421-A (16),421-A (16),
3019480014,11238,342,LAFAYETTE,AVE,3,1948,14,A,0,J-51,GARDEN COMPLEX J-51,
3019480020,11238,352,LAFAYETTE,AVE,3,1948,20,A,0,,,
3019480024,11238,360,LAFAYETTE,AVE,3,1948,24,A,0,,,
3019480025,11238,362,LAFAYETTE,AVE,3,1948,25,A,0,,,
3019480028,11238,368,LAFAYETTE,AVE,3,1948,28,A,0,,,
3019490026,11238,424,LAFAYETTE,AVE,3,1949,26,A,0,421-A (1-15),421-A (1-15),
3019490027,11238,426,LAFAYETTE,AVE,3,1949,27,A,0,421-A (1-15),421-A (1-15),
3019490033,11238,436,LAFAYETTE,AVE,3,1949,33,A,0,421-A (16),421-A (16),
3020140054,11238,19,LEFFERTS,PL,3,2014,54,A,0,421-A (1-15),421-A (1-15),
3020180024,11238,26,LEFFERTS,PL,3,2018,24,A,0,J-51,GARDEN COMPLEX J-51,
3020180026,11238,30,LEFFERTS,PL,3,2018,26,A,0,,,
3020190009,11238,56 TO 62,LEFFERTS,PL,3,2019,9,A,0,,,
3020150083,11238,71,LEFFERTS,PL,3,2015,83,A,0,,,
3020150066,11238,99 TO 105,LEFFERTS,PL,3,2015,66,A,0,,,
3020190040,11238,130,LEFFERTS,PL,3,2019,40,A,0,,,
3020200009,11238,144,LEFFERTS,PL,3,2020,9,A,0,,,
3020200024,11238,172,LEFFERTS,PL,3,2020,24,A,0,,,
3020200051,11238,226,LEFFERTS,PL,3,2020,51,A,0,J-51,J-51 SEC 608,
3019690022,11238,8 TO 16,LEXINGTON,AVE,3,1969,22,A,0,421-A (1-15),421-A (1-15),2 DOWNING ST
3019700013,11238,76,LEXINGTON,AVE,3,1970,13,A,0,,,
3019700019,11238,86,LEXINGTON,AVE,3,1970,19,A,0,,,
3019700021,11238,90,LEXINGTON,AVE,3,1970,21,A,0,,,
3019700022,11238,92,LEXINGTON,AVE,3,1970,22,A,0,,,
3019670048,11238,125,LEXINGTON,AVE,3,1967,48,A,0,421-A (1-15),421-A (1-15),
3011760001,11238,267,LINCOLN,PL,3,1176,1,A,0,,,
3011790003,11238,272,LINCOLN,PL,3,1179,3,A,0,,,
3011760009,11238,279 TO 289,LINCOLN,PL,3,1176,9,A,0,,,
3011790007,11238,290,LINCOLN,PL,3,1179,7,A,0,,,
3011760079,11238,291 TO 297,LINCOLN,PL,3,1176,79,A,0,,,
3011790011,11238,292,LINCOLN,PL,3,1179,11,A,0,,,
3011760074,11238,311,LINCOLN,PL,3,1176,74,A,0,,,
3011760072,11238,315,LINCOLN,PL,3,1176,72,A,0,,,
3011760071,11238,319,LINCOLN,PL,3,1176,71,A,0,,,
3011790019,11238,320,LINCOLN,PL,3,1179,19,A,0,,,
3011760070,11238,323,LINCOLN,PL,3,1176,70,A,0,,,
3011790023,11238,326,LINCOLN,PL,3,1179,23,A,0,,,
3011760068,11238,329,LINCOLN,PL,3,1176,68,A,0,,,
3011760064,11238,339,LINCOLN,PL,3,1176,64,A,0,,,
3011760062,11238,345,LINCOLN,PL,3,1176,62,B,0,,,
3011760054,11238,347,LINCOLN,PL,3,1176,54,A,0,,,
3011790037,11238,362 TO 364,LINCOLN,PL,3,1179,37,B,0,,,
3011760052,11238,367 TO 369,LINCOLN,PL,3,1176,52,A,0,,,
3011790099,11238,394,LINCOLN,PL,3,1179,99,B,1,,NON-EVICT COOP/CONDO,
3011790103,11238,400 TO 410,LINCOLN,PL,3,1179,103,A,1,,NON-EVICT COOP/CONDO,
3011760098,11238,407,LINCOLN,PL,3,1176,98,A,0,,,840842 WASHINGTON AVE
3011770045,11238,429,LINCOLN,PL,3,1177,45,A,0,,,
3011770044,11238,433,LINCOLN,PL,3,1177,44,A,0,,,
3011770042,11238,437,LINCOLN,PL,3,1177,42,A,0,,,
3011770040,11238,443,LINCOLN,PL,3,1177,40,A,0,,,
3011770039,11238,447,LINCOLN,PL,3,1177,39,A,0,,,
3011810028,11238,520,LINCOLN,PL,3,1181,28,A,0,,,
3011780067,11238,527,LINCOLN,PL,3,1178,67,A,0,,,
3011780061,11238,541,LINCOLN,PL,3,1178,61,A,0,,,
3011780059,11238,547,LINCOLN,PL,3,1178,59,A,0,,,
3011810040,11238,552,LINCOLN,PL,3,1181,40,A,0,,,
3011780057,11238,553,LINCOLN,PL,3,1178,57,A,0,,,
3011810045,11238,560,LINCOLN,PL,3,1181,45,A,0,,,
3011780053,11238,571,LINCOLN,PL,3,1178,53,A,0,,,788 FRANKLIN AVE
3019870071,11238,25,MADISON,ST,3,1987,71,A,0,,GARDEN COMPLEX,
3019870070,11238,27,MADISON,ST,3,1987,70,A,0,,,
3019870062,11238,41,MADISON,ST,3,1987,62,A,0,,,
3019870061,11238,43,MADISON,ST,3,1987,61,A,0,,,
3019870057,11238,51,MADISON,ST,3,1987,57,A,0,,,
3011300011,11238,834,PACIFIC,ST,3,1130,11,A,0,421-A (16),421-A (16),
3011220049,11238,891,PACIFIC,ST,3,1122,49,B,0,,GARDEN COMPLEX,
3011220048,11238,893,PACIFIC,ST,3,1122,48,A,0,,,
3011220047,11238,895,PACIFIC,ST,3,1122,47,A,0,,,
3011320017,11238,914,PACIFIC,ST,3,1132,17,A,0,,GARDEN COMPLEX,
3011240067,11238,931,PACIFIC,ST,3,1124,67,B,0,,,
3011257501,11238,979,PACIFIC,ST,3,1125,7501,A,0,421-A (16),421-A (16),
3011330032,11238,1010 TO 1016,PACIFIC,ST,3,1133,32,A,0,421-A (16),421-A (16),
3011330043,11238,1020,PACIFIC,ST,3,1133,43,A,0,,,
3011330044,11238,1022,PACIFIC,ST,3,1133,44,B,0,,,
3011260089,11238,1063,PACIFIC,ST,3,1126,89,A,0,,,
3011580084,11238,175,PARK,PL,3,1158,84,A,0,,,
3011580083,11238,177,PARK,PL,3,1158,83,A,0,,,
3011580082,11238,179,PARK,PL,3,1158,82,A,0,,,
3011640031,11238,202,PARK,PL,3,1164,31,A,0,,ROOMING HOUSE,
3011640035,11238,210,PARK,PL,3,1164,35,A,0,,,
3011580061,11238,225,PARK,PL,3,1158,61,A,1,,NON-EVICT COOP/CONDO,
3011640042,11238,230,PARK,PL,3,1164,42,A,1,,NON-EVICT COOP/CONDO,
3011650036,11238,324,PARK,PL,3,1165,36,A,0,,,
3011600046,11238,425,PARK,PL,3,1160,46,A,0,,,
3011660048,11238,428,PARK,PL,3,1166,48,A,0,,GARDEN COMPLEX,
3011660051,11238,434,PARK,PL,3,1166,51,A,0,,,
3011670010,11238,446,PARK,PL,3,1167,10,A,0,,,
3011670013,11238,452,PARK,PL,3,1167,13,A,0,,,
3011620087,11238,455,PARK,PL,3,1162,87,A,0,,,
3011620086,11238,457,PARK,PL,3,1162,86,A,0,,,
3011620084,11238,461,PARK,PL,3,1162,84,A,0,J-51,J-51,
3011620083,11238,465,PARK,PL,3,1162,83,A,0,,,
3011620082,11238,469,PARK,PL,3,1162,82,A,0,J-51,J-51,
3011620081,11238,473,PARK,PL,3,1162,81,A,0,,,
3011620080,11238,477,PARK,PL,3,1162,80,B,0,,,
3011620079,11238,479,PARK,PL,3,1162,79,A,0,J-51,J-51 ARTICLES 14 & 15,
3011620078,11238,483,PARK,PL,3,1162,78,A,0,,,
3011620070,11238,499,PARK,PL,3,1162,70,A,0,,,
3011620059,11238,533,PARK,PL,3,1162,59,A,0,J-51,J-51,
3011620058,11238,537,PARK,PL,3,1162,58,A,0,J-51,J-51,
3011680030,11238,588,PARK,PL,3,1168,30,A,0,,,
3011630078,11238,589 TO 591,PARK,PL,3,1163,78,A,0,,,
3011630077,11238,593,PARK,PL,3,1163,77,A,0,,,
3011680032,11238,594,PARK,PL,3,1168,32,A,0,,,
3011630076,11238,597,PARK,PL,3,1163,76,A,0,,,
3011680034,11238,600,PARK,PL,3,1168,34,A,0,,,
3011630073,11238,601,PARK,PL,3,1163,73,A,0,,,
3011680040,11238,618,PARK,PL,3,1168,40,A,0,,,
3011630066,11238,619,PARK,PL,3,1163,66,A,0,,,
3011680044,11238,624,PARK,PL,3,1168,44,A,0,,,
3011680046,11238,626,PARK,PL,3,1168,46,A,0,,,
3011680049,11238,632 TO 638,PARK,PL,3,1168,49,A,0,,GARDEN COMPLEX,
3011630056,11238,635,PARK,PL,3,1163,56,A,0,,,
3011630054,11238,637,PARK,PL,3,1163,54,B,0,,,
3011690024,11238,20,PLAZA ST E,,3,1169,24,A,1,,NON-EVICT COOP/CONDO,
3011700009,11238,34,PLAZA ST E,,3,1170,9,A,1,,NON-EVICT COOP/CONDO,
3011700005,11238,36,PLAZA ST E,,3,1170,5,A,0,,,
3011700001,11238,50,PLAZA ST E,,3,1170,1,A,1,,NON-EVICT COOP/CONDO,
3011710019,11238,60,PLAZA ST E,,3,1171,19,A,1,,NON-EVICT COOP/CONDO,
3011510093,11238,149,PROSPECT,PL,3,1151,93,A,0,,,
3011510090,11238,155,PROSPECT,PL,3,1151,90,A,0,,,
3011580016,11238,170,PROSPECT,PL,3,1158,16,A,0,,,
3011580021,11238,180 TO 182,PROSPECT,PL,3,1158,21,A,0,,,
3011580023,11238,186,PROSPECT,PL,3,1158,23,A,0,,,
3011580037,11238,214,PROSPECT,PL,3,1158,37,A,0,,,
3011527502,11238,233,PROSPECT,PL,3,1152,7502,A,1,,NON-EVICT COOP/CONDO,
3011520092,11238,239,PROSPECT,PL,3,1152,92,A,0,,,
3011520088,11238,249,PROSPECT,PL,3,1152,88,A,0,,,
3011590017,11238,252,PROSPECT,PL,3,1159,17,A,0,,,
3011520078,11238,269,PROSPECT,PL,3,1152,78,A,0,,,
3011520071,11238,285,PROSPECT,PL,3,1152,71,A,1,,NON-EVICT COOP/CONDO,
3011520062,11238,305,PROSPECT,PL,3,1152,62,A,1,,NON-EVICT COOP/CONDO,
3011590041,11238,306,PROSPECT,PL,3,1159,41,A,0,,,
3011520060,11238,307,PROSPECT,PL,3,1152,60,A,1,,NON-EVICT COOP/CONDO,
3011530058,11238,333 TO 335,PROSPECT,PL,3,1153,58,A,0,,,
3011530057,11238,337 TO 339,PROSPECT,PL,3,1153,57,A,0,,,
3011530055,11238,341,PROSPECT,PL,3,1153,55,A,0,,,
3011530054,11238,345,PROSPECT,PL,3,1153,54,A,0,,,
3011600027,11238,364,PROSPECT,PL,3,1160,27,A,0,,,
3011600032,11238,382,PROSPECT,PL,3,1160,32,A,1,,NON-EVICT COOP/CONDO,
3011600035,11238,386,PROSPECT,PL,3,1160,35,B,0,,,
3011550088,11238,417,PROSPECT,PL,3,1155,88,A,0,,,
3011620016,11238,420,PROSPECT,PL,3,1162,16,A,0,,SECTION 610 OF PHFL,
3011620018,11238,424,PROSPECT,PL,3,1162,18,A,0,J-51,J-51 ARTICLES 14 & 15,
3011550077,11238,451,PROSPECT,PL,3,1155,77,B,0,,,
3011550076,11238,455,PROSPECT,PL,3,1155,76,A,0,,,
3011620032,11238,456,PROSPECT,PL,3,1162,32,A,0,,GARDEN COMPLEX,
3011550074,11238,459,PROSPECT,PL,3,1155,74,A,0,J-51,J-51 ARTICLES 14 & 15,
3011620035,11238,462,PROSPECT,PL,3,1162,35,A,0,,,
3011550072,11238,465,PROSPECT,PL,3,1155,72,B,0,J-51,GARDEN COMPLEX J-51,
3011550070,11238,469,PROSPECT,PL,3,1155,70,A,0,,GARDEN COMPLEX SECTION 610 OF PHFL,
3011550068,11238,471,PROSPECT,PL,3,1155,68,A,0,J-51,J-51 ARTICLES 14 & 15,
3011620043,11238,478,PROSPECT,PL,3,1162,43,A,0,,,
3011550066,11238,479,PROSPECT,PL,3,1155,66,A,0,,,
3011550063,11238,487,PROSPECT,PL,3,1155,63,A,0,,,
3011550059,11238,489,PROSPECT,PL,3,1155,59,A,0,,,
3011550058,11238,493,PROSPECT,PL,3,1155,58,A,0,,,
3011560090,11238,523,PROSPECT,PL,3,1156,90,A,0,,ARTICLE 11,
3011560080,11238,545 TO 555,PROSPECT,PL,3,1156,80,A,0,,ARTICLE 11,
3011630023,11238,550,PROSPECT,PL,3,1163,23,A,0,421-A (16),421-A (16),
3011630031,11238,560,PROSPECT,PL,3,1163,31,A,0,,,
3011560070,11238,565,PROSPECT,PL,3,1156,70,A,0,,ARTICLE 11,
3011630035,11238,572,PROSPECT,PL,3,1163,35,A,0,,ARTICLE 11,
3011560067,11238,581,PROSPECT,PL,3,1156,67,A,0,,,
3011560066,11238,585,PROSPECT,PL,3,1156,66,A,0,,,
3011630041,11238,586,PROSPECT,PL,3,1163,41,A,0,,,
3011560064,11238,591,PROSPECT,PL,3,1156,64,A,0,,,
3011630043,11238,592,PROSPECT,PL,3,1163,43,A,0,,,
3011560062,11238,597,PROSPECT,PL,3,1156,62,A,0,,,
3019820077,11238,27 TO 29,PUTNAM,AVE,3,1982,77,A,0,J-51,J-51,
3019920020,11238,40,PUTNAM,AVE,3,1992,20,A,0,,,
3019930029,11238,68,PUTNAM,AVE,3,1993,29,A,0,,,
3019890057,11238,111,PUTNAM,AVE,3,1989,57,A,0,,GARDEN COMPLEX,
3019890054,11238,121,PUTNAM,AVE,3,1989,54,A,0,,GARDEN COMPLEX,
3019890052,11238,125,PUTNAM,AVE,3,1989,52,A,0,,GARDEN COMPLEX,
3019890050,11238,129,PUTNAM,AVE,3,1989,50,A,0,J-51,J-51,
3019690074,11238,3,QUINCY,ST,3,1969,74,B,0,,,
3019690033,11238,15,QUINCY,ST,3,1969,33,A,0,,,32 LEXINGTON AVE
3019720010,11238,26,QUINCY,ST,3,1972,10,A,0,421-A (16),421-A (16),
3019700001,11238,51,QUINCY,ST,3,1970,1,A,0,,,
3019730039,11238,102,QUINCY,ST,3,1973,39,A,0,,GARDEN COMPLEX,
3019700042,11238,103,QUINCY,ST,3,1970,42,A,0,,,
3019700041,11238,105,QUINCY,ST,3,1970,41,A,0,J-51,J-51 SEC 608,
3019460029,11238,64,SAINT JAMES,PL,3,1946,29,A,0,J-51,J-51,
3019460004,11238,76,SAINT JAMES,PL,3,1946,4,A,0,,,
3019630049,11238,118,SAINT JAMES,PL,3,1963,49,A,0,,,
3019640013,11238,125,SAINT JAMES,PL,3,1964,13,A,0,,,
3019630064,11238,148 TO 150,SAINT JAMES,PL,3,1963,64,A,0,,,
3019807502,11238,207,SAINT JAMES,PL,3,1980,7502,A,1,,NON-EVICT COOP/CONDO,
3019790039,11238,218,SAINT JAMES,PL,3,1979,39,A,0,J-51,J-51 SEC 608,
3019790040,11238,220,SAINT JAMES,PL,3,1979,40,A,0,,,
3019790047,11238,234,SAINT JAMES,PL,3,1979,47,A,0,,,
3020130041,11238,260,SAINT JAMES,PL,3,2013,41,A,0,,,
3020130141,11238,262,SAINT JAMES,PL,3,2013,141,A,0,,,
3020130056,11238,290,SAINT JAMES,PL,3,2013,56,A,0,,,
3011710014,11238,285,SAINT JOHNS,PL,3,1171,14,A,0,,,
3011720025,11238,292,SAINT JOHNS,PL,3,1172,25,A,0,,,
3011720027,11238,298 TO 310,SAINT JOHNS,PL,3,1172,27,A,0,,,
3011760005,11238,326,SAINT JOHNS,PL,3,1176,5,A,0,,,
3011730090,11238,341,SAINT JOHNS,PL,3,1173,90,A,0,,,
3011730088,11238,345,SAINT JOHNS,PL,3,1173,88,A,0,,,
3011730086,11238,349,SAINT JOHNS,PL,3,1173,86,A,0,,,
3011760013,11238,352,SAINT JOHNS,PL,3,1176,13,A,0,,,
3011737503,11238,355,SAINT JOHNS,PL,3,1173,7503,A,0,,,
3011760015,11238,356,SAINT JOHNS,PL,3,1176,15,A,0,,,
3011730082,11238,359,SAINT JOHNS,PL,3,1173,82,A,0,,,
3011730080,11238,365,SAINT JOHNS,PL,3,1173,80,A,1,,NON-EVICT COOP/CONDO,
3011730078,11238,369,SAINT JOHNS,PL,3,1173,78,A,0,,,
3011760020,11238,372,SAINT JOHNS,PL,3,1176,20,B,0,,,
3011760023,11238,380,SAINT JOHNS,PL,3,1176,23,A,0,,,
3011730076,11238,383,SAINT JOHNS,PL,3,1173,76,A,0,,,
3011760024,11238,384,SAINT JOHNS,PL,3,1176,24,A,0,,,
3011760025,11238,388,SAINT JOHNS,PL,3,1176,25,A,0,,,
3011730074,11238,391,SAINT JOHNS,PL,3,1173,74,A,0,,,
3011760027,11238,392 TO 406,SAINT JOHNS,PL,3,1176,27,A,0,,,
3011730072,11238,395,SAINT JOHNS,PL,3,1173,72,A,0,,,
3011730070,11238,399,SAINT JOHNS,PL,3,1173,70,A,0,,,
3011730067,11238,403,SAINT JOHNS,PL,3,1173,67,A,0,,,
3011760032,11238,408 TO 416,SAINT JOHNS,PL,3,1176,32,A,1,,NON-EVICT COOP/CONDO,
3011730065,11238,411,SAINT JOHNS,PL,3,1173,65,A,0,,,
3011730063,11238,415,SAINT JOHNS,PL,3,1173,63,B,1,,COOP/CONDO PLAN FILE,
3011730060,11238,417,SAINT JOHNS,PL,3,1173,60,A,0,,,
3011760036,11238,418,SAINT JOHNS,PL,3,1176,36,A,1,,NON-EVICT COOP/CONDO,
3011737502,11238,427,SAINT JOHNS,PL,3,1173,7502,A,0,,,
3011760040,11238,440,SAINT JOHNS,PL,3,1176,40,A,0,,,
3011760042,11238,446 TO 448,SAINT JOHNS,PL,3,1176,42,A,0,,,
3011767502,11238,450,SAINT JOHNS,PL,3,1176,7502,A,0,,SECTION 610 OF PHFL,816 WASHINGTON AVE
3011740063,11238,461,SAINT JOHNS,PL,3,1174,63,B,0,,,
3011740059,11238,469,SAINT JOHNS,PL,3,1174,59,A,0,,,
3011740057,11238,473,SAINT JOHNS,PL,3,1174,57,A,0,,,
3011740056,11238,477,SAINT JOHNS,PL,3,1174,56,A,0,,,
3011740054,11238,485,SAINT JOHNS,PL,3,1174,54,A,0,,,
3011740053,11238,487,SAINT JOHNS,PL,3,1174,53,A,0,,,
3011740049,11238,495,SAINT JOHNS,PL,3,1174,49,A,0,421-A (16),421-A (16),
3011740046,11238,499,SAINT JOHNS,PL,3,1174,46,A,0,,,
3011770017,11238,500,SAINT JOHNS,PL,3,1177,17,A,0,,,
3011780015,11238,540,SAINT JOHNS,PL,3,1178,15,A,0,,,
3011780019,11238,550,SAINT JOHNS,PL,3,1178,19,A,0,,,
3011780021,11238,554,SAINT JOHNS,PL,3,1178,21,A,0,,,
3011750088,11238,561,SAINT JOHNS,PL,3,1175,88,A,0,,,
3011780026,11238,564 TO 570,SAINT JOHNS,PL,3,1178,26,A,0,421-A (1-15),GARDEN COMPLEX 421-A (1-15),
3011750085,11238,567,SAINT JOHNS,PL,3,1175,85,A,0,,,
3011750083,11238,575,SAINT JOHNS,PL,3,1175,83,A,0,,,
3011750082,11238,577,SAINT JOHNS,PL,3,1175,82,A,0,,,
3011750081,11238,579,SAINT JOHNS,PL,3,1175,81,A,0,,,
3011750071,11238,605,SAINT JOHNS,PL,3,1175,71,A,0,,,
3011750068,11238,611,SAINT JOHNS,PL,3,1175,68,A,0,,ARTICLE 11,
3011750067,11238,615,SAINT JOHNS,PL,3,1175,67,A,0,,,
3011750064,11238,617,SAINT JOHNS,PL,3,1175,64,A,0,,,
3011780042,11238,621 TO 624,SAINT JOHNS,PL,3,1178,42,A,0,,,
3011440073,11238,187,SAINT MARKS,AVE,3,1144,73,A,0,,,
3011440068,11238,197,SAINT MARKS,AVE,3,1144,68,B,0,,,
3011510034,11238,204,SAINT MARKS,AVE,3,1151,34,A,0,,,
3011510035,11238,206,SAINT MARKS,AVE,3,1151,35,A,0,,,
3011520025,11238,262,SAINT MARKS,AVE,3,1152,25,A,0,,,
3011460046,11238,317,SAINT MARKS,AVE,3,1146,46,A,0,,,
3011460039,11238,331 TO 333,SAINT MARKS,AVE,3,1146,39,A,0,,,686 WASHINGTON AVE
3011530026,11238,342,SAINT MARKS,AVE,3,1153,26,A,0,,,
3011470038,11238,357,SAINT MARKS,AVE,3,1147,38,A,0,,,
3011540018,11238,372,SAINT MARKS,AVE,3,1154,18,A,0,,,
3011550014,11238,388,SAINT MARKS,AVE,3,1155,14,A,0,,,
3011550016,11238,392,SAINT MARKS,AVE,3,1155,16,A,0,,,
3011550018,11238,396,SAINT MARKS,AVE,3,1155,18,A,0,,,
3011480080,11238,397 TO 413,SAINT MARKS,AVE,3,1148,80,A,0,,,
3011550020,11238,400,SAINT MARKS,AVE,3,1155,20,A,0,,,
3011550021,11238,406,SAINT MARKS,AVE,3,1155,21,A,0,,,
3011550023,11238,408,SAINT MARKS,AVE,3,1155,23,A,0,,,
3011550024,11238,410,SAINT MARKS,AVE,3,1155,24,A,0,,,
3011550026,11238,412,SAINT MARKS,AVE,3,1155,26,A,0,,,
3011550027,11238,414,SAINT MARKS,AVE,3,1155,27,A,0,,,
3011550029,11238,416,SAINT MARKS,AVE,3,1155,29,A,0,,,
3011550047,11238,446 TO 456,SAINT MARKS,AVE,3,1155,47,B,0,J-51,GARDEN COMPLEX J-51,
3011490095,11238,459,SAINT MARKS,AVE,3,1149,95,A,0,,,
3011490018,11238,467 TO 475,SAINT MARKS,AVE,3,1149,18,A,0,421-A (1-15),421-A (1-15) ARTICLE 11,
3011560015,11238,480,SAINT MARKS,AVE,3,1156,15,A,0,,ARTICLE 11,
3011490084,11238,483,SAINT MARKS,AVE,3,1149,84,A,0,,,
3011490083,11238,485,SAINT MARKS,AVE,3,1149,83,A,0,,,
3011490081,11238,489,SAINT MARKS,AVE,3,1149,81,A,0,,,
3011490072,11238,497,SAINT MARKS,AVE,3,1149,72,A,0,,,505 SAINT MARKS AVE
3011560025,11238,500,SAINT MARKS,AVE,3,1156,25,A,0,,ARTICLE 11,
3011490068,11238,515,SAINT MARKS,AVE,3,1149,68,A,0,,,
3011490065,11238,521,SAINT MARKS,AVE,3,1149,65,A,0,,,
3011560045,11238,542,SAINT MARKS,AVE,3,1156,45,A,0,,GARDEN COMPLEX,
3011560051,11238,552,SAINT MARKS,AVE,3,1156,51,A,0,,ARTICLE 11,
3011640082,11238,189,STERLING,PL,3,1164,82,A,0,,,
3011690009,11238,200,STERLING,PL,3,1169,9,A,0,,,381395 FLATBUSH AVE
3011690019,11238,210 TO 216,STERLING,PL,3,1169,19,B,0,,GARDEN COMPLEX,
3011640064,11238,215 TO 235,STERLING,PL,3,1164,64,A,0,,,
3011650056,11238,327,STERLING,PL,3,1165,56,A,0,,,
3011710052,11238,340,STERLING,PL,3,1171,52,A,0,J-51,GARDEN COMPLEX J-51,
3011650054,11238,357,STERLING,PL,3,1165,54,A,0,,GARDEN COMPLEX,
3011660001,11238,361,STERLING,PL,3,1166,1,A,1,,NON-EVICT COOP/CONDO,
3011660066,11238,425,STERLING,PL,3,1166,66,A,0,,,
3011660064,11238,429,STERLING,PL,3,1166,64,A,0,,,
3011730041,11238,436,STERLING,PL,3,1173,41,A,1,,NON-EVICT COOP/CONDO,
3011730043,11238,442,STERLING,PL,3,1173,43,A,0,,,
3011670067,11238,495,STERLING,PL,3,1167,67,A,0,,,
3011740021,11238,500,STERLING,PL,3,1174,21,A,0,,GARDEN COMPLEX,
3011740028,11238,516,STERLING,PL,3,1174,28,A,0,,,
3011750018,11238,564,STERLING,PL,3,1175,18,A,0,J-51,GARDEN COMPLEX J-51,
3011750019,11238,566,STERLING,PL,3,1175,19,A,0,J-51,GARDEN COMPLEX J-51,
3011750026,11238,582,STERLING,PL,3,1175,26,A,0,,SECTION 610 OF PHFL ARTICLE 11,
3011750033,11238,600,STERLING,PL,3,1175,33,B,0,,,
3011750037,11238,608,STERLING,PL,3,1175,37,A,0,421-A (1-15),421-A (1-15),
3011680085,11238,611,STERLING,PL,3,1168,85,A,0,,,
3011680084,11238,613,STERLING,PL,3,1168,84,A,0,,GARDEN COMPLEX,
3011680082,11238,615,STERLING,PL,3,1168,82,A,0,,SECTION 610 OF PHFL,
3011680081,11238,617,STERLING,PL,3,1168,81,A,0,,,
3011750045,11238,628,STERLING,PL,3,1175,45,A,0,J-51,J-51 ARTICLES 14 & 15,
3011680072,11238,629,STERLING,PL,3,1168,72,A,0,,,
3011680063,11238,637,STERLING,PL,3,1168,63,A,0,,,
3011680062,11238,639,STERLING,PL,3,1168,62,A,0,,,
3011680060,11238,649,STERLING,PL,3,1168,60,B,0,,,
3011220043,11238,20,UNDERHILL,AVE,3,1122,43,A,0,421-A (1-15),421-A (1-15),
3011310003,11238,41,UNDERHILL,AVE,3,1131,3,A,0,J-51,J-51,
3011460004,11238,79,UNDERHILL,AVE,3,1146,4,A,0,,,
3011530071,11238,117,UNDERHILL,AVE,3,1153,71,A,0,421-A (1-15),421-A (1-15),
3011590043,11238,118,UNDERHILL,AVE,3,1159,43,A,0,,,
3011730007,11238,195,UNDERHILL,AVE,3,1173,7,A,0,,,
3011730001,11238,203,UNDERHILL,AVE,3,1173,1,A,0,,,
3019600011,11238,443 TO 447,VANDERBILT,AVE,3,1960,11,A,0,421-A (16),421-A (16),
3019607502,11238,467,VANDERBILT,AVE,3,1960,7502,A,0,421-A (1-15),421-A (1-15),
3019760002,11238,471,VANDERBILT,AVE,3,1976,2,A,0,,,
3020100021,11238,499,VANDERBILT,AVE,3,2010,21,A,0,,,
3020107505,11238,539 TO 545,VANDERBILT,AVE,3,2010,7505,A,0,421-A (16),421-A (16),805 ATLANTIC AVE
3011370051,11238,560,VANDERBILT,AVE,3,1137,51,A,0,,,
3011370053,11238,564,VANDERBILT,AVE,3,1137,53,A,0,,,
3011370054,11238,566,VANDERBILT,AVE,3,1137,54,A,0,,,
3011370056,11238,570,VANDERBILT,AVE,3,1137,56,B,0,,,
3011300004,11238,577,VANDERBILT,AVE,3,1130,4,A,0,J-51,J-51,
3011440053,11238,580,VANDERBILT,AVE,3,1144,53,B,0,J-51,GARDEN COMPLEX J-51,
3011440059,11238,592,VANDERBILT,AVE,3,1144,59,A,0,,,
3011440060,11238,594,VANDERBILT,AVE,3,1144,60,B,0,J-51,GARDEN COMPLEX J-51,
3011590004,11238,665,VANDERBILT,AVE,3,1159,4,A,0,,,
3011590003,11238,667,VANDERBILT,AVE,3,1159,3,A,0,,,
3011650011,11238,675,VANDERBILT,AVE,3,1165,11,A,1,,NON-EVICT COOP/CONDO,
3011650006,11238,681,VANDERBILT,AVE,3,1165,6,A,0,,,
3019630036,11238,395,WASHINGTON,AVE,3,1963,36,A,0,,,
3019630032,11238,401,WASHINGTON,AVE,3,1963,32,A,0,,,
3019630028,11238,407,WASHINGTON,AVE,3,1963,28,A,0,,,
3019630025,11238,415,WASHINGTON,AVE,3,1963,25,A,0,,,
3019797503,11238,473 TO 475,WASHINGTON,AVE,3,1979,7503,A,1,,BANK NON-EVICT COOP/CONDO,
3019620077,11238,478,WASHINGTON,AVE,3,1962,77,B,0,,,
3019790005,11238,493,WASHINGTON,AVE,3,1979,5,A,0,,,
3019790003,11238,495,WASHINGTON,AVE,3,1979,3,A,0,,,
3019790001,11238,499,WASHINGTON,AVE,3,1979,1,A,0,,,
3019780025,11238,500,WASHINGTON,AVE,3,1978,25,A,0,,,
3019780029,11238,506,WASHINGTON,AVE,3,1978,29,A,0,,GARDEN COMPLEX,
3020130018,11238,533,WASHINGTON,AVE,3,2013,18,A,0,,,
3020120048,11238,558,WASHINGTON,AVE,3,2012,48,A,0,,,
3011460023,11238,660,WASHINGTON,AVE,3,1146,23,A,0,,,
3011460026,11238,664,WASHINGTON,AVE,3,1146,26,A,0,,,
3011460035,11238,684,WASHINGTON,AVE,3,1146,35,A,0,,,
3011530133,11238,694,WASHINGTON,AVE,3,1153,133,A,0,J-51,J-51,
3011600042,11238,732,WASHINGTON,AVE,3,1160,42,A,0,,,
3011670003,11238,737,WASHINGTON,AVE,3,1167,3,A,0,,,
3011600044,11238,738,WASHINGTON,AVE,3,1160,44,A,0,,,
3011670002,11238,741,WASHINGTON,AVE,3,1167,2,A,0,,,
3011600045,11238,742,WASHINGTON,AVE,3,1160,45,A,0,,,
3011660053,11238,750,WASHINGTON,AVE,3,1166,53,A,0,,,
3011660054,11238,754,WASHINGTON,AVE,3,1166,54,A,0,,,
3011730049,11238,790,WASHINGTON,AVE,3,1173,49,A,0,,,
3011730050,11238,794,WASHINGTON,AVE,3,1173,50,A,0,,,
3011730051,11238,798,WASHINGTON,AVE,3,1173,51,A,0,,,
3011730053,11238,802,WASHINGTON,AVE,3,1173,53,A,0,,,
3011737501,11238,806,WASHINGTON,AVE,3,1173,7501,A,1,,NON-EVICT COOP/CONDO,
3011730055,11238,810,WASHINGTON,AVE,3,1173,55,A,0,,,
3011760093,11238,820,WASHINGTON,AVE,3,1176,93,A,0,,,
3011760094,11238,824,WASHINGTON,AVE,3,1176,94,A,0,,,
3011760097,11238,836,WASHINGTON,AVE,3,1176,97,A,0,,,
3020120001,11238,539 TO 557,WAVERLY,AVE,3,2012,1,A,0,421-A (16),421-A (16),
3020110060,11238,540,WAVERLY,AVE,3,2011,60,A,0,421-A (16),421-A (16),
3044520440,11239,1111,ASHFORD,ST,3,4452,440,A,0,,SECTION 610 OF PHFL,
3044520469,11239,1113,ASHFORD,ST,3,4452,469,A,0,,,
3044520468,11239,1115,ASHFORD,ST,3,4452,468,A,0,,,
3044520467,11239,1117,ASHFORD,ST,3,4452,467,A,0,,,
3044520466,11239,1119,ASHFORD,ST,3,4452,466,A,0,,,
3044520465,11239,1121,ASHFORD,ST,3,4452,465,A,0,,,
3044520464,11239,1123,ASHFORD,ST,3,4452,464,A,0,,,
3044487501,11239,1152,ELTON,ST,3,4448,7501,B,0,,,
3045860200,11239,881,ERSKINE,ST,3,4586,200,A,0,J-51,GARDEN COMPLEX J-51,
3045860001,11239,911,ERSKINE,ST,3,4586,1,A,0,J-51,GARDEN COMPLEX J-51,
3044527506,11239,127,GATEWAY,DR,3,4452,7506,A,0,,,
3044477502,11239,475,LOCKE,ST,3,4447,7502,B,0,,,
3082350140,11239,636,LOUISIANA,AVE,3,8235,140,A,0,421-A (1-15),GARDEN COMPLEX 421-A (1-15),
3044520417,11239,498,SCHROEDERS,AVE,3,4452,417,A,0,,,
3044520418,11239,500,SCHROEDERS,AVE,3,4452,418,A,0,,,
3044520419,11239,502,SCHROEDERS,AVE,3,4452,419,A,0,,,
3044520420,11239,504,SCHROEDERS,AVE,3,4452,420,A,0,,,
3044520423,11239,516,SCHROEDERS,AVE,3,4452,423,A,0,,SECTION 610 OF PHFL,
3044527505,11239,526,SCHROEDERS,AVE,3,4452,7505,B,0,,,
3045860501,11239,11629,SEAVIEW,AVE,3,4586,501,A,0,J-51,GARDEN COMPLEX J-51,
3044520290,11239,475 TO 477,VANDALIA,AVE,3,4452,290,A,0,,SECTION 610 OF PHFL,
3044520289,11239,479,VANDALIA,AVE,3,4452,289,A,0,,,
3044520288,11239,481,VANDALIA,AVE,3,4452,288,A,0,,,
3044520287,11239,483,VANDALIA,AVE,3,4452,287,A,0,,,
3044520286,11239,485,VANDALIA,AVE,3,4452,286,A,0,,,
3044520285,11239,487,VANDALIA,AVE,3,4452,285,A,0,,,
3044520284,11239,489,VANDALIA,AVE,3,4452,284,A,0,,,
3044520283,11239,491,VANDALIA,AVE,3,4452,283,A,0,,,
3044520282,11239,493,VANDALIA,AVE,3,4452,282,A,0,,,
3044520441,11239,494,VANDALIA,AVE,3,4452,441,A,0,,,
3044520281,11239,495,VANDALIA,AVE,3,4452,281,A,0,,,
3044520442,11239,496,VANDALIA,AVE,3,4452,442,A,0,,,
3044520280,11239,497,VANDALIA,AVE,3,4452,280,A,0,,,
3044520443,11239,498,VANDALIA,AVE,3,4452,443,A,0,,,
3044520444,11239,500,VANDALIA,AVE,3,4452,444,A,0,,,
3044520445,11239,502,VANDALIA,AVE,3,4452,445,A,0,,,
3044520446,11239,504,VANDALIA,AVE,3,4452,446,A,0,,,
3044520447,11239,506,VANDALIA,AVE,3,4452,447,A,0,,,
3044520448,11239,508,VANDALIA,AVE,3,4452,448,A,0,,,
3044520449,11239,510,VANDALIA,AVE,3,4452,449,A,0,,,
3044527503,11239,516,VANDALIA,AVE,3,4452,7503,B,0,,,
3044527504,11239,524,VANDALIA,AVE,3,4452,7504,B,0,,,
3045867502,11239,702,VANDALIA,AVE,3,4586,7502,A,0,J-51,GARDEN COMPLEX J-51,
3022900017,11249,94,BEDFORD,AVE,3,2290,17,A,0,,,
3022900019,11249,98,BEDFORD,AVE,3,2290,19,A,0,,,
3022900020,11249,100,BEDFORD,AVE,3,2290,20,A,0,,,
3022900022,11249,104,BEDFORD,AVE,3,2290,22,A,0,,,
3022900023,11249,106,BEDFORD,AVE,3,2290,23,A,0,,,
3022900024,11249,108,BEDFORD,AVE,3,2290,24,A,0,,,
3022970018,11249,120,BEDFORD,AVE,3,2297,18,A,0,,,
3022970020,11249,124,BEDFORD,AVE,3,2297,20,A,0,,,
3023110022,11249,148,BEDFORD,AVE,3,2311,22,A,0,,,
3023517501,11249,250,BEDFORD,AVE,3,2351,7501,A,0,,GARDEN COMPLEX,
3023650019,11249,268,BEDFORD,AVE,3,2365,19,A,0,,,
3023927504,11249,292,BEDFORD,AVE,3,2392,7504,A,0,,,166170 GRAND ST
3023920030,11249,300,BEDFORD,AVE,3,2392,30,A,0,,,
3024057503,11249,310,BEDFORD,AVE,3,2405,7503,A,0,421-A (1-15),421-A (1-15),
3024050023,11249,312,BEDFORD,AVE,3,2405,23,A,0,,,
3024050027,11249,320 TO 322,BEDFORD,AVE,3,2405,27,A,0,421-A (1-15),GARDEN COMPLEX 421-A (1-15),
3024170021,11249,326,BEDFORD,AVE,3,2417,21,A,0,,,328 BEDFORD AVE
3024300021,11249,350,BEDFORD,AVE,3,2430,21,A,0,,,
3024300022,11249,352,BEDFORD,AVE,3,2430,22,A,0,,,
3024307501,11249,354 TO 356,BEDFORD,AVE,3,2430,7501,A,0,,GARDEN COMPLEX,
3024430026,11249,370 TO 372,BEDFORD,AVE,3,2443,26,A,0,,GARDEN COMPLEX,
3021370020,11249,420,BEDFORD,AVE,3,2137,20,A,0,,,
3021370014,11249,424,BEDFORD,AVE,3,2137,14,A,0,421-A (1-15),421-A (1-15),
3021460023,11249,454 TO 458,BEDFORD,AVE,3,2146,23,B,0,,,
3022890014,11249,34 TO 42,BERRY,ST,3,2289,14,A,0,421-A (1-15),421-A (1-15),
3022897501,11249,44 TO 48,BERRY,ST,3,2289,7501,A,0,,,
3023040001,11249,79,BERRY,ST,3,2304,1,A,0,,,
3023100024,11249,84,BERRY,ST,3,2310,24,A,0,,,
3023100028,11249,92,BERRY,ST,3,2310,28,A,0,,,
3023100030,11249,96,BERRY,ST,3,2310,30,A,0,,,
3023180017,11249,98,BERRY,ST,3,2318,17,A,0,,,
3023190008,11249,103,BERRY,ST,3,2319,8,B,0,,,
3023190006,11249,107,BERRY,ST,3,2319,6,A,0,,,
3023180024,11249,114 TO 116,BERRY,ST,3,2318,24,A,0,,,
3023190002,11249,119,BERRY,ST,3,2319,2,A,0,421-A (1-15),421-A (1-15),
3023190001,11249,123,BERRY,ST,3,2319,1,A,0,,,
3023270001,11249,143,BERRY,ST,3,2327,1,A,0,,,
3023350004,11249,151,BERRY,ST,3,2335,4,A,0,,,
3023640025,11249,224,BERRY,ST,3,2364,25,A,0,,,
3023790024,11249,236,BERRY,ST,3,2379,24,A,0,421-A (16),421-A (16),
3024717501,11249,369,BERRY,ST,3,2471,7501,B,0,421-A (1-15),421-A (1-15),
3021310001,11249,379 TO 389,BERRY,ST,3,2131,1,A,0,,,
3024707501,11249,53,BROADWAY,,3,2470,7501,A,0,421-A (1-15),421-A (1-15),
3021300017,11249,84 TO 88,BROADWAY,,3,2130,17,A,0,J-51,GARDEN COMPLEX J-51,
3021310008,11249,110,BROADWAY,,3,2131,8,A,0,421-A (1-15),GARDEN COMPLEX 421-A (1-15),
3024710012,11249,111,BROADWAY,,3,2471,12,A,0,,,
3021570037,11249,77,DIVISION,AVE,3,2157,37,A,0,,,
3024680026,11249,7,DUNHAM,PL,3,2468,26,A,0,,,
3023780030,11249,59,GRAND,ST,3,2378,30,A,0,,,
3023800001,11249,127 TO 131,GRAND,ST,3,2380,1,A,0,,,
3023920008,11249,130,GRAND,ST,3,2392,8,A,0,421-A (16),421-A (16),
3023800041,11249,133,GRAND,ST,3,2380,41,A,0,,,
3023800040,11249,135,GRAND,ST,3,2380,40,A,0,,,
3023920018,11249,150,GRAND,ST,3,2392,18,A,0,,,
3023920020,11249,154 TO 156,GRAND,ST,3,2392,20,A,0,,,
3023920023,11249,160,GRAND,ST,3,2392,23,A,0,421-A (1-15),GARDEN COMPLEX 421-A (1-15),
3023920024,11249,164,GRAND,ST,3,2392,24,A,0,421-A (1-15),GARDEN COMPLEX 421-A (1-15),
3023170005,11249,103 TO 117,KENT,AVE,3,2317,5,A,0,,,
3023250007,11249,121,KENT,AVE,3,2325,7,A,0,,,
3023337501,11249,149,KENT,AVE,3,2333,7501,A,0,,,55 N 5TH ST
3023487501,11249,184 TO 198,KENT,AVE,3,2348,7501,A,0,J-51,GARDEN COMPLEX J-51,
3023577505,11249,187,KENT,AVE,3,2357,7505,A,0,421-A (16),421-A (16),
3024147501,11249,266 TO 268,KENT,AVE,3,2414,7501,A,0,421-A (1-15),421-A (1-15),24 GRAND ST
3024287502,11249,317 TO 329,KENT,AVE,3,2428,7502,A,0,421-A (1-15),421-A (1-15),26 S 3RD ST
3021280005,11249,416,KENT,AVE,3,2128,5,A,0,421-A (16),421-A (16),
3021340056,11249,420 TO 428,KENT,AVE,3,2134,56,A,0,421-A (1-15),421-A (1-15),
3021347502,11249,450 TO 454,KENT,AVE,3,2134,7502,A,0,,SECTION 610 OF PHFL,
3023587503,11249,135,METROPOLITAN,AVE,3,2358,7503,A,0,J-51,J-51,
3023780011,11249,50,N 1ST,ST,3,2378,11,A,0,,GARDEN COMPLEX,
3023780021,11249,74,N 1ST,ST,3,2378,21,A,0,421-A (16),GARDEN COMPLEX 421-A (16),
3023577502,11249,58,N 3RD,ST,3,2357,7502,A,0,421-A (1-15),421-A (1-15),
3023507501,11249,85,N 3RD,ST,3,2350,7501,A,0,J-51,GARDEN COMPLEX J-51,
3023587504,11249,92 TO 94,N 3RD,ST,3,2358,7504,A,0,421-A (1-15),421-A (1-15),
3023400004,11249,1,N 4TH,PL,3,2340,4,A,0,421-A (1-15),421-A (1-15),
3023490015,11249,36 TO 40,N 4TH,ST,3,2349,15,A,0,,,
3023410009,11249,50,N 5TH,ST,3,2341,9,A,0,421-A (1-15),421-A (1-15),
3023420019,11249,96,N 5TH,ST,3,2342,19,A,0,421-A (1-15),421-A (1-15),
3023240030,11249,2,N 6TH,PL,3,2324,30,A,0,421-A (1-15),421-A (1-15),
3023327501,11249,34,N 6TH,ST,3,2332,7501,A,0,421-A (1-15),421-A (1-15) SECTION 610 OF PHFL,
3023250024,11249,65,N 6TH,ST,3,2325,24,A,0,,GARDEN COMPLEX,
3023260017,11249,114,N 7TH,ST,3,2326,17,A,0,,,
3023190029,11249,145,N 7TH,ST,3,2319,29,A,0,,,
3023270019,11249,154,N 7TH,ST,3,2327,19,A,0,421-A (1-15),421-A (1-15),
3023170010,11249,60,N 8TH,ST,3,2317,10,A,0,,,
3023100001,11249,93,N 8TH,ST,3,2310,1,A,0,,,
3023100041,11249,95,N 8TH,ST,3,2310,41,A,0,,,
3023180007,11249,102,N 8TH,ST,3,2318,7,A,0,,,
3023100036,11249,105,N 8TH,ST,3,2310,36,A,0,,,
3023180010,11249,106A,N 8TH,ST,3,2318,10,A,0,,,
3023180009,11249,106,N 8TH,ST,3,2318,9,A,0,,,
3023100035,11249,107,N 8TH,ST,3,2310,35,A,0,,,
3023100034,11249,109,N 8TH,ST,3,2310,34,A,0,,,
3023180011,11249,110,N 8TH,ST,3,2318,11,A,0,,,
3023180012,11249,112,N 8TH,ST,3,2318,12,A,0,,,
3023180013,11249,114,N 8TH,ST,3,2318,13,A,0,,,
3023180014,11249,116,N 8TH,ST,3,2318,14,A,0,,,
3023180015,11249,118,N 8TH,ST,3,2318,15,A,0,,,
3023110039,11249,135,N 8TH,ST,3,2311,39,A,0,,,
3023110038,11249,137,N 8TH,ST,3,2311,38,A,0,,,
3023110037,11249,139,N 8TH,ST,3,2311,37,A,0,,,
3023110035,11249,143,N 8TH,ST,3,2311,35,A,0,,,
3023110034,11249,145,N 8TH,ST,3,2311,34,A,0,,,
3023110033,11249,147,N 8TH,ST,3,2311,33,A,0,,,
3023190014,11249,148,N 8TH,ST,3,2319,14,A,0,,,
3023097502,11249,44 TO 60,N 9TH,ST,3,2309,7502,A,0,421-A (1-15),421-A (1-15),83 KENT AVE
3022100044,11249,87,PENN,ST,3,2210,44,A,0,421-A (1-15),GARDEN COMPLEX 421-A (1-15),
3022177505,11249,85,RUTLEDGE,ST,3,2217,7505,A,0,421-A (16),421-A (16),
3021350104,11249,26,S 10TH,ST,3,2135,104,A,0,,GARDEN COMPLEX,
3021350107,11249,42,S 10TH,ST,3,2135,107,A,0,,GARDEN COMPLEX,
3021460035,11249,81,S 10TH,ST,3,2146,35,A,0,421-A (1-15),421-A (1-15),
3021460034,11249,83,S 10TH,ST,3,2146,34,A,0,"421-A (1-15),J-51",J-51 421-A (1-15),
3021350103,11249,15 TO 33,S 11TH,ST,3,2135,103,A,0,,GARDEN COMPLEX,
3021560023,11249,55 TO 65,S 11TH,ST,3,2156,23,A,0,J-51,GARDEN COMPLEX J-51,
3024040019,11249,84,S 1ST,ST,3,2404,19,A,0,421-A (1-15),421-A (1-15),
3024040020,11249,88,S 1ST,ST,3,2404,20,A,0,421-A (1-15),421-A (1-15),
3024040021,11249,90,S 1ST,ST,3,2404,21,A,0,421-A (1-15),421-A (1-15),
3024177501,11249,120,S 2ND,ST,3,2417,7501,A,0,,,
3024430011,11249,94,S 4TH,ST,3,2443,11,A,0,,,
3024430023,11249,120,S 4TH,ST,3,2443,23,A,0,421-A (1-15),421-A (1-15),
3024430001,11249,95 TO 97,S 5TH,ST,3,2443,1,A,0,,,
3024437501,11249,105,S 5TH,ST,3,2443,7501,A,0,,,
3024557503,11249,73,S 6TH,ST,3,2455,7503,A,0,421-A (1-15),GARDEN COMPLEX 421-A (1-15),
3024557502,11249,75,S 6TH,ST,3,2455,7502,A,0,421-A (1-15),GARDEN COMPLEX 421-A (1-15),
3024557501,11249,77,S 6TH,ST,3,2455,7501,A,0,421-A (1-15),GARDEN COMPLEX 421-A (1-15),
3024567501,11249,113,S 6TH,ST,3,2456,7501,A,0,421-A (16),421-A (16),
3023187501,11249,131,WYTHE,AVE,3,2318,7501,A,0,,,
3023490018,11249,224,WYTHE,AVE,3,2349,18,A,0,,GARDEN COMPLEX,
3024160001,11249,321 TO 327,WYTHE,AVE,3,2416,1,A,0,421-A (16),421-A (16),
3024420001,11249,373,WYTHE,AVE,3,2442,1,A,0,421-A (1-15),421-A (1-15),
3024410024,11249,390,WYTHE,AVE,3,2441,24,A,0,J-51,J-51,
3024697503,11249,426 TO 432,WYTHE,AVE,3,2469,7503,A,0,421-A (16),GARDEN COMPLEX 421-A (16),
3021360009,11249,433,WYTHE,AVE,3,2136,9,A,0,,,
3021350001,11249,498 TO 526,WYTHE,AVE,3,2135,1,A,0,,GARDEN COMPLEX,
